gRNA,gene,T0_F,T0_M,T1_F,T1_M
Brie_Adam10_1,Adam10,139.862723927806,164.977978537023,1531.82736235748,607.87518242133
Brie_Adam10_2,Adam10,205.241727383627,212.290223463767,1522.64105133885,235.514990938095
Brie_Adam10_3,Adam10,179.845159112074,237.820982046878,1424.46235232718,749.862452986912
Brie_Adam10_4,Adam10,267.531959022637,258.174174204043,2002.05165762389,2201.09780876767
Brie_Adnp_1,Adnp,149.300637812504,146.053080566326,262.202626990224,662.807339306809
Brie_Adnp_2,Adnp,216.052428742463,225.680481461902,213.017586744613,364.386971451435
Brie_Adnp_3,Adnp,163.543307856686,168.90578754981,327.846474477557,433.194725058853
Brie_Adnp_4,Adnp,180.874749717678,123.021836809534,469.086006389079,440.227561753533
Brie_Agap1_1,Agap1,187.223891785566,202.827774478418,496.836320924541,686.186769399937
Brie_Agap1_2,Agap1,233.040673734921,226.394628555136,67.3762808033276,349.18083805753
Brie_Agap1_3,Agap1,232.869075300653,201.935090611876,318.086019020257,687.32722940448
Brie_Agap1_4,Agap1,223.774358284489,241.748791059664,912.134131558691,329.602941312879
Brie_Ago2_1,Ago2,264.443187205827,255.139049057799,740.656325877494,525.95213876167
Brie_Ago2_2,Ago2,145.010676955823,179.439457175009,192.157005473128,685.046309395395
Brie_Ago2_3,Ago2,175.555198255393,155.694066324983,540.47129826306,413.616828314201
Brie_Ago2_4,Ago2,148.785842509703,174.976037842297,335.884496618863,667.369179324981
Brie_Arih2_1,Arih2,189.45467143104,179.439457175009,341.434559525956,1216.12051817751
Brie_Arih2_2,Arih2,297.733283453672,285.668837293547,1155.37999207298,2289.67353578716
Brie_Arih2_3,Arih2,227.549523838369,258.352710977351,2567.58392970865,1934.23016770464
Brie_Arih2_4,Arih2,84.6080280937525,143.553565740007,188.520757361584,144.658343909516
Brie_Ass1_1,Ass1,164.916095330824,197.293134505856,384.49539242581,653.683659270467
Brie_Ass1_2,Ass1,123.38927423815,146.945764432868,318.660163458922,553.133102203274
Brie_Ass1_3,Ass1,226.519933232765,212.468760237075,511.189931891159,62.7353002498558
Brie_Ass1_4,Ass1,172.63802487285,221.21706212919,345.070807637499,118.427763805031
Brie_Atp2c1_1,Atp2c1,243.67977665949,213.004370557001,2157.07065606337,3832.33576859876
Brie_Atp2c1_2,Atp2c1,191.170655773712,169.084324323118,1940.42682120721,3480.12370386245
Brie_Atp2c1_3,Atp2c1,286.579385226301,277.813219267974,4561.97032815034,5241.75425754628
Brie_Atp2c1_4,Atp2c1,401.207139316822,345.8357298985,4855.93228074668,4511.2896246366
Brie_Bap1_1,Bap1,305.283614561431,240.141960099888,1688.3774126334,869.040523461638
Brie_Bap1_2,Bap1,132.312392820047,134.091116754659,1265.2329613375,256.613501022137
Brie_Bap1_3,Bap1,324.159442330828,294.774212732279,1141.21776258592,1264.39999170315
Brie_Bap1_4,Bap1,225.833539495696,206.577046717896,716.159496494465,1463.03010916103
Brie_Bmpr1a_1,Bmpr1a,103.48385586315,117.130123290354,3751.46976223531,85.1643470058648
Brie_Bmpr1a_2,Bmpr1a,204.898530515092,213.182907330309,113.88198033517,581.834678984268
Brie_Bmpr1a_3,Bmpr1a,217.082019348067,158.907728244535,671.567611758172,45.0581701794419
Brie_Bmpr1a_4,Bmpr1a,183.620324665954,176.582868802074,35.415573717658,96.5689470512932
Chopchop_Ccdc25_1,Ccdc25,188.253482391169,216.039495703245,611.473827177931,157.203403959487
Chopchop_Ccdc25_2,Ccdc25,158.223756394401,168.191640456576,208.23304975574,619.659935801606
Chopchop_Ccdc25_3,Ccdc25,174.010812346988,190.151663573517,1404.75005993302,1302.79547852276
Chopchop_Ccdc25_4,Ccdc25,167.318473410565,192.829715173144,1012.60940832502,214.226404186629
Brie_Ccdc71l_1,Ccdc71l,224.97554732436,230.143900794614,573.580294226059,565.678162253245
Brie_Ccdc71l_2,Ccdc71l,312.490748800656,262.994667083372,334.353444782424,444.029095102009
Brie_Ccdc71l_3,Ccdc71l,267.188762154103,204.434605438194,1933.34570646368,93.1475670376646
Brie_Ccdc71l_4,Ccdc71l,161.655725079746,236.571224633718,349.663963146817,352.222064736311
Brie_Cdkn1a_1,Cdkn1a,232.354279997852,233.893173034091,1633.25954652158,321.239567946231
Brie_Cdkn1a_2,Cdkn1a,324.502639199363,285.847374066855,1772.77664511711,324.851024627283
Brie_Cdkn1a_3,Cdkn1a,370.662618017252,407.073843143304,1472.11634073635,1318.00161191667
Brie_Cdkn1a_4,Cdkn1a,213.478452228454,219.788767942723,136.464994922649,424.831351692205
Brie_Chek2_1,Chek2,162.342118816815,142.12527155354,224.309094038352,335.875471337864
Brie_Chek2_2,Chek2,185.336309008626,141.589661233614,432.340762314537,625.36223582432
Brie_Chek2_3,Chek2,189.797868299574,200.863869972025,545.447216731488,517.96891872987
Brie_Chek2_4,Chek2,225.318744192894,196.221913866005,300.67030438076,615.858402453129
Brie_Chuk_1,Chuk,199.578979052808,197.471671279164,4192.41269112981,5710.10316607854
Brie_Chuk_2,Chuk,176.413190426729,196.221913866005,2871.49771924184,985.367443925007
Brie_Chuk_3,Chuk,213.478452228454,215.325348610011,2187.30892983304,1818.28340057612
Brie_Chuk_4,Chuk,189.797868299574,187.652148747199,3068.23788022428,1967.49358450381
Brie_Cop1_1,Cop1,285.378196186431,209.255098317523,1085.52575203544,1125.8341011512
Brie_Cop1_2,Cop1,168.691260884703,178.368236535158,863.140472792635,1335.10851198481
Brie_Cop1_3,Cop1,200.608569658411,162.121390164088,686.495367163455,640.188215883377
Brie_Cop1_4,Cop1,247.969737516171,205.862899624662,804.386358569278,263.456261049394
Brie_Cops7a_1,Cops7a,137.631944282332,156.586750191525,626.975727021878,1853.82773738437
Brie_Cops7a_2,Cops7a,222.916366113153,195.150693226154,368.993492581862,93.3376437050885
Brie_Cops7a_3,Cops7a,200.780168092678,182.117508774636,663.912352575976,1693.40303007868
Brie_Cops7a_4,Cops7a,368.775035240312,381.90015810681,1754.40402307984,2777.79041773149
Brie_Crebbp_1,Crebbp,207.987302331903,239.963423326579,455.497921340681,104.362090415669
Brie_Crebbp_2,Crebbp,243.851375093757,239.249276233345,435.59424746697,601.982805731192
Brie_Crebbp_3,Crebbp,214.508042834058,218.003400209638,504.874343065847,191.227127428348
Brie_Crebbp_4,Crebbp,194.43102602479,227.644385968295,37.329388513207,50.5703935347322
Brie_Cul5_1,Cul5,81.6908547112093,72.8530035098544,952.324242265222,653.303505935619
Brie_Cul5_2,Cul5,59.7262551250017,76.0666654294068,761.134144189869,639.998139215953
Brie_Cul5_3,Cul5,162.513717251082,194.43654613292,514.634798523147,1934.04009103722
Brie_Cul5_4,Cul5,275.253888564663,285.133226973621,2026.35710552737,1052.65458419303
Brie_Det1_1,Det1,266.330769982766,243.534158792749,284.977023057258,264.406644386513
Brie_Det1_2,Det1,206.099719554963,251.56831359163,125.939013547129,261.74557104258
Brie_Det1_3,Det1,322.100261119621,287.63274179994,1302.36096837115,648.3615125826
Brie_Det1_4,Det1,144.152684784487,169.97700818966,42.4966884611896,274.670784427399
Brie_Dhcr24_1,Dhcr24,302.538039613155,331.374251260514,1026.77163781208,1669.64344665071
Brie_Dhcr24_2,Dhcr24,258.952037309275,220.681451809265,1174.13537706936,520.249838738955
Brie_Dhcr24_3,Dhcr24,211.419271017248,196.75752418593,234.452312454762,596.470582375901
Brie_Dhcr24_4,Dhcr24,239.733012671343,251.032703271704,904.478872376495,199.020270792724
Brie_Dlc1_1,Dlc1,216.910420913799,245.319526525833,618.554941921462,293.108221167508
Brie_Dlc1_2,Dlc1,267.875155891172,322.447412595091,606.497908709503,330.363247982574
Brie_Dlc1_3,Dlc1,208.845294503239,191.579957759985,825.055558361208,317.247957930331
Brie_Dlc1_4,Dlc1,336.686128032337,324.589853874792,631.951645490306,467.598601862561
Brie_Dpp8_1,Dpp8,273.194707353456,292.096161132652,718.456074249124,745.680766303589
Brie_Dpp8_2,Dpp8,223.259562981688,202.64923770511,715.202589096691,210.614947505576
Brie_Dpp8_3,Dpp8,125.448455449357,110.524262677941,292.05813780079,259.084497698647
Brie_Dpp8_4,Dpp8,204.040538343756,196.400450639313,436.933917823855,194.838584109401
Brie_Dsg3_1,Dsg3,144.495881653021,119.094027796747,268.709597295091,53.2314668786655
Brie_Dsg3_2,Dsg3,141.750306704746,153.194551498664,219.715938529034,822.091586607958
Brie_Dsg3_3,Dsg3,229.608705049576,219.074620849489,1734.30896772658,1079.45539429979
Brie_Dsg3_4,Dsg3,213.821649096989,208.005340904364,240.576519800519,261.935647710004
Brie_Egln3_1,Egln3,314.549930011863,266.565402549541,2729.87542437121,895.0810268987
Brie_Egln3_2,Egln3,331.709773438587,329.767420300738,936.439579462164,1338.91004533329
Brie_Egln3_3,Egln3,108.975005759701,102.668644652368,993.854023328637,122.229297153507
Brie_Egln3_4,Egln3,200.780168092678,216.396569249862,1155.57137355253,1167.27081464959
Brie_Enc1_1,Enc1,164.229701593755,136.590631580977,71.7780548330905,137.625507214835
Brie_Enc1_2,Enc1,62.1286332047432,68.9251944970682,1054.33057086799,803.273996533002
Brie_Enc1_3,Enc1,242.478587619619,243.891232339366,2186.35202243527,878.164203497981
Brie_Enc1_4,Enc1,238.531823631472,239.784886553271,1940.42682120721,614.90801911601
Brie_Epha2_1,Epha2,208.502097634704,126.056961955778,309.856615399396,214.036327519205
Brie_Epha2_2,Epha2,295.159306939664,279.241513454442,698.935163334524,680.294392709799
Brie_Epha2_3,Epha2,372.893397662726,320.662044862006,1100.45350744072,449.921471792147
Brie_Epha2_4,Epha2,67.1049877984933,72.4959299632375,323.253318968239,56.652846892294
Brie_Etl4_1,Etl4,276.969872907336,321.911802275165,709.461144710044,577.272838966097
Brie_Etl4_2,Etl4,159.596543868539,193.900935812995,249.95421229871,778.754106435331
Brie_Etl4_3,Etl4,230.123500352377,199.257039012249,1286.47630556809,1087.43861433159
Brie_Etl4_4,Etl4,237.330634591602,237.999518820186,118.666517324043,1067.29048758467
Brie_F11r_1,F11r,181.561143454747,164.442368217098,1170.69051043737,1193.12124141923
Brie_F11r_2,F11r,133.685180294185,150.695036672346,1365.51685662427,1041.24998414761
Brie_F11r_3,F11r,123.560872672417,164.620904990406,695.68167818209,3727.60352484825
Brie_F11r_4,F11r,147.06985816703,147.83844829941,653.386371200456,1261.5488416918
Brie_Fat1_1,Fat1,248.312934384706,235.857077540485,3157.61303117643,2451.61885643224
Brie_Fat1_2,Fat1,251.401706201516,212.111686690458,2892.16691903377,1832.72922730033
Brie_Fat1_3,Fat1,276.798274473068,229.608290474688,2579.44958144105,3798.3120451299
Brie_Fat1_4,Fat1,234.92825651186,218.539010529563,1927.03011763837,1237.78925826382
Brie_Flcn_1,Flcn,329.993789095915,286.918594706706,2415.8184164216,2712.02389080286
Brie_Flcn_2,Flcn,135.915959939659,163.906757897172,1830.9566149018,3349.73111000972
Brie_Flcn_3,Flcn,145.868669127159,134.626727074584,3701.90195903058,2695.10706740214
Brie_Flcn_4,Flcn,357.449538578674,299.951779158224,3181.34433464123,6785.17679702758
Brie_Fnip1_1,Fnip1,208.330499200437,186.223854560731,574.728583103388,341.577771360578
Brie_Fnip1_2,Fnip1,306.999598904104,291.739087586035,27.7603145354616,248.630280990337
Brie_Fnip1_3,Fnip1,144.667480087289,132.305749021574,378.753948039163,266.497487728175
Brie_Fnip1_4,Fnip1,206.099719554963,134.269653527967,168.617083487874,497.060485313251
Brie_Fubp1_1,Fubp1,193.744632287721,185.509707467497,488.032772865015,228.672230910838
Brie_Fubp1_2,Fubp1,153.590598669185,124.985741315927,454.349632463351,114.626230456555
Brie_Fubp1_3,Fubp1,288.466968003241,269.600527695785,679.605633899478,961.227707162184
Brie_Fubp1_4,Fubp1,138.146739585133,164.620904990406,0.584144438664724,326.371637966674
Brie_Gapvd1_1,Gapvd1,194.087829156256,204.434605438194,657.022619311999,448.400858452757
Brie_Gapvd1_2,Gapvd1,212.963656925653,209.790708637448,52.2571439184899,429.5832683778
Brie_Gapvd1_3,Gapvd1,238.531823631472,213.718517650235,129.383880179118,170.31869401173
Brie_Gapvd1_4,Gapvd1,303.567630218759,345.8357298985,646.305256456924,486.986421939789
Brie_Gdi2_1,Gdi2,176.069993558195,189.7945900269,61.0606919780156,177.731684041258
Brie_Gdi2_2,Gdi2,291.898936688586,332.98108222029,249.762830819155,657.105039284095
Brie_Gdi2_3,Gdi2,84.264831225218,85.5291144147556,21.8274886692595,244.25851763959
Brie_Gdi2_4,Gdi2,95.9335247553907,107.310600758389,259.71466775601,0.01
Brie_Gpaa1_1,Gpaa1,189.283072996773,246.390747165684,231.390208781884,543.819345499507
Brie_Gpaa1_2,Gpaa1,204.38373521229,204.97021575812,494.539743169882,1363.23985876353
Brie_Gpaa1_3,Gpaa1,293.271724162724,294.774212732279,262.585389949334,552.94302553585
Brie_Gpaa1_4,Gpaa1,226.519933232765,254.781975511182,892.804602123645,929.104750367561
Brie_Gpatch8_1,Gpatch8,176.927985729531,182.117508774636,462.579036084212,116.90715046564
Brie_Gpatch8_2,Gpatch8,223.774358284489,249.604409085236,1356.71330856474,1459.22857581255
Brie_Gpatch8_3,Gpatch8,133.685180294185,128.199403235479,735.489025929511,392.708394897582
Brie_Gpatch8_4,Gpatch8,224.632350455826,239.249276233345,389.662692373793,920.361223666066
Brie_Grhl3_1,Grhl3,159.081748565737,203.006311251727,230.816064343219,581.644602316845
Brie_Grhl3_2,Grhl3,173.152820175652,188.723369387049,598.268505088642,858.206153418481
Brie_Grhl3_3,Grhl3,285.549794620698,311.021059103349,444.206414046941,1803.26734384964
Brie_Grhl3_4,Grhl3,224.460752021558,188.009222293815,1633.45092800114,263.836414384242
Chopchop_Gxylt1_1,Gxylt1,295.845700676733,304.415198490936,701.040359609628,566.248392255516
Chopchop_Gxylt1_2,Gxylt1,263.756793468758,251.032703271704,1298.53333878005,708.235662821099
Chopchop_Gxylt1_3,Gxylt1,257.236052966602,241.927327832972,1071.93766698704,1291.58095514476
Chopchop_Gxylt1_4,Gxylt1,255.176871755395,254.424901964565,1495.46488124205,454.293235142895
Brie_Hectd1_1,Hectd1,136.259156808194,183.545802961104,110.628495182737,351.461758066616
Brie_Hectd1_2,Hectd1,295.330905373931,243.891232339366,431.192473437208,900.59325025399
Brie_Hectd1_3,Hectd1,127.679235094831,125.699888409161,145.07716150262,130.212517185307
Brie_Hectd1_4,Hectd1,238.875020500007,164.442368217098,110.054350744072,187.80574741472
Brie_Hes1_1,Hes1,62.3002316390104,68.2110474038343,131.106313495112,758.22582635356
Brie_Hes1_2,Hes1,214.508042834058,218.181936982946,2200.89701488144,1018.25070738933
Brie_Hes1_3,Hes1,264.271588771559,271.564432202178,2522.22651905413,3570.41012088876
Brie_Hes1_4,Hes1,264.614785640094,263.17320385668,1306.57136092136,1408.66818227782
Brie_Hnrnpm_1,Hnrnpm,193.401435419187,176.225795255457,886.297631818779,964.459010508389
Brie_Hnrnpm_2,Hnrnpm,213.650050662722,225.144871141977,1644.55105381532,582.40490898654
Brie_Hnrnpm_3,Hnrnpm,275.082290130396,275.135167668347,884.766579982339,2753.46060430125
Brie_Hnrnpm_4,Hnrnpm,181.389545020479,230.500974341231,502.769146790743,1076.41416762101
Brie_Hspbap1_1,Hspbap1,268.046754325439,246.569283938993,1647.99592044731,241.217290960809
Brie_Hspbap1_2,Hspbap1,125.105258580823,184.259950054338,236.748890209421,264.786797721361
Brie_Hspbap1_3,Hspbap1,210.04648354311,194.079472586303,120.197569160482,440.797791755805
Brie_Hspbap1_4,Hspbap1,151.531417457979,200.863869972025,560.566353616325,1713.93131016045
Brie_Icmt_1,Icmt,216.395625610998,224.252187275434,270.62341209064,1518.91264938363
Brie_Icmt_2,Icmt,128.194030397633,164.085294670481,502.577765311188,838.438180006406
Brie_Icmt_3,Icmt,315.922717486001,281.919565054069,3131.20238699785,1118.42111112167
Brie_Icmt_4,Icmt,228.922311312507,204.434605438194,98.3800804912227,1398.97427223921
Brie_Ikbkb_1,Ikbkb,209.016892937506,163.371147577247,2463.28102335122,540.017812151031
Brie_Ikbkb_2,Ikbkb,280.230243158413,309.77130169019,871.944020852161,1951.14699110536
Brie_Ikbkb_3,Ikbkb,235.443051814662,270.493211562327,634.05684176541,796.431236505745
Brie_Ikbkb_4,Ikbkb,255.691667058197,257.102953564192,1809.52188919165,1051.13397085364
Brie_Irf6_1,Irf6,226.691531667032,314.770331342827,8566.24502487768,1027.94461742794
Brie_Irf6_2,Irf6,190.484262036643,222.645356315658,3752.04390667397,3642.06902450754
Brie_Irf6_3,Irf6,226.005137929963,257.102953564192,1961.2874024787,1993.15393460602
Brie_Irf6_4,Irf6,374.266185136864,368.331363335367,3299.0439445675,2916.92653828572
Brie_Jup_1,Jup,244.194571962292,202.64923770511,254.355986328473,683.905849390852
Brie_Jup_2,Jup,239.561414237076,237.463908500261,1498.71836639448,978.904837232598
Brie_Jup_3,Jup,218.626405256472,198.364355145707,584.871801519799,614.90801911601
Brie_Jup_4,Jup,174.354009215522,215.325348610011,867.159483863288,1361.14901542187
Brie_Kctd9_1,Kctd9,258.780438875008,210.504855730682,1469.62838150214,230.953150919924
Brie_Kctd9_2,Kctd9,193.573033853454,199.792649332174,1295.08847214806,859.346613423024
Brie_Kctd9_3,Kctd9,133.513581859918,138.197462540753,597.120216211313,480.903968582228
Brie_Kctd9_4,Kctd9,268.218352759706,293.524455319119,887.063157736998,2894.49749152971
Brie_Kdf1_1,Kdf1,318.153497131475,299.059095291682,1247.817246698,3034.77407208848
Brie_Kdf1_2,Kdf1,278.514258815741,208.362414450981,1381.21013794777,2988.20528856964
Brie_Kdf1_3,Kdf1,191.685451076514,137.840388994136,2736.38239467607,1160.42805462233
Brie_Kdf1_4,Kdf1,244.537768830826,210.147782184065,985.624619707776,5419.28586492012
Brie_Klhl9_1,Klhl9,151.874614326513,172.833596562596,896.823613194299,1699.86563677109
Brie_Klhl9_2,Klhl9,134.886369334056,126.414035502394,16.2774257621672,440.797791755805
Brie_Klhl9_3,Klhl9,118.241321210133,96.5983943598805,566.307798002973,190.466820758653
Brie_Klhl9_4,Klhl9,271.821919879318,338.87279573947,710.226670628263,1629.72734649171
Brie_Lats1_1,Lats1,333.768954649794,355.833789203774,2561.45972236289,1384.33836884757
Brie_Lats1_2,Lats1,260.49642321768,257.995637430734,1091.84134086075,2057.78000153012
Brie_Lats1_3,Lats1,204.212136778023,202.64923770511,692.236811550102,274.290631092551
Brie_Lats1_4,Lats1,194.259427590523,209.076561544215,992.705734451307,529.183442107874
Brie_Lyrm7_1,Lyrm7,161.998921948281,215.146811836702,226.605671793011,263.076107714547
Brie_Lyrm7_2,Lyrm7,156.164575183194,197.471671279164,107.566391509858,182.863754061701
Brie_Lyrm7_3,Lyrm7,124.418864843754,129.449160648638,221.055608885919,264.406644386513
Brie_Lyrm7_4,Lyrm7,146.211865995694,127.485256142245,362.103759317886,390.047321553649
Brie_Lztr1_1,Lztr1,204.898530515092,218.89608407618,483.248235876142,134.39420386863
Brie_Lztr1_2,Lztr1,206.099719554963,192.829715173144,672.524519155946,535.265895465436
Brie_Lztr1_3,Lztr1,269.076344931042,240.499033646505,852.614491417115,1759.92986367701
Brie_Lztr1_4,Lztr1,244.194571962292,268.886380602551,127.661446863124,1061.58818756195
Brie_Map3k4_1,Map3k4,137.460345848064,164.977978537023,740.273562918384,372.370191483235
Brie_Map3k4_2,Map3k4,134.543172465521,98.5622988662736,54.3623401935938,161.385090642811
Brie_Map3k4_3,Map3k4,218.626405256472,193.186788719761,575.685490501163,475.01159189209
Brie_Map3k4_4,Map3k4,233.898665906257,219.074620849489,639.224141713392,498.581098652642
Brie_Mapk14_1,Mapk14,207.300908594834,201.935090611876,237.705797607196,696.831062775671
Brie_Mapk14_2,Mapk14,167.146874976298,197.828744825781,593.10120514066,197.689734120758
Brie_Mapk14_3,Mapk14,218.626405256472,276.563461854815,1000.74375659261,1383.95821551273
Brie_Mapk14_4,Mapk14,327.934607884708,349.763538911286,834.050487900289,736.367009599822
Brie_Mettl5_1,Mettl5,210.218081977377,182.83165586787,333.205155905095,348.230454720411
Brie_Mettl5_2,Mettl5,132.655589688581,143.553565740007,178.377538945174,679.534086040104
Brie_Mettl5_3,Mettl5,139.519527059271,119.094027796747,379.710855436937,213.085944182086
Brie_Mettl5_4,Mettl5,237.159036157334,222.288282769041,891.847694725871,207.003490824524
Brie_Mex3c_1,Mex3c,208.502097634704,269.421990922476,149.478935532383,326.371637966674
Brie_Mex3c_2,Mex3c,137.631944282332,163.906757897172,160.004916907903,225.060774229786
Brie_Mex3c_3,Mex3c,250.715312464447,173.54774365583,188.712138841139,429.013038375529
Brie_Mex3c_4,Mex3c,230.466697220912,280.66980764091,405.355973697295,341.957924695426
Brie_Mtmr10_1,Mtmr10,169.034457753238,205.327289304737,433.871814150976,295.579217844017
Brie_Mtmr10_2,Mtmr10,243.851375093757,218.003400209638,424.302740173231,792.629703157269
Brie_Mtmr10_3,Mtmr10,206.786113292032,189.080442933666,225.074619956572,664.708105981047
Brie_Mtmr10_4,Mtmr10,231.667886260783,214.611201516777,301.05306733987,616.238555787977
Brie_Ncoa5_1,Ncoa5,151.531417457979,148.016985072719,380.667762834712,217.457707532833
Brie_Ncoa5_2,Ncoa5,152.389409629315,137.126241900902,78.0936436584024,424.07104502251
Brie_Ncoa5_3,Ncoa5,255.348470189663,246.390747165684,1312.50418678756,509.415468695798
Brie_Ncoa5_4,Ncoa5,207.987302331903,204.077531891577,454.158250983797,607.495029086482
Brie_Ncstn_1,Ncstn,228.750712878239,215.503885383319,568.412994278077,322.760181285622
Brie_Ncstn_2,Ncstn,147.413055035565,152.301867632122,305.263459890078,1016.15986404766
Brie_Ncstn_3,Ncstn,236.987437723067,203.720458344961,675.01247839016,869.420676796486
Brie_Ncstn_4,Ncstn,197.005002538799,204.077531891577,645.731112018259,744.540306299046
Brie_Nf2_1,Nf2,224.803948890093,310.663985556732,1563.21392500449,1286.44888512432
Brie_Nf2_2,Nf2,103.312257428882,91.5993647072434,687.069511602119,1230.94649823656
Brie_Nf2_3,Nf2,175.040402952591,181.938972001328,980.265938280238,546.670495510864
Brie_Nf2_4,Nf2,155.992976748927,194.615082906229,0.392762959109816,15.7863633961758
Brie_Nmt1_1,Nmt1,146.555062864228,187.116538427273,457.79449909534,414.187058316472
Brie_Nmt1_2,Nmt1,276.283479170267,240.141960099888,881.704476309461,454.103158475471
Brie_Nmt1_3,Nmt1,222.401570810351,181.403361681402,50.9174735616055,882.726043516152
Brie_Nmt1_4,Nmt1,122.188085198279,96.419857586572,188.903520320694,52.4711602089703
Brie_Notch1_1,Notch1,154.620189274789,153.551625045281,258.94914183779,1001.33388398861
Brie_Notch1_2,Notch1,291.212542951517,305.486419130787,1198.63220645239,1484.12861924507
Brie_Notch1_3,Notch1,203.697341475221,199.614112558866,994.619549246856,1074.7034776142
Brie_Notch1_4,Notch1,304.597220824362,356.190862750391,485.736195110356,1854.96819738892
Brie_Ofd1_1,Ofd1,94.73233571552,115.701829103886,229.476393986335,80.9826603225411
Brie_Ofd1_2,Ofd1,178.129174769402,176.582868802074,955.577727417655,449.921471792147
Brie_Ofd1_3,Ofd1,206.614514857765,189.616053253592,176.65510562918,749.102146317217
Brie_Ofd1_4,Ofd1,221.371980204748,175.690184935531,111.776784060066,419.699281671762
Brie_Pard3_1,Pard3,90.0991779903044,77.8520331624915,884.38381702323,787.307556469402
Brie_Pard3_2,Pard3,282.804219672422,264.244424496531,2688.34564330779,1161.56851462687
Brie_Pard3_3,Pard3,202.839349303885,179.082383628392,459.516932411334,627.833232500829
Brie_Pard3_4,Pard3,163.371709422419,161.585779844162,727.833766747315,239.316524286571
Brie_Pard6g_1,Pard6g,237.502233025869,264.780034816456,1058.5409634182,603.88357240543
Brie_Pard6g_2,Pard6g,117.726525907331,152.301867632122,1341.78555315946,635.056145862934
Brie_Pard6g_3,Pard6g,218.11160995367,224.78779759536,494.348361690327,1122.22264447015
Brie_Pard6g_4,Pard6g,215.02283813686,205.684362851354,1043.61320801291,768.109813059598
Brie_Pdcl_1,Pdcl,181.046348151945,144.44624960655,911.942750079136,739.598312946027
Brie_Pdcl_2,Pdcl,128.022431963366,160.336022431003,284.977023057258,671.550866008304
Brie_Pdcl_3,Pdcl,161.484126645479,165.692125630257,770.129073728949,751.002912991455
Brie_Pdcl_4,Pdcl,148.099448772634,119.98671166329,363.252048195215,479.573431910261
Brie_Pds5b_1,Pds5b,174.697206084057,278.705903134517,400.380055228867,2113.85261842014
Brie_Pds5b_2,Pds5b,223.259562981688,194.615082906229,1185.04412140399,372.180114815811
Brie_Pds5b_3,Pds5b,284.863400883629,272.45711606872,460.282458329554,381.874024854425
Brie_Pds5b_4,Pds5b,204.040538343756,174.61896429568,666.01754885108,528.233058770755
Brie_Phactr4_1,Phactr4,168.176465581901,147.302837979485,196.55877950289,763.73804970885
Brie_Phactr4_2,Phactr4,104.68504490302,99.8120562794329,467.17219159353,124.700293830016
Brie_Phactr4_3,Phactr4,208.673696068972,184.081413281029,301.05306733987,578.033145635792
Brie_Phactr4_4,Phactr4,190.312663602376,219.788767942723,291.67537484168,918.270380324404
Brie_Phkb_1,Phkb,196.833404104532,250.31855617847,360.381326001892,251.481431001695
Brie_Phkb_2,Phkb,178.129174769402,168.727250776501,0.584144438664724,546.100265508593
Brie_Phkb_3,Phkb,112.921769747848,156.586750191525,159.622153948793,60.8345335756177
Brie_Phkb_4,Phkb,286.750983660569,217.289253116404,287.847745250582,635.056145862934
Brie_Phlda3_1,Phlda3,238.70342206574,212.825833783692,2043.77282016686,825.893119956434
Brie_Phlda3_2,Phlda3,313.005544103457,237.106834953644,1324.75260147907,1132.29670784361
Brie_Phlda3_3,Phlda3,211.419271017248,185.331170694188,240.002375361855,411.335908305115
Brie_Phlda3_4,Phlda3,373.236594531261,348.692318271436,1092.22410381986,1400.11473224375
Brie_Pkp1_1,Pkp1,329.478993793113,274.063947028496,850.126532182901,709.566199493065
Brie_Pkp1_2,Pkp1,227.377925404101,207.29119381113,1668.28235728013,274.100554425127
Brie_Pkp1_3,Pkp1,205.756522686428,223.716576955509,799.219058621296,679.724162707528
Brie_Pkp1_4,Pkp1,222.058373941817,265.315645136382,1496.23040716027,444.979478439128
Brie_Pkp4_1,Pkp4,157.02256735453,161.764316617471,1075.57391509858,181.533217389734
Brie_Pkp4_2,Pkp4,270.792329273715,225.680481461902,597.694360649977,1349.93449204387
Brie_Pkp4_3,Pkp4,210.04648354311,172.29798624267,277.704526834171,8.18329669922363
Brie_Pkp4_4,Pkp4,156.164575183194,186.938001653965,377.222896202724,1270.48244506072
Brie_Plcb3_1,Plcb3,188.596679259704,210.147782184065,1490.87172573273,913.708540306233
Brie_Plcb3_2,Plcb3,123.046077369616,146.053080566326,1528.7652586846,402.972534938467
Brie_Plcb3_3,Plcb3,105.714635508624,98.5622988662736,412.054325481717,1042.96067415442
Brie_Plcb3_4,Plcb3,179.845159112074,198.721428692323,257.609471480906,522.530758748041
Brie_Plek2_1,Plek2,163.371709422419,146.410154112943,419.900966143468,299.760904527341
Brie_Plek2_2,Plek2,251.916501504318,230.143900794614,224.117712558797,645.320285903819
Brie_Plek2_3,Plek2,226.005137929963,235.857077540485,422.006162418572,518.539148732141
Brie_Plek2_4,Plek2,176.927985729531,107.846211078314,517.696902196026,239.316524286571
Chopchop_Plekha1_1,Plekha1,195.632215064661,216.396569249862,179.334446342949,551.992642198731
Chopchop_Plekha1_2,Plekha1,282.632621238155,258.352710977351,1965.4977950289,156.633173957216
Chopchop_Plekha1_3,Plekha1,256.721257663801,272.45711606872,1532.97565123481,487.746728609485
Chopchop_Plekha1_4,Plekha1,126.649644489228,140.161367047146,304.497933971859,193.508047437434
Brie_Plekhh3_1,Plekhh3,316.094315920268,271.742968975486,480.377513682819,158.533940631454
Brie_Plekhh3_2,Plekhh3,213.306853794187,227.822922741604,179.334446342949,142.187347233006
Brie_Plekhh3_3,Plekhh3,237.845429894403,247.819041352152,1454.89200757641,336.065548005288
Brie_Plekhh3_4,Plekhh3,145.353873824358,228.715606608146,48.2381328478368,32.1329567946231
Brie_Plxna1_1,Plxna1,279.029054118543,221.395598902499,654.917423036895,409.054988296029
Brie_Plxna1_2,Plxna1,208.330499200437,229.072680154763,454.158250983797,592.288895692578
Brie_Plxna1_3,Plxna1,204.898530515092,232.643415620932,772.425651483608,646.650822575786
Brie_Plxna1_4,Plxna1,251.401706201516,335.659133819917,291.101230403015,289.496764486456
Brie_Plxnb2_1,Plxnb2,203.868939909489,234.0717098074,275.790712038622,454.863465145166
Brie_Plxnb2_2,Plxnb2,177.6143794666,199.07850223894,437.316680782965,701.202826126418
Brie_Plxnb2_3,Plxnb2,222.401570810351,294.952749505587,478.272317407715,454.673388477742
Brie_Plxnb2_4,Plxnb2,177.957576335134,209.790708637448,169.956753844758,490.597878620842
Brie_Pofut1_1,Pofut1,119.957305552805,119.808174889981,625.636056664994,342.528154697697
Brie_Pofut1_2,Pofut1,216.910420913799,204.97021575812,1864.63975530347,1488.3103059284
Brie_Pofut1_3,Pofut1,306.999598904104,345.121582805266,2529.11625231811,1382.24752550591
Brie_Pofut1_4,Pofut1,263.928391903025,242.284401379589,517.505520716471,386.435864872596
Brie_Poglut1_1,Poglut1,114.809352524788,113.202314277568,23.9326849443635,636.3866825349
Brie_Poglut1_2,Poglut1,137.975141150866,117.130123290354,64.3141771304491,1198.82354144194
Brie_Poglut1_3,Poglut1,179.330363809272,159.443338564461,158.282483591909,1221.06251153053
Brie_Poglut1_4,Poglut1,189.797868299574,155.694066324983,823.715888004324,438.897025081567
Brie_Por_1,Por,210.904475714446,184.974097147572,269.283741733755,356.783904754483
Brie_Por_2,Por,201.638160264014,135.162337394509,348.898437228597,346.329688046173
Brie_Por_3,Por,190.141065168109,197.828744825781,233.495405056988,609.205719093296
Brie_Por_4,Por,209.531688240308,235.142930447251,691.471285631882,337.586161344678
Brie_Prkci_1,Prkci,212.448861622851,194.972156452846,667.357219207964,720.020416201375
Brie_Prkci_2,Prkci,180.531552849143,199.792649332174,660.658867423542,335.305241335593
Brie_Prkci_3,Prkci,152.04621276078,144.44624960655,1324.36983851996,727.053252896056
Brie_Prkci_4,Prkci,233.383870603455,195.507766772771,1003.61447878594,1661.66022661891
Chopchop_Proser1_1,Proser1,176.584788860997,198.185818372398,92.0644916659107,371.990038148387
Chopchop_Proser1_2,Proser1,221.88677550755,280.66980764091,553.676620352349,787.687709804249
Chopchop_Proser1_3,Proser1,181.561143454747,183.367266187795,212.060679346838,826.083196623858
Chopchop_Proser1_4,Proser1,209.188491371773,169.441397869735,366.314151868094,38.2154101521849
Brie_Psenen_1,Psenen,178.643970072203,207.469730584438,348.707055749042,342.14800136285
Brie_Psenen_2,Psenen,159.253347000005,167.120419816725,321.33950417269,330.933477984845
Brie_Psenen_3,Psenen,134.371574031254,153.908698591898,519.993479950685,239.696677621419
Brie_Psenen_4,Psenen,160.282937605608,116.951586517046,78.6677880970672,728.193712900598
Brie_Ptch1_1,Ptch1,190.827458905178,242.820011699515,188.137994402474,543.249115497236
Brie_Ptch1_2,Ptch1,235.957847117464,220.681451809265,206.701997919301,879.684816837371
Brie_Ptch1_3,Ptch1,213.650050662722,187.830685520507,277.895908313726,2172.01607865182
Brie_Ptch1_4,Ptch1,160.454536039875,144.803323153167,120.771713599147,653.683659270467
Brie_Pten_1,Pten,337.029324900872,327.803515794345,1771.62835623978,2093.13426167095
Brie_Pten_2,Pten,127.336038226297,162.835537257322,191.582861034463,143.707960572397
Brie_Pten_3,Pten,185.507907442893,180.153604268243,1376.99974539756,152.071333939044
Brie_Pten_4,Pten,149.815433115306,164.977978537023,428.895895682549,52.2810835415465
Brie_Rab40c_1,Rab40c,254.318879584059,195.150693226154,288.421889689246,1193.12124141923
Brie_Rab40c_2,Rab40c,246.596950042033,274.599557348422,1097.20002228829,658.435575956062
Brie_Rab40c_3,Rab40c,255.863265492464,288.346888893174,732.235540777078,894.320720229004
Brie_Rab40c_4,Rab40c,249.857320293111,317.805456489071,1132.41421452639,1294.43210515611
Brie_Rad9b_1,Rad9b,191.513852642247,144.089176059933,666.974456248854,278.852471110722
Brie_Rad9b_2,Rad9b,232.869075300653,237.285371726952,404.39906629952,627.453079165982
Brie_Rad9b_3,Rad9b,147.584653469832,154.265772138515,35.415573717658,196.359197448791
Brie_Rad9b_4,Rad9b,203.010947738152,245.319526525833,400.954199667532,625.932465826591
Brie_Rc3h1_1,Rc3h1,68.4777752726313,76.4237389760238,119.432043242263,236.465374275214
Brie_Rc3h1_2,Rc3h1,219.312798993541,242.641474926206,506.788157861396,377.692338171101
Brie_Rc3h1_3,Rc3h1,164.058103159488,205.505826078045,240.576519800519,336.065548005288
Brie_Rc3h1_4,Rc3h1,240.247807974145,329.053273207504,809.745039996815,483.945195261009
Brie_Rfng_1,Rfng,342.863671665958,348.692318271436,628.124015899208,459.995535165609
Brie_Rfng_2,Rfng,260.839620086215,251.032703271704,400.571436708422,277.521934438756
Brie_Rfng_3,Rfng,164.744496896557,145.696007019709,718.073311290015,76.8009736392174
Brie_Rfng_4,Rfng,247.283343779102,241.927327832972,761.134144189869,188.566054084415
Brie_Rhoa_1,Rhoa,166.632079673496,147.302837979485,2615.23791811782,2187.60236538058
Brie_Rhoa_2,Rhoa,121.330093026943,129.449160648638,0.201381479554908,4.38176335074752
Brie_Rhoa_3,Rhoa,172.809623307117,174.797501068989,2714.37352452726,3097.30929567091
Brie_Rhoa_4,Rhoa,204.040538343756,224.78779759536,628.124015899208,2082.68004496264
Brie_Ric8a_1,Ric8a,226.176736364231,221.21706212919,1934.30261386145,3186.6453293601
Brie_Ric8a_2,Ric8a,252.774493675654,305.307882357478,2816.57123460958,1524.42487273892
Brie_Ric8a_3,Ric8a,186.537498048497,270.850285108944,2092.38371597381,814.868673245854
Brie_Ric8a_4,Ric8a,135.057967768323,200.149722878791,2473.23286028808,1295.38248849323
Brie_Rin1_1,Rin1,126.478046054961,147.481374752794,14.9377554052828,309.454814565955
Brie_Rin1_2,Rin1,232.182681563584,188.901906160358,131.489076454222,42.5871735029324
Brie_Rin1_3,Rin1,261.697612257551,233.179025940858,480.951658121484,391.187781558191
Brie_Rin1_4,Rin1,270.620730839448,294.59567595897,419.709584663913,942.790270422075
Brie_Ripk4_1,Ripk4,297.390086585138,337.265964779694,2761.26198701821,3136.65516582764
Brie_Ripk4_2,Ripk4,331.53817500432,320.840581635315,11975.3233201893,6702.68352336565
Brie_Ripk4_3,Ripk4,294.301314768328,223.895113728817,2136.01869331233,2856.29208137752
Brie_Ripk4_4,Ripk4,173.496017044186,200.685333198717,4032.0350112628,3851.15335867372
Brie_Rnf115_1,Rnf115,178.643970072203,206.219973171279,463.153180522877,397.650388250601
Brie_Rnf115_2,Rnf115,222.573169244619,155.872603098291,794.243140152868,54.9421568854798
Brie_Rnf115_3,Rnf115,184.993112140092,143.910639286624,547.935175965701,223.540160890395
Brie_Rnf115_4,Rnf115,148.95744094397,154.801382458441,122.494146915141,358.114441426449
Brie_Rnf7_1,Rnf7,212.277263188584,192.472641626527,1740.05041211322,1935.37062770919
Brie_Rnf7_2,Rnf7,233.898665906257,263.17320385668,117.709609926268,670.600482671185
Brie_Rnf7_3,Rnf7,265.987573114232,193.722399039686,524.203872500893,264.596721053937
Brie_Rnf7_4,Rnf7,221.543578639015,229.786827247997,1396.90341927127,1252.61523832288
Brie_Rpl22_1,Rpl22,179.50196224354,185.866781014114,226.797053272566,431.674111719462
Brie_Rpl22_2,Rpl22,250.886910898714,250.854166498396,810.70194739459,2401.81876956721
Brie_Rpl22_3,Rpl22,182.933930928885,220.859988582573,445.163321444716,268.968484404685
Brie_Rpl22_4,Rpl22,160.969331342677,232.643415620932,203.639894246422,447.450475115638
Brie_Ski_1,Ski,239.218217368541,244.783916205908,1080.74121504657,777.23349309594
Brie_Ski_2,Ski,365.857861857769,382.257231653427,308.899708001621,487.366575274637
Brie_Ski_3,Ski,151.874614326513,129.627697421947,379.710855436937,403.542764940739
Brie_Ski_4,Ski,204.726932080825,214.968275063394,97.614554573003,252.051661003966
Brie_Smad4_1,Smad4,172.123229570048,139.982830273838,108.140535948523,414.187058316472
Brie_Smad4_2,Smad4,156.679370485996,186.580928107348,424.302740173231,228.482154243414
Brie_Smad4_3,Smad4,177.785977900867,212.290223463767,289.761560046131,1451.81558578303
Brie_Smad4_4,Smad4,202.324554001083,262.994667083372,2794.94512741988,513.217002044275
Brie_Srpk2_1,Srpk2,181.217946586212,178.903846855084,5.36868142753742,41.8268668332372
Brie_Srpk2_2,Srpk2,248.999328121774,236.214151087101,415.499192113705,493.258951964775
Brie_Srpk2_3,Srpk2,177.099584163798,232.643415620932,57.4244438664724,150.550720599654
Brie_Srpk2_4,Srpk2,202.324554001083,212.111686690458,388.705784976018,680.294392709799
Brie_Stard13_1,Stard13,272.33671518212,251.746850364938,2397.82855734344,718.879956196832
Brie_Stard13_2,Stard13,243.336579790955,203.541921571652,353.30021125836,421.409971678577
Brie_Stard13_3,Stard13,213.821649096989,209.790708637448,1919.37485845617,531.654438784384
Brie_Stard13_4,Stard13,184.821513705824,215.682422156628,155.22037991903,680.294392709799
Brie_Tbc1d2b_1,Tbc1d2b,118.069722775866,106.417916891846,0.201381479554908,127.36136717395
Brie_Tbc1d2b_2,Tbc1d2b,69.5073658782348,56.0705468188586,314.449770908714,46.3887068514085
Brie_Tbc1d2b_3,Tbc1d2b,99.3654934407356,71.6032460966952,77.7108806992926,438.516871746719
Brie_Tbc1d2b_4,Tbc1d2b,320.727473645483,338.87279573947,124.982106149355,614.717942448587
Brie_Tcp11_1,Tcp11,227.377925404101,267.8151599627,102.97323600054,373.700728155201
Brie_Tcp11_2,Tcp11,204.212136778023,143.017955420082,464.301469400207,395.369468241515
Brie_Tcp11_3,Tcp11,251.230107767249,295.488359825512,490.903495058339,211.755407510119
Brie_Tcp11_4,Tcp11,161.998921948281,162.657000484013,602.09613467974,339.486928018916
Brie_Tfap2a_1,Tfap2a,197.862994710135,158.907728244535,1289.34702776141,3067.27718221795
Brie_Tfap2a_2,Tfap2a,313.520339406259,298.880558518373,1025.4319674552,2098.64648502624
Brie_Tfap2a_3,Tfap2a,140.720716099142,109.631578811399,530.519461326205,261.935647710004
Brie_Tfap2a_4,Tfap2a,236.8158392888,225.323407915285,1040.55110434003,1654.62738992423
Brie_Tnfaip8_1,Tnfaip8,235.443051814662,238.71366591342,655.49156747556,195.028660776824
Brie_Tnfaip8_2,Tnfaip8,301.851645876086,324.768390648101,325.932659682008,223.730237557819
Brie_Tnfaip8_3,Tnfaip8,221.543578639015,169.084324323118,396.743807117324,40.6864068286944
Brie_Tnfaip8_4,Tnfaip8,252.602895241387,189.437516480283,1009.93006761125,271.629557748618
Brie_Trim28_1,Trim28,197.348199407333,211.397539597225,301.05306733987,114.816307123978
Brie_Trim28_2,Trim28,157.194165788798,149.623816032495,147.756502216389,383.774791528663
Brie_Trim28_3,Trim28,276.455077604534,288.168352119865,177.803394506509,151.501103936773
Brie_Trim28_4,Trim28,297.218488150871,316.020088755986,719.030218687789,72.8093636233175
Brie_Trmt11_1,Trmt11,100.223485612072,114.273534917419,950.984571908337,301.471594534155
Brie_Trmt11_2,Trmt11,163.200110988151,188.009222293815,913.282420436021,372.940421485506
Brie_Trmt11_3,Trmt11,118.756116512935,97.1340046798059,230.050538424999,156.633173957216
Brie_Trmt11_4,Trmt11,184.649915271557,212.825833783692,132.445983851996,466.838295192866
Brie_Trp53_1,Trp53,403.781115830831,422.249468874524,11451.8949736066,6720.93088343834
Brie_Trp53_2,Trp53,343.893262271562,302.272757211234,14548.8300757641,4563.1805548433
Brie_Trp53_3,Trp53,356.763144841605,396.540173518105,6660.27686999035,4747.36484557696
Brie_Trp53_4,Trp53,240.591004842679,206.934120264513,5493.80675210319,2900.009714885
Brie_Tspan14_1,Tspan14,151.703015892246,160.871632750929,540.662679742615,352.412141403735
Brie_Tspan14_2,Tspan14,234.92825651186,286.918594706706,492.051783935668,312.68611791216
Brie_Tspan14_3,Tspan14,148.442645641168,137.483315447519,25.4637367808028,665.658489318167
Brie_Tspan14_4,Tspan14,173.667615478453,123.735983902767,674.246952471941,241.027214293385
Brie_Ube2r2_1,Ube2r2,265.301179377163,205.684362851354,595.015019936209,594.569815701663
Brie_Ube2r2_2,Ube2r2,240.591004842679,269.957601242402,460.091076849999,208.334027496491
Brie_Ube2r2_3,Ube2r2,207.815703897635,187.116538427273,114.456124773835,1049.61335751425
Brie_Ube2r2_4,Ube2r2,163.714906290953,157.122360511451,1458.3368742084,562.066705572193
Brie_Usp28_1,Usp28,247.626540647637,218.181936982946,733.766592613517,740.358619615722
Brie_Usp28_2,Usp28,255.348470189663,237.106834953644,158.856628030574,298.620444522798
Brie_Usp28_3,Usp28,233.898665906257,269.600527695785,401.528344106197,330.933477984845
Brie_Usp28_4,Usp28,159.596543868539,176.939942348691,158.282483591909,229.812690915381
Brie_Xrn1_1,Xrn1,157.537362657332,200.3282596521,590.421864426891,474.251285222394
Brie_Xrn1_2,Xrn1,194.774222893325,155.872603098291,1880.90718106564,1197.11285143513
Brie_Xrn1_3,Xrn1,83.7500359224162,80.708621535427,504.874343065847,412.856521644505
Brie_Xrn1_4,Xrn1,162.68531568535,164.799441763715,63.7400326917843,71.288750283927
Brie_Xxylt1_1,Xxylt1,263.241998165956,247.104894258918,851.466202539785,1163.08912796627
Brie_Xxylt1_2,Xxylt1,211.590869451515,270.314674789019,1499.10112935359,459.995535165609
Brie_Xxylt1_3,Xxylt1,159.939740737074,173.012133335904,589.656338508671,265.357027723632
Brie_Xxylt1_4,Xxylt1,128.537227266168,99.2764459595075,75.6056844241886,460.375688500457
Brie_Zbtb48_1,Zbtb48,187.395490219833,226.573165328444,659.893341505323,537.736892141945
Brie_Zbtb48_2,Zbtb48,129.566817871771,126.414035502394,652.238082323126,326.371637966674
Brie_Zbtb48_3,Zbtb48,178.643970072203,191.579957759985,222.203897763248,481.094045249651
Brie_Zbtb48_4,Zbtb48,267.531959022637,320.840581635315,461.239365727328,390.807628223344
Brie_Zfp750_1,Zfp750,173.324418609919,154.979919231749,1469.62838150214,1756.31840699596
Brie_Zfp750_2,Zfp750,310.259969155181,365.296238189123,826.969373156757,741.499079620265
Brie_Zfp750_3,Zfp750,175.72679668966,186.402391334039,1090.50167050387,957.236097146284
Brie_Zfp750_4,Zfp750,234.241862774791,258.709784523968,535.878142753742,1368.18185211655
Brie_Zfp871_1,Zfp871,210.389680411644,243.35562201944,438.273588180739,1139.51962120571
Brie_Zfp871_2,Zfp871,206.099719554963,206.041436397971,706.97318547583,398.980924922568
Brie_Zfp871_3,Zfp871,160.282937605608,180.867751361477,441.527073333173,632.014919184153
Brie_Zfp871_4,Zfp871,110.347793233839,116.41597619712,426.790699407445,324.470871292436
Brie_Zfp91_1,Zfp91,212.448861622851,228.358533061529,455.689302820236,458.474921826219
Brie_Zfp91_2,Zfp91,128.022431963366,134.091116754659,257.609471480906,195.028660776824
Brie_Zfp91_3,Zfp91,294.644511636862,261.209299350287,301.81859325809,1268.39160171905
Brie_Zfp91_4,Zfp91,190.655860470911,221.931209222424,1069.83247071194,226.201234234328
Brie_Zmat3_1,Zmat3,152.904204932117,183.010192641178,1395.9465118735,253.952427678204
Brie_Zmat3_2,Zmat3,296.017299111,280.312734094293,1306.3799794418,297.670061185679
Brie_Zmat3_3,Zmat3,220.857184901946,252.996607778097,624.487767787665,1122.41272113757
Brie_Zmat3_4,Zmat3,264.443187205827,277.634682494666,1395.9465118735,1512.45004269122
Brie_Sprr2f_1,Sprr2f,225.147145758627,257.281490337501,150.627224409713,64.6360669240938
Brie_Sprr2f_2,Sprr2f,186.537498048497,149.980889579112,35.6069551972129,16.5466700658711
Brie_Sprr2f_3,Sprr2f,251.058509332981,223.716576955509,148.139265175499,88.5857270194933
Brie_Sprr2f_4,Sprr2f,198.720986881471,199.792649332174,0.01,0.01
Brie_Rps3a1_1,Rps3a1,133.685180294185,122.843300036225,0.201381479554908,0.390153334847611
Brie_Rps3a1_2,Rps3a1,91.4719654644423,97.1340046798059,0.201381479554908,0.200076667423805
Brie_Rps3a1_3,Rps3a1,140.377519230608,139.982830273838,0.201381479554908,7.61306669695222
Brie_Rps3a1_4,Rps3a1,128.194030397633,117.844270383588,0.01,151.501103936773
Brie_Ptma_1,Ptma,203.18254617242,189.080442933666,115.221650692055,254.902811015323
Brie_Ptma_2,Ptma,291.555739820052,235.142930447251,14.554992446173,875.1229768192
Brie_Ptma_3,Ptma,172.809623307117,152.480404405431,61.2520734575705,177.541607373834
Brie_Ptma_4,Ptma,193.058238550652,180.332141041551,0.96690739777454,13.8855967219378
Brie_Actg1_1,Actg1,193.916230721988,176.761405575382,26.994788617242,152.071333939044
Brie_Actg1_2,Actg1,134.886369334056,132.841359341499,2.4979592342138,26.0505034370613
Brie_Actg1_3,Actg1,232.525878432119,228.358533061529,27.9516960150166,34.0337234688612
Brie_Actg1_4,Actg1,138.661534887935,146.588690886251,0.584144438664724,5.52222335529036
Brie_Rpl29_1,Rpl29,218.283208387937,162.835537257322,6.89973326397669,63.1154535847034
Brie_Rpl29_2,Rpl29,203.525743040954,206.755583491204,0.775525918219632,95.0483337119027
Brie_Rpl29_3,Rpl29,147.413055035565,160.69309597762,0.584144438664724,6.28253002498558
Brie_Rpl29_4,Rpl29,179.50196224354,175.86872170884,42.8794514202994,9.32375670376646
Brie_Arpc2_1,Arpc2,96.6199184924597,149.266742485878,9.7704554573003,4.76191668559513
Brie_Arpc2_2,Arpc2,129.910014740305,163.906757897172,0.201381479554908,28.9016534484184
Brie_Arpc2_3,Arpc2,126.306447620693,150.337963125729,11.8756517324043,24.7199667650947
Brie_Arpc2_4,Arpc2,165.945685936427,156.408213418217,37.1380070336521,26.430656771909
Brie_Ftl1_1,Ftl1,204.040538343756,204.613142211503,146.608213339059,15.0260567264806
Brie_Ftl1_2,Ftl1,158.91015013147,180.867751361477,321.148122693135,13.695520054514
Brie_Ftl1_3,Ftl1,151.016622155177,163.01407403063,0.584144438664724,30.4222667878089
Brie_Ftl1_4,Ftl1,116.52533686746,104.81108593207,163.258402060336,15.7863633961758
Brie_Rpl28_1,Rpl28,200.436971224144,174.083353975755,140.101243034193,22.6291234234328
Brie_Rpl28_2,Rpl28,157.365764223065,186.938001653965,7.2824962230865,16.3565933984473
Brie_Rpl28_3,Rpl28,170.407245227376,143.017955420082,22.2102516283693,37.2650268150659
Brie_Rpl28_4,Rpl28,123.904069540952,131.413065155032,109.671587784962,11.0344467105807
Brie_Hsp90ab1_1,Hsp90ab1,178.472371637936,171.405302376128,164.406690937666,87.8254203497981
Brie_Hsp90ab1_2,Hsp90ab1,247.454942213369,235.678540767176,27.1861700967969,66.3467569309081
Brie_Hsp90ab1_3,Hsp90ab1,228.06431914117,252.282460684863,93.9783064614598,124.700293830016
Brie_Hsp90ab1_4,Hsp90ab1,192.715041682118,187.652148747199,29.6741293310107,158.724017298878
Brie_Junb_1,Junb,100.909879349141,124.271594222693,40.9656366247503,5.90237669013797
Brie_Junb_2,Junb,255.005273321128,263.708814176605,77.3281177401828,264.976874388785
Brie_Junb_3,Junb,201.466561829747,238.178055593495,115.413032171609,267.25779439787
Brie_Junb_4,Junb,184.993112140092,215.325348610011,110.628495182737,14.645903391633
Brie_Rps26_1,Rps26,157.880559525867,195.864840319388,0.392762959109816,16.7367467332949
Brie_Rps26_2,Rps26,154.620189274789,133.198432888116,4.7945369888727,2.86115001135708
Brie_Rps26_3,Rps26,152.04621276078,142.303808326848,0.201381479554908,0.01
Brie_Rps26_4,Rps26,162.170520382548,174.976037842297,0.201381479554908,9.70391003861407
Brie_Rps27_1,Rps27,62.4718300732777,53.3924952192315,0.201381479554908,0.01
Brie_Rps27_2,Rps27,187.5670886541,159.086265017844,0.775525918219632,0.770306669695222
Brie_Rps27_3,Rps27,156.679370485996,189.616053253592,36.5638625949874,120.138453811845
Brie_Rps27_4,Rps27,159.424945434272,120.522321983215,6.51697030486687,4.38176335074752
Brie_Ldha_1,Ldha,223.431161415955,229.072680154763,3.07210367287853,31.5627267923517
Brie_Ldha_2,Ldha,89.0695873847009,141.232587686997,7.85664066175122,4.19168668332372
Brie_Ldha_3,Ldha,195.460616630394,173.012133335904,333.587918864204,32.5131101294707
Brie_Ldha_4,Ldha,209.531688240308,202.827774478418,3.26348515243343,19.2077434098043
Brie_Tubb4b_1,Tubb4b,159.081748565737,147.659911526102,189.286283279804,2.86115001135708
Brie_Tubb4b_2,Tubb4b,178.815568506471,157.836507604685,1.54105183643926,249.200510992609
Brie_Tubb4b_3,Tubb4b,191.513852642247,230.322437567922,127.470065383569,47.909320190799
Brie_Tubb4b_4,Tubb4b,139.862723927806,193.900935812995,37.329388513207,348.800684722683
Brie_Arf1_1,Arf1,247.454942213369,233.357562714166,333.587918864204,268.778407737261
Brie_Arf1_2,Arf1,268.561549628241,299.951779158224,439.804640017178,291.397531160694
Brie_Arf1_3,Arf1,233.898665906257,245.498063299142,236.748890209421,174.120227360206
Brie_Arf1_4,Arf1,137.803542716599,94.8130266267958,49.960566163831,28.9016534484184
Brie_Cdh1_1,Cdh1,194.945821327592,225.144871141977,95.1265953387892,310.975427905346
Brie_Cdh1_2,Cdh1,182.59073406035,194.793619679537,63.3572697326745,3.4313800136285
Brie_Cdh1_3,Cdh1,176.413190426729,183.902876507721,86.7058102383733,168.417927337492
Brie_Cdh1_4,Cdh1,263.58519503449,247.640504578843,687.452274561229,303.942591210665
Brie_Ifitm3_1,Ifitm3,295.159306939664,297.809337878523,775.870518115597,357.544211424178
Brie_Ifitm3_2,Ifitm3,106.915824548495,129.627697421947,312.34457463361,82.1231203270839
Brie_Ifitm3_3,Ifitm3,173.324418609919,105.525233025304,0.584144438664724,255.092887682747
Brie_Ifitm3_4,Ifitm3,145.18227539009,118.73695425013,44.2191217771837,6.66268335983319
Brie_Eif3h_1,Eif3h,254.490478018326,261.744909670212,2.30657775465889,45.0581701794419
Brie_Eif3h_2,Eif3h,283.147416540957,290.132256626258,1.92381479554908,54.1818502157845
Brie_Eif3h_3,Eif3h,184.47831683729,235.678540767176,6.13420734575705,0.200076667423805
Brie_Eif3h_4,Eif3h,176.069993558195,198.721428692323,14.1722294870632,4.57184001817133
Brie_Npm1_1,Npm1,91.1287685959078,103.025718198985,0.201381479554908,0.01
Brie_Npm1_2,Npm1,267.36036058837,282.455175373994,164.406690937666,36.124566810523
Brie_Npm1_3,Npm1,152.217811195048,137.840388994136,0.392762959109816,27.7611934438756
Brie_Npm1_4,Npm1,164.058103159488,180.51067781486,13.2153220892886,0.200076667423805
Brie_Atf4_1,Atf4,234.241862774791,228.537069834837,362.486522276996,135.154510538326
Brie_Atf4_2,Atf4,194.774222893325,214.789738290085,21.2533442305948,50.0001635324608
Brie_Atf4_3,Atf4,46.3415772521565,73.5671506030883,0.201381479554908,6.66268335983319
Brie_Atf4_4,Atf4,202.152955566816,145.338933473092,356.553696410793,122.989603823202
Brie_Spint2_1,Spint2,119.270911815736,110.524262677941,0.392762959109816,13.3153667196664
Brie_Spint2_2,Spint2,111.54898227371,89.6354602008503,8.62216657997086,11.2245233780045
Brie_Spint2_3,Spint2,199.064183750006,152.123330858814,959.022594049644,624.601929154624
Brie_Spint2_4,Spint2,228.235917575438,223.716576955509,633.29131584719,505.99408868217
Brie_Atp5b_1,Atp5b,206.27131798923,196.936060959239,0.584144438664724,15.9764400635997
Brie_Atp5b_2,Atp5b,190.484262036643,172.833596562596,173.975764915411,28.9016534484184
Brie_Atp5b_3,Atp5b,166.803678107763,197.650208052473,3.45486663198834,0.01
Brie_Atp5b_4,Atp5b,318.839890868544,300.130315931533,3.83762959109816,259.464651033494
Brie_Chmp4b_1,Chmp4b,163.200110988151,124.093057449384,52.8312883571546,160.624783973116
Brie_Chmp4b_2,Chmp4b,167.833268713367,169.798471416352,0.775525918219632,0.01
Brie_Chmp4b_3,Chmp4b,203.010947738152,211.397539597225,15.3205183643926,71.288750283927
Brie_Chmp4b_4,Chmp4b,182.59073406035,136.590631580977,0.392762959109816,5.33214668786655
Brie_Hspa8_1,Hspa8,263.928391903025,204.256068664886,306.220367287853,26.430656771909
Brie_Hspa8_2,Hspa8,142.265102007547,161.228706297545,25.0809738216929,24.5298900976709
Brie_Hspa8_3,Hspa8,119.270911815736,79.8159376688846,2.4979592342138,19.587896744652
Brie_Hspa8_4,Hspa8,128.3656288319,164.620904990406,13.0239406097337,18.6375134075329
Brie_Ywhae_1,Ywhae,277.484668210137,220.145841489339,0.775525918219632,22.8192000908566
Brie_Ywhae_2,Ywhae,185.507907442893,189.437516480283,0.96690739777454,19.587896744652
Brie_Ywhae_3,Ywhae,209.188491371773,228.894143381454,35.6069551972129,68.2475236051461
Brie_Ywhae_4,Ywhae,243.67977665949,230.858047887847,201.151935012208,42.2070201680848
Brie_Atp5a1_1,Atp5a1,174.182410781255,186.223854560731,0.96690739777454,17.3069767355663
Brie_Atp5a1_2,Atp5a1,147.927850338366,181.581898454711,13.2153220892886,24.5298900976709
Brie_Atp5a1_3,Atp5a1,179.330363809272,238.892202686728,0.392762959109816,10.6542933757331
Brie_Atp5a1_4,Atp5a1,364.485074383631,334.944986726684,5.56006290709233,13.5054433870902
Brie_Btf3_1,Btf3,165.087693765091,153.194551498664,0.392762959109816,16.9268234007187
Brie_Btf3_2,Btf3,202.152955566816,178.903846855084,9.19631101863558,13.695520054514
Brie_Btf3_3,Btf3,141.063912967677,167.65603013665,17.4257146394966,114.246077121707
Brie_Btf3_4,Btf3,86.3240124364249,146.410154112943,0.584144438664724,0.200076667423805
Brie_Txn1_1,Txn1,157.537362657332,159.086265017844,0.392762959109816,0.01
Brie_Txn1_2,Txn1,241.79219388255,188.723369387049,3.26348515243343,75.8505903020984
Brie_Txn1_3,Txn1,0.01,0.902683866542334,0.01,0.01
Brie_Txn1_4,Txn1,170.064048358841,153.908698591898,4.22039255020797,7.2329133621046
Chopchop_Eno1_1,Eno1,272.679912050654,222.288282769041,0.96690739777454,12.745136717395
Chopchop_Eno1_2,Eno1,186.022702745695,180.689214588168,296.268530350997,440.037485086109
Chopchop_Eno1_3,Eno1,185.851104311428,159.264801791152,20.2964368328202,181.913370724582
Chopchop_Eno1_4,Eno1,159.768142302806,126.592572275703,29.2913663719009,14.8359800590568
Brie_Mcl1_1,Mcl1,191.513852642247,192.829715173144,190.051809198024,27.7611934438756
Brie_Mcl1_2,Mcl1,126.306447620693,117.130123290354,4.22039255020797,75.4704369672507
Brie_Mcl1_3,Mcl1,224.460752021558,281.74102828076,178.760301904284,0.200076667423805
Brie_Mcl1_4,Mcl1,181.046348151945,221.931209222424,3.26348515243343,12.5550600499712
Brie_Itgb1_1,Itgb1,153.247401800651,161.942853390779,0.96690739777454,0.01
Brie_Itgb1_2,Itgb1,228.922311312507,237.999518820186,0.392762959109816,5.14207002044275
Brie_Itgb1_3,Itgb1,170.407245227376,199.07850223894,27.1861700967969,0.580230002271416
Brie_Itgb1_4,Itgb1,155.134984577591,153.194551498664,0.96690739777454,0.01
Brie_Tubb5_1,Tubb5,157.537362657332,140.339903820455,134.16841716799,53.8016968809369
Brie_Tubb5_2,Tubb5,197.348199407333,227.822922741604,75.9884473832985,46.5787835188323
Brie_Tubb5_3,Tubb5,102.282666823279,151.587720538888,0.201381479554908,0.01
Brie_Tubb5_4,Tubb5,184.649915271557,181.046288134785,48.4295143273917,65.5864502612129
Brie_Cox6b1_1,Cox6b1,203.525743040954,244.248305885982,313.301482031384,252.24173767139
Brie_Cox6b1_2,Cox6b1,181.389545020479,187.652148747199,142.971965227516,328.65255797576
Brie_Cox6b1_3,Cox6b1,176.584788860997,177.654089441924,317.703256061147,74.5200536301317
Brie_Cox6b1_4,Cox6b1,299.964063099147,256.388806470958,54.3623401935938,372.750344818082
Brie_Ddx5_1,Ddx5,81.6908547112093,81.7798421752778,0.775525918219632,4.57184001817133
Brie_Ddx5_2,Ddx5,222.401570810351,186.045317787422,7.47387770264141,79.8422003179983
Brie_Ddx5_3,Ddx5,174.52560764979,174.797501068989,2.68934071376871,22.6291234234328
Brie_Ddx5_4,Ddx5,183.620324665954,168.727250776501,16.4688072417221,3.81153334847611
Brie_Pitx1_1,Pitx1,216.738822479532,233.536099487474,247.849016023606,126.220907169407
Brie_Pitx1_2,Pitx1,214.336444399791,216.039495703245,104.312906357425,344.428921371935
Brie_Pitx1_3,Pitx1,218.283208387937,231.393658207773,398.083477474208,201.491267469234
Brie_Pitx1_4,Pitx1,208.845294503239,222.288282769041,22.5930145874791,549.141492187374
Brie_Actr3_1,Actr3,203.525743040954,181.760435228019,72.9263437104199,64.8261435915176
Brie_Actr3_2,Actr3,92.3299576357786,98.7408356395821,4.22039255020797,30.8024201226565
Brie_Actr3_3,Actr3,135.744361505392,184.438486827646,54.1709587140389,6.09245335756177
Brie_Actr3_4,Actr3,213.650050662722,127.306719368937,1.15828887732945,3.05122667878089
Brie_Pfn1_1,Pfn1,206.099719554963,145.874543793017,0.392762959109816,9.89398670603788
Brie_Pfn1_2,Pfn1,210.389680411644,213.182907330309,7.2824962230865,86.4948836778315
Brie_Pfn1_3,Pfn1,205.070128949359,173.012133335904,3.83762959109816,16.7367467332949
Brie_Pfn1_4,Pfn1,283.490613409491,297.809337878523,1.54105183643926,13.5054433870902
Brie_Ppia_1,Ppia,361.739499435355,376.186981360939,81.5385102903908,522.720835415465
Brie_Ppia_2,Ppia,231.83948469505,207.826804131055,127.470065383569,107.213240427026
Brie_Ppia_3,Ppia,124.590463278021,135.162337394509,0.392762959109816,23.1993534257043
Brie_Ppia_4,Ppia,125.963250752159,141.946734780231,83.6437065654948,113.675847119436
Brie_Scd2_1,Scd2,213.993247531256,191.937031306602,0.775525918219632,31.1825734575041
Brie_Scd2_2,Scd2,180.016757546341,154.622845685132,0.96690739777454,8.18329669922363
Brie_Scd2_3,Scd2,236.129445551731,126.056961955778,0.584144438664724,0.200076667423805
Brie_Scd2_4,Scd2,159.081748565737,144.44624960655,0.392762959109816,0.200076667423805
Brie_Eif4g2_1,Eif4g2,220.342389599144,246.747820712301,35.6069551972129,69.9582136119604
Brie_Eif4g2_2,Eif4g2,135.915959939659,146.053080566326,3.07210367287853,0.01
Brie_Eif4g2_3,Eif4g2,256.892856098068,228.715606608146,156.75143175547,107.593393761874
Brie_Eif4g2_4,Eif4g2,166.632079673496,185.688244240805,0.201381479554908,15.0260567264806
Brie_Rab7_1,Rab7,137.975141150866,161.764316617471,288.230508209691,145.418650579211
Brie_Rab7_2,Rab7,193.229836984919,161.764316617471,511.955457809379,112.91554044974
Brie_Rab7_3,Rab7,133.685180294185,165.33505208364,157.899720632799,16.3565933984473
Brie_Rab7_4,Rab7,209.531688240308,208.362414450981,68.9073326397669,729.714326239989
Brie_Myl6_1,Myl6,203.354144606687,188.723369387049,97.4231730934481,204.532494148015
Brie_Myl6_2,Myl6,236.129445551731,234.250246580708,485.162050671692,964.459010508389
Brie_Myl6_3,Myl6,217.253617782334,259.423931617202,117.900991405823,46.5787835188323
Brie_Myl6_4,Myl6,180.874749717678,173.012133335904,69.4814770784316,16.5466700658711
Brie_H3f3a_1,H3f3a,169.206056187505,174.976037842297,106.800865591639,409.245064963453
Brie_H3f3a_2,H3f3a,137.803542716599,158.907728244535,191.391479554908,66.7269102657557
Brie_H3f3a_3,H3f3a,66.5901924956916,94.6344898534874,0.201381479554908,25.4802734347899
Brie_H3f3a_4,H3f3a,239.046618934274,228.537069834837,4.98591846842761,58.5536135665321
Brie_Hsp90b1_1,Hsp90b1,218.798003690739,197.650208052473,6.51697030486687,186.855364077601
Brie_Hsp90b1_2,Hsp90b1,213.478452228454,218.539010529563,56.8502994278076,143.137730570125
Brie_Hsp90b1_3,Hsp90b1,167.833268713367,142.660881873465,132.063220892886,67.6772936028747
Brie_Hsp90b1_4,Hsp90b1,223.602759850222,220.502915035956,8.04802214130613,170.128617344306
Brie_Cap1_1,Cap1,171.951631135781,212.468760237075,5.56006290709233,0.01
Brie_Cap1_2,Cap1,214.164845965523,217.110716343096,45.1760291749583,108.543777098993
Brie_Cap1_3,Cap1,180.016757546341,216.039495703245,133.977035688436,94.6681803770551
Brie_Cap1_4,Cap1,174.182410781255,197.293134505856,3.07210367287853,11.6046767128521
Brie_Pfdn5_1,Pfdn5,205.756522686428,200.863869972025,9.5790739777454,13.8855967219378
Brie_Pfdn5_2,Pfdn5,259.638431046344,266.208329002924,1.15828887732945,78.3215869786078
Brie_Pfdn5_3,Pfdn5,269.934337102379,173.369206882521,16.2774257621672,7.99322003179983
Brie_Pfdn5_4,Pfdn5,247.454942213369,216.57510602317,1.34967035688436,17.3069767355663
Brie_Eif4b_1,Eif4b,193.401435419187,150.516499899037,12.2584146915141,361.535821440078
Brie_Eif4b_2,Eif4b,252.946092109921,244.783916205908,90.1506768703616,68.6276769399937
Brie_Eif4b_3,Eif4b,235.786248683197,224.073650502126,94.5524509001245,893.940566894157
Brie_Eif4b_4,Eif4b,168.348064016169,175.690184935531,144.503017063955,199.970654129843
Brie_Rpl39_1,Rpl39,174.182410781255,148.374058619336,0.392762959109816,0.01
Brie_Rpl39_2,Rpl39,183.963521534488,172.655059789287,0.584144438664724,14.0756733893616
Brie_Rpl39_3,Rpl39,87.0104061734939,80.8871583087354,0.584144438664724,0.01
Brie_Rpl39_4,Rpl39,68.3061768383641,79.6374008955762,0.392762959109816,0.01
Brie_Hnrnpa3_1,Hnrnpa3,206.099719554963,221.574135675807,54.9364846322586,138.38581388453
Brie_Hnrnpa3_2,Hnrnpa3,138.833133322202,143.375028966699,484.970669192137,14.0756733893616
Brie_Hnrnpa3_3,Hnrnpa3,111.720580707977,119.629638116673,0.392762959109816,29.281806783266
Brie_Hnrnpa3_4,Hnrnpa3,138.489936453668,123.914520676076,0.392762959109816,3.6214566810523
Brie_Hnrnpf_1,Hnrnpf,201.809758698282,169.441397869735,98.3800804912227,173.169844023087
Brie_Hnrnpf_2,Hnrnpf,153.590598669185,169.798471416352,5.75144438664724,104.172013748245
Brie_Hnrnpf_3,Hnrnpf,218.283208387937,184.259950054338,19.3395294350457,141.997270565583
Brie_Hnrnpf_4,Hnrnpf,241.963792316817,253.353681324714,4.02901107065307,338.15639134695
Brie_Uqcrb_1,Uqcrb,256.721257663801,256.388806470958,71.5866733535356,114.816307123978
Brie_Uqcrb_2,Uqcrb,141.407109836211,142.839418646773,7.2824962230865,15.9764400635997
Brie_Uqcrb_3,Uqcrb,208.502097634704,215.860958929936,95.8921212570089,46.7688601862561
Brie_Uqcrb_4,Uqcrb,182.762332494617,203.541921571652,77.1367362606279,5.90237669013797
Brie_Brk1_1,Brk1,136.773952110995,109.988652358016,6.89973326397669,7.80314336437602
Brie_Brk1_2,Brk1,144.324283218754,162.121390164088,39.434584788311,72.2391336210461
Brie_Brk1_3,Brk1,145.18227539009,123.200373582842,32.3534700447794,78.131510311184
Brie_Brk1_4,Brk1,169.720851490307,192.11556807991,20.1050553532653,47.5291668559513
Brie_Srsf5_1,Srsf5,204.555333646558,188.009222293815,212.443442305948,329.222787978031
Brie_Srsf5_2,Srsf5,164.572898462289,183.367266187795,504.300198627182,307.744124559141
Brie_Srsf5_3,Srsf5,239.90461110561,249.068798765311,25.8464997399126,50.760470202156
Brie_Srsf5_4,Srsf5,205.928121120696,244.248305885982,22.4016331079242,368.378581467335
Brie_Tmsb10_1,Tmsb10,210.218081977377,199.792649332174,141.249531911522,674.402016019662
Brie_Tmsb10_2,Tmsb10,195.803813498928,201.935090611876,6.51697030486687,49.0497801953418
Brie_Tmsb10_3,Tmsb10,99.8802887435374,103.918402065528,6.89973326397669,168.417927337492
Brie_Tmsb10_4,Tmsb10,124.075667975219,128.735013555404,3.64624811154325,0.01
Brie_Dnaja2_1,Dnaja2,204.898530515092,216.218032476553,10.5359813755199,162.905703982201
Brie_Dnaja2_2,Dnaja2,238.188626762938,241.213180739739,128.235591301788,99.0399437278026
Brie_Dnaja2_3,Dnaja2,216.22402717673,222.109745995733,168.425702008319,138.38581388453
Brie_Dnaja2_4,Dnaja2,136.945550545263,278.527366361208,99.3369878889972,32.1329567946231
Brie_Hnrnpa0_1,Hnrnpa0,275.597085433198,227.10877564837,165.554979814995,47.909320190799
Brie_Hnrnpa0_2,Hnrnpa0,226.005137929963,198.542891919015,143.354728186626,63.3055302521272
Brie_Hnrnpa0_3,Hnrnpa0,288.810164871776,195.68630354608,127.852828342678,140.85681056104
Brie_Hnrnpa0_4,Hnrnpa0,242.650186053886,259.959541937128,191.200098075353,66.3467569309081
Brie_Gng5_1,Gng5,363.112286909493,386.006503892905,776.253281074706,514.737615383665
Brie_Gng5_2,Gng5,220.170791164877,250.854166498396,461.430747206883,339.296851351493
Brie_Gng5_3,Gng5,237.330634591602,199.07850223894,171.296424201643,78.8918169808792
Brie_Gng5_4,Gng5,167.318473410565,148.374058619336,7.47387770264141,103.221630411126
Brie_Edf1_1,Edf1,209.703286674575,170.691155282894,17.6170961190515,45.6284001817133
Brie_Edf1_2,Edf1,233.040673734921,232.821952394241,160.579061346568,159.674400635997
Brie_Edf1_3,Edf1,203.354144606687,243.534158792749,81.155747331281,96.7590237187169
Brie_Edf1_4,Edf1,210.218081977377,206.934120264513,603.24442355707,43.7276335074752
Brie_Rer1_1,Rer1,141.063912967677,125.521351635852,16.660188721277,102.651400408855
Brie_Rer1_2,Rer1,223.431161415955,237.642445273569,142.780583747961,63.495606919551
Brie_Rer1_3,Rer1,194.602624459057,159.621875337769,112.542309978286,39.9261001589991
Brie_Rer1_4,Rer1,103.48385586315,82.3154524952032,2.88072219332362,31.5627267923517
Brie_Atp5c1_1,Atp5c1,262.212407560352,287.63274179994,95.700739777454,35.174183473404
Brie_Atp5c1_2,Atp5c1,143.809487915952,139.625756727221,10.344599895965,79.6521236505745
Brie_Atp5c1_3,Atp5c1,129.566817871771,151.230646992271,32.7362330038893,24.1497367628233
Brie_Atp5c1_4,Atp5c1,198.377790012937,177.654089441924,10.5359813755199,13.1252900522426
Chopchop_Itgb4_1,Itgb4,263.413596600223,284.597616653696,15.5118998439475,101.510940404312
Chopchop_Itgb4_2,Itgb4,164.058103159488,213.539980876926,0.392762959109816,172.789690688239
Chopchop_Itgb4_3,Itgb4,132.483991254314,142.482345100156,0.201381479554908,35.174183473404
Chopchop_Itgb4_4,Itgb4,170.578843661643,153.73016181859,139.527098595528,79.0818936483031
Brie_Hnrnpa1_1,Hnrnpa1,146.211865995694,174.61896429568,0.392762959109816,207.193567491948
Brie_Hnrnpa1_2,Hnrnpa1,150.673425286642,141.411124460306,18.3826220372712,339.106774684069
Brie_Hnrnpa1_3,Hnrnpa1,151.016622155177,146.231617339634,9.38769249819049,0.01
Brie_Hnrnpa1_4,Hnrnpa1,87.0104061734939,109.095968491473,26.8034071376871,18.4474367401091
Brie_Rps27l_1,Rps27l,81.1760594084075,90.3496072940842,4.41177402976288,23.3894300931281
Brie_Rps27l_2,Rps27l,88.8979889504336,141.946734780231,0.201381479554908,0.390153334847611
Brie_Rps27l_3,Rps27l,112.063777576512,113.202314277568,13.4067035688436,0.200076667423805
Brie_Rps27l_4,Rps27l,107.259021417029,94.098879533562,231.007445822774,0.01
Brie_Ssb_1,Ssb,327.763009450441,298.702021745065,0.392762959109816,0.580230002271416
Brie_Ssb_2,Ssb,81.1760594084075,69.8178783636105,0.392762959109816,0.390153334847611
Brie_Ssb_3,Ssb,207.644105463368,200.3282596521,26.0378812194675,94.8582570444789
Brie_Ssb_4,Ssb,181.046348151945,213.897054423543,85.3661398814889,11.9848300476997
Brie_Set_1,Set,230.638295655179,279.241513454442,591.187390345111,176.020994034444
Brie_Set_2,Set,152.561008063582,143.910639286624,16.0860442826123,0.01
Brie_Set_3,Set,256.549659229533,229.42975370138,76.945354781073,731.615092914227
Brie_Set_4,Set,92.8447529385803,98.7408356395821,26.4206441785773,210.995100840424
Brie_Ppp1r14b_1,Ppp1r14b,168.176465581901,181.046288134785,226.222908833901,68.8177536074176
Brie_Ppp1r14b_2,Ppp1r14b,230.981492523714,227.287312421678,191.774242514018,449.731395124724
Brie_Ppp1r14b_3,Ppp1r14b,160.454536039875,144.44624960655,0.392762959109816,15.7863633961758
Brie_Ppp1r14b_4,Ppp1r14b,156.850968920263,186.223854560731,0.201381479554908,61.4047635778891
Brie_Chchd2_1,Chchd2,229.093909746774,186.580928107348,302.009974737645,21.6787400863138
Brie_Chchd2_2,Chchd2,231.496287826515,263.17320385668,387.557496098689,154.732407282978
Brie_Chchd2_3,Chchd2,191.513852642247,153.73016181859,7.09111474353159,25.2901967673661
Brie_Chchd2_4,Chchd2,213.993247531256,195.507766772771,41.9225440225248,166.32708399583
Brie_Hsd17b12_1,Hsd17b12,132.312392820047,99.6335195061244,0.775525918219632,4.00161001589991
Brie_Hsd17b12_2,Hsd17b12,230.466697220912,198.00728159909,6.89973326397669,4.00161001589991
Brie_Hsd17b12_3,Hsd17b12,147.756251904099,153.016014725356,390.428218292012,177.921760708682
Brie_Hsd17b12_4,Hsd17b12,193.916230721988,211.040466050608,7.09111474353159,15.0260567264806
Brie_Polr2m_1,Polr2m,286.236188357767,255.674659377724,284.211497139038,112.345310447469
Brie_Polr2m_2,Polr2m,195.289018196126,225.501944688593,41.9225440225248,42.016943500661
Brie_Polr2m_3,Polr2m,183.448726231686,225.144871141977,130.532169056447,19.587896744652
Brie_Polr2m_4,Polr2m,208.330499200437,165.33505208364,264.881967703993,4.19168668332372
Brie_D8Ertd738e_1,D8Ertd738e,206.099719554963,199.07850223894,0.584144438664724,85.5445003407124
Brie_D8Ertd738e_2,D8Ertd738e,263.756793468758,289.061035986408,349.855344626372,16.9268234007187
Brie_D8Ertd738e_3,D8Ertd738e,209.703286674575,193.186788719761,14.3636109666181,216.317247528291
Brie_D8Ertd738e_4,D8Ertd738e,251.916501504318,253.88929164464,41.9225440225248,83.4536569990506
Brie_Nckap1_1,Nckap1,141.407109836211,133.555506434733,37.7121514723169,57.0330002271416
Brie_Nckap1_2,Nckap1,73.6257283006487,75.1739815628645,0.01,17.6871300704139
Brie_Nckap1_3,Nckap1,159.768142302806,183.724339734412,305.263459890078,103.031553743703
Brie_Nckap1_4,Nckap1,221.028783336213,215.860958929936,115.413032171609,94.2880270422075
Brie_Arpc3_1,Arpc3,147.756251904099,176.047258482148,35.415573717658,4.76191668559513
Brie_Arpc3_2,Arpc3,96.791516926727,142.839418646773,7.09111474353159,25.1001200999423
Brie_Arpc3_3,Arpc3,200.436971224144,222.46681954235,103.547380439205,34.4138768037088
Brie_Arpc3_4,Arpc3,164.744496896557,148.909668939261,50.5347106024957,6.66268335983319
Brie_Stip1_1,Stip1,123.38927423815,84.4578937749048,157.134194714579,7.99322003179983
Brie_Stip1_2,Stip1,155.134984577591,84.6364305482132,8.62216657997086,0.01
Brie_Stip1_3,Stip1,112.750171313581,114.273534917419,0.01,3.4313800136285
Brie_Stip1_4,Stip1,204.38373521229,183.545802961104,15.8946628030574,43.3474801726276
Brie_Atp5d_1,Atp5d,241.963792316817,225.85901823521,82.8781806472751,207.003490824524
Brie_Atp5d_2,Atp5d,115.32414782759,190.687273893442,99.1456064094423,128.88198051334
Brie_Atp5d_3,Atp5d,254.147281149792,231.036584661156,613.579023453035,18.8275900749567
Brie_Atp5d_4,Atp5d,168.348064016169,171.048228829511,26.4206441785773,24.3398134302471
Brie_Pfdn1_1,Pfdn1,202.667750869618,212.468760237075,24.889592342138,19.3978200772282
Brie_Pfdn1_2,Pfdn1,193.916230721988,228.358533061529,4.60315550931779,265.166951056209
Brie_Pfdn1_3,Pfdn1,133.856778728452,99.6335195061244,42.8794514202994,0.01
Brie_Pfdn1_4,Pfdn1,113.43656505065,171.405302376128,16.660188721277,9.32375670376646
Brie_Rab6a_1,Rab6a,215.880830308196,198.721428692323,2485.8640379387,2252.79866230694
Brie_Rab6a_2,Rab6a,127.507636660564,173.904817202447,109.671587784962,20.9184334166186
Brie_Rab6a_3,Rab6a,149.129039378237,159.800412111078,32.9276144834442,292.72806783266
Brie_Rab6a_4,Rab6a,152.04621276078,208.183877677672,16.8515702008319,28.1413467787232
Brie_Maea_1,Maea,186.36589961423,181.224824908094,77.1367362606279,117.667457135336
Brie_Maea_2,Maea,209.360089806041,206.755583491204,42.8794514202994,0.01
Brie_Maea_3,Maea,133.685180294185,144.624786379858,0.01,0.01
Brie_Maea_4,Maea,236.472642420265,238.356592366803,896.632231714744,18.8275900749567
Brie_Csnk1a1_1,Csnk1a1,181.904340323281,168.191640456576,0.201381479554908,47.5291668559513
Brie_Csnk1a1_2,Csnk1a1,203.18254617242,166.763346270108,42.4966884611896,66.3467569309081
Brie_Csnk1a1_3,Csnk1a1,196.661805670264,154.087235365207,8.43078510041595,5.71230002271416
Brie_Csnk1a1_4,Csnk1a1,201.29496339548,241.927327832972,39.0518218292012,2.67107334393328
Brie_Itga6_1,Itga6,224.289153587291,202.827774478418,68.9073326397669,7.99322003179983
Brie_Itga6_2,Itga6,216.052428742463,207.469730584438,14.554992446173,2.86115001135708
Brie_Itga6_3,Itga6,56.9806801767258,65.8900693508242,0.201381479554908,0.01
Brie_Itga6_4,Itga6,115.32414782759,161.764316617471,14.1722294870632,0.390153334847611
Brie_Pgam1_1,Pgam1,171.608434267246,165.156515310332,0.584144438664724,38.9757168218801
Brie_Pgam1_2,Pgam1,145.525472258625,124.450130996001,4.60315550931779,7.80314336437602
Brie_Pgam1_3,Pgam1,191.170655773712,188.009222293815,0.392762959109816,20.9184334166186
Brie_Pgam1_4,Pgam1,170.064048358841,169.798471416352,13.9808480075083,0.01
Brie_Sox2_1,Sox2,165.945685936427,173.54774365583,158.856628030574,53.0413902112417
Brie_Sox2_2,Sox2,81.0044609741403,85.8861879613725,16.0860442826123,47.1490135211037
Brie_Sox2_3,Sox2,249.857320293111,228.17999628822,221.629753324583,172.789690688239
Brie_Sox2_4,Sox2,170.75044209591,131.59160192834,1807.99083735522,130.40259385273
Brie_Hif1a_1,Hif1a,246.253753173499,294.060065639045,272.728608365744,285.315077803132
Brie_Hif1a_2,Hif1a,206.099719554963,174.976037842297,65.8452289668883,100.180403732345
Brie_Hif1a_3,Hif1a,99.1938950064684,106.060843345229,42.8794514202994,77.5612803089126
Brie_Hif1a_4,Hif1a,85.6376186993559,75.8881286560984,105.269813755199,0.01
Brie_Ptprf_1,Ptprf,174.52560764979,156.765286964834,24.6982108625831,156.253020622368
Brie_Ptprf_2,Ptprf,173.324418609919,194.43654613292,25.2723553012478,24.1497367628233
Brie_Ptprf_3,Ptprf,284.348605580827,233.893173034091,14.1722294870632,76.9910503066412
Brie_Ptprf_4,Ptprf,231.667886260783,276.741998628123,251.102501176039,136.294970542868
Brie_Atp5h_1,Atp5h,205.584924252161,242.641474926206,357.319222329013,55.5123868877512
Brie_Atp5h_2,Atp5h,211.076074148713,179.082383628392,88.6196250339224,154.162177280706
Brie_Atp5h_3,Atp5h,209.531688240308,199.257039012249,17.2343331599417,32.1329567946231
Brie_Atp5h_4,Atp5h,208.673696068972,193.722399039686,5.75144438664724,37.074950147642
Brie_Srpr_1,Srpr,297.046889716603,311.556669423274,0.775525918219632,15.2161333939044
Brie_Srpr_2,Srpr,158.223756394401,166.763346270108,9.5790739777454,150.740797267078
Brie_Srpr_3,Srpr,220.857184901946,224.073650502126,90.9162027885813,7.80314336437602
Brie_Srpr_4,Srpr,161.998921948281,183.545802961104,0.01,59.3139202362273
Brie_Itga3_1,Itga3,164.229701593755,151.052110218963,77.7108806992926,53.2314668786655
Brie_Itga3_2,Itga3,200.265372789876,244.426842659291,84.7919954428242,34.0337234688612
Brie_Itga3_3,Itga3,180.016757546341,176.582868802074,47.0898439705073,29.8520367855374
Brie_Itga3_4,Itga3,190.312663602376,172.833596562596,5.17729994798251,9.51383337119027
Brie_Ncl_1,Ncl,217.940011519403,209.255098317523,104.12152487787,111.965157112621
Brie_Ncl_2,Ncl,178.643970072203,176.761405575382,0.392762959109816,0.200076667423805
Brie_Ncl_3,Ncl,134.886369334056,145.5174702464,82.1126547290555,39.3558701567277
Brie_Ncl_4,Ncl,129.566817871771,143.910639286624,5.75144438664724,17.3069767355663
Brie_Myl12a_1,Myl12a,191.685451076514,178.903846855084,0.775525918219632,6.66268335983319
Brie_Myl12a_2,Myl12a,137.631944282332,135.340874167818,0.584144438664724,0.390153334847611
Brie_Myl12a_3,Myl12a,190.141065168109,217.110716343096,534.729853876413,81.7429669922363
Brie_Myl12a_4,Myl12a,281.259833764017,296.559580465363,184.693127770486,306.603664554598
Brie_Ap2s1_1,Ap2s1,247.283343779102,225.501944688593,127.087302424459,379.403028177916
Brie_Ap2s1_2,Ap2s1,236.644240854533,293.881528865736,53.4054327958193,0.390153334847611
Brie_Ap2s1_3,Ap2s1,274.395896393327,237.463908500261,191.200098075353,90.1063403588838
Brie_Ap2s1_4,Ap2s1,185.679505877161,210.147782184065,133.402891249771,47.3390901885275
Brie_Rarg_1,Rarg,130.939605345909,131.234528381723,0.392762959109816,0.200076667423805
Brie_Rarg_2,Rarg,147.06985816703,139.982830273838,6.32558882531196,0.01
Brie_Rarg_3,Rarg,148.95744094397,140.161367047146,26.8034071376871,16.3565933984473
Brie_Rarg_4,Rarg,181.046348151945,173.369206882521,0.392762959109816,14.4558267242092
Brie_Mbd2_1,Mbd2,196.147010367463,203.898995118269,333.205155905095,307.17389455687
Brie_Mbd2_2,Mbd2,263.070399731689,265.137108363073,166.89465017188,475.771898561785
Brie_Mbd2_3,Mbd2,193.916230721988,226.394628555136,61.6348364166804,141.997270565583
Brie_Mbd2_4,Mbd2,164.229701593755,159.800412111078,93.2127805432402,117.857533802759
Brie_Strap_1,Strap,264.614785640094,248.354651672077,5.75144438664724,33.8436468014374
Brie_Strap_2,Strap,125.963250752159,148.374058619336,0.392762959109816,3.24130334620469
Brie_Strap_3,Strap,167.318473410565,219.431694396106,3.45486663198834,7.0428366946808
Brie_Strap_4,Strap,128.708825700435,151.944794085505,167.851557569654,36.124566810523
Brie_Ap2m1_1,Ap2m1,251.058509332981,243.35562201944,51.1088550411604,26.6207334393328
Brie_Ap2m1_2,Ap2m1,118.069722775866,101.061813692592,71.0125289148708,86.1147303429838
Brie_Ap2m1_3,Ap2m1,208.673696068972,219.074620849489,43.0708328998543,88.2055736846457
Brie_Ap2m1_4,Ap2m1,139.862723927806,150.516499899037,287.847745250582,251.101277666847
Brie_Cox7b_1,Cox7b,138.833133322202,139.982830273838,3.64624811154325,47.3390901885275
Brie_Cox7b_2,Cox7b,77.2292954202609,103.561328518911,13.0239406097337,26.6207334393328
Brie_Cox7b_3,Cox7b,189.283072996773,194.615082906229,38.0949144314267,77.3712036414888
Brie_Cox7b_4,Cox7b,130.939605345909,162.478463710705,137.421902320424,19.7779734120758
Brie_Cfdp1_1,Cfdp1,246.253753173499,274.421020575113,12.8325591301788,332.264014656812
Brie_Cfdp1_2,Cfdp1,111.034186970908,128.735013555404,106.992247071194,95.0483337119027
Brie_Cfdp1_3,Cfdp1,135.22956620259,148.731132165953,6.51697030486687,227.151617571447
Brie_Cfdp1_4,Cfdp1,177.442781032333,223.002429862275,345.070807637499,1238.73964160094
Brie_Cox7c_1,Cox7c,186.194301179962,190.330200346826,256.461182603577,429.5832683778
Brie_Cox7c_2,Cox7c,147.756251904099,160.157485657695,6.89973326397669,17.3069767355663
Brie_Cox7c_3,Cox7c,153.419000234918,154.801382458441,101.250802684546,198.8301941253
Brie_Cox7c_4,Cox7c,160.969331342677,146.410154112943,120.197569160482,4.38176335074752
Brie_Nudc_1,Nudc,201.809758698282,212.647297010384,20.1050553532653,219.358474207071
Brie_Nudc_2,Nudc,155.478181446125,164.799441763715,0.201381479554908,5.33214668786655
Brie_Nudc_3,Nudc,229.608705049576,225.680481461902,732.618303736188,89.7261870240362
Brie_Nudc_4,Nudc,268.733148062508,267.101012869466,50.9174735616055,232.663840926738
Brie_Sec62_1,Sec62,218.798003690739,274.421020575113,193.305294350457,121.849143818659
Brie_Sec62_2,Sec62,174.182410781255,197.471671279164,66.9935178442178,36.6947968127944
Brie_Sec62_3,Sec62,106.744226114227,132.662822568191,51.6829994798251,67.8673702702985
Brie_Sec62_4,Sec62,135.057967768323,114.273534917419,0.392762959109816,4.95199335301894
Brie_Dnajc8_1,Dnajc8,170.407245227376,179.082383628392,181.248261138498,134.014050533783
Brie_Dnajc8_2,Dnajc8,207.987302331903,196.75752418593,44.2191217771837,27.5711167764518
Brie_Dnajc8_3,Dnajc8,197.005002538799,191.222884213368,4.02901107065307,33.4634934665897
Brie_Dnajc8_4,Dnajc8,126.821242923495,150.159426352421,1.34967035688436,8.37337336664744
Brie_Vapa_1,Vapa,244.537768830826,261.030762576978,39.0518218292012,57.603230229413
Brie_Vapa_2,Vapa,139.862723927806,179.796530721626,0.775525918219632,53.0413902112417
Brie_Vapa_3,Vapa,182.075938757548,131.770138701648,110.245732223627,135.914817208021
Brie_Vapa_4,Vapa,245.395761002162,154.622845685132,30.8224182083402,12.1749067151235
Brie_Cab39_1,Cab39,221.543578639015,207.648267357747,47.2812254500623,118.047610470183
Brie_Cab39_2,Cab39,162.170520382548,174.976037842297,30.6310367287853,251.481431001695
Brie_Cab39_3,Cab39,244.880965699361,260.673689030361,223.734949599687,164.996547323863
Brie_Cab39_4,Cab39,199.064183750006,216.753642796479,83.06956212683,577.843068968368
Brie_Tmem30a_1,Tmem30a,228.06431914117,271.564432202178,41.539781063415,23.7695834279757
Brie_Tmem30a_2,Tmem30a,266.330769982766,270.314674789019,22.0188701488144,36.5047201453706
Brie_Tmem30a_3,Tmem30a,227.206326969834,207.648267357747,31.3965626470049,42.2070201680848
Brie_Tmem30a_4,Tmem30a,264.614785640094,288.525425666482,75.9884473832985,111.585003777774
Brie_Ptbp1_1,Ptbp1,100.566682480606,123.914520676076,59.3382586620215,146.749187251178
Brie_Ptbp1_2,Ptbp1,275.42548699893,279.955660547676,506.596776381841,967.310160519746
Brie_Ptbp1_3,Ptbp1,140.377519230608,162.835537257322,215.314164499271,132.113283859545
Brie_Ptbp1_4,Ptbp1,236.301043985998,255.139049057799,245.552438268947,160.054553970844
Brie_Cept1_1,Cept1,181.046348151945,139.982830273838,0.392762959109816,0.01
Brie_Cept1_2,Cept1,204.212136778023,171.940912696053,1.15828887732945,0.200076667423805
Brie_Cept1_3,Cept1,124.247266409486,125.164278089235,232.347116179658,207.953874161643
Brie_Cept1_4,Cept1,205.756522686428,227.644385968295,0.584144438664724,20.3482034143472
Brie_Cwc15_1,Cwc15,181.561143454747,163.01407403063,105.652576714309,2.48099667650947
Brie_Cwc15_2,Cwc15,226.005137929963,178.18969976185,0.775525918219632,19.0176667423805
Brie_Cwc15_3,Cwc15,144.667480087289,150.873573445654,12.8325591301788,0.200076667423805
Brie_Cwc15_4,Cwc15,202.324554001083,240.320496873196,58.5727327438018,30.2321901203851
Brie_Fam83h_1,Fam83h,226.519933232765,189.973126800209,171.870568640307,282.654004459199
Brie_Fam83h_2,Fam83h,181.217946586212,127.128182595628,262.968152908443,18.8275900749567
Brie_Fam83h_3,Fam83h,318.153497131475,324.946927421409,74.840158505969,299.380751192494
Brie_Fam83h_4,Fam83h,130.424810043107,122.843300036225,122.876909874251,153.021717276163
Brie_Myh9_1,Myh9,217.425216216601,238.535129140112,38.2862959109816,14.8359800590568
Brie_Myh9_2,Myh9,101.081477783408,125.164278089235,0.201381479554908,0.960383337119027
Brie_Myh9_3,Myh9,197.691396275868,211.754613143842,1.34967035688436,4.76191668559513
Brie_Myh9_4,Myh9,275.940282301732,238.535129140112,0.584144438664724,17.1169000681425
Brie_Cdk4_1,Cdk4,193.229836984919,210.683392503991,31.7793256061147,99.610173730074
Brie_Cdk4_2,Cdk4,116.182139998926,132.841359341499,76.945354781073,43.7276335074752
Brie_Cdk4_3,Cdk4,201.809758698282,224.966334368668,53.4054327958193,106.072780422483
Brie_Cdk4_4,Cdk4,164.744496896557,128.377940008788,135.890850483985,84.974270338441
Chopchop_Eif4g1_1,Eif4g1,195.803813498928,232.107805301007,3.45486663198834,5.52222335529036
Chopchop_Eif4g1_2,Eif4g1,272.165116747853,290.132256626258,238.088560566305,144.84842057694
Chopchop_Eif4g1_3,Eif4g1,181.732741889014,156.765286964834,10.1532184164101,82.5032736619315
Chopchop_Eif4g1_4,Eif4g1,181.046348151945,189.437516480283,0.584144438664724,139.716350556497
Brie_Mars1_1,Mars1,213.993247531256,244.605379432599,0.775525918219632,0.01
Brie_Mars1_2,Mars1,158.052157960134,173.54774365583,0.01,3.05122667878089
Brie_Mars1_3,Mars1,277.999463512939,241.748791059664,1.15828887732945,10.8443700431569
Brie_Mars1_4,Mars1,301.508449007552,266.386865776232,0.201381479554908,73.1895169581651
Chopchop_Atp5pb_1,Atp5pb,204.555333646558,161.764316617471,3.64624811154325,253.572274343356
Chopchop_Atp5pb_2,Atp5pb,215.194436571127,188.723369387049,235.791982811647,6.28253002498558
Chopchop_Atp5pb_3,Atp5pb,177.442781032333,240.677570419813,50.1519476433859,46.0085535165609
Chopchop_Atp5pb_4,Atp5pb,290.182952345914,271.564432202178,70.629765955761,622.701162480386
Brie_Mrpl14_1,Mrpl14,227.034728535567,206.577046717896,269.092360254201,10.6542933757331
Brie_Mrpl14_2,Mrpl14,236.644240854533,190.151663573517,25.2723553012478,50.3803168673084
Brie_Mrpl14_3,Mrpl14,218.969602125006,170.869692056203,205.936472001081,84.7841936710172
Brie_Mrpl14_4,Mrpl14,201.809758698282,199.614112558866,254.164604848918,173.169844023087
Brie_Dynll1_1,Dynll1,250.372115595912,278.527366361208,864.480143149519,133.823973866359
Brie_Dynll1_2,Dynll1,250.372115595912,238.535129140112,177.4206315474,806.315223211783
Brie_Dynll1_3,Dynll1,232.011083129317,181.224824908094,119.049280283153,253.572274343356
Brie_Dynll1_4,Dynll1,202.496152435351,187.116538427273,12.8325591301788,130.212517185307
Brie_Tmed10_1,Tmed10,120.30050242134,106.239380118538,0.775525918219632,0.01
Brie_Tmed10_2,Tmed10,238.531823631472,242.998548472823,0.775525918219632,0.770306669695222
Brie_Tmed10_3,Tmed10,135.744361505392,125.699888409161,0.01,55.702463555175
Brie_Tmed10_4,Tmed10,147.241456601297,161.050169524237,0.775525918219632,25.6703501022137
Brie_Cd151_1,Cd151,193.401435419187,207.112657037821,141.823676350187,144.468267242092
Brie_Cd151_2,Cd151,272.679912050654,260.85222580367,24.6982108625831,32.7031867968945
Brie_Cd151_3,Cd151,238.875020500007,289.061035986408,38.4776773905365,74.7101302975555
Brie_Cd151_4,Cd151,194.259427590523,217.646326663021,11.4928887732945,25.2901967673661
Brie_Srebf2_1,Srebf2,249.170926556042,218.717547302872,45.3674106545132,2.67107334393328
Brie_Srebf2_2,Srebf2,227.034728535567,196.75752418593,143.163346707071,59.8841502384987
Brie_Srebf2_3,Srebf2,252.602895241387,258.352710977351,20.1050553532653,33.4634934665897
Brie_Srebf2_4,Srebf2,176.241591992462,155.336992778366,5.36868142753742,7.0428366946808
Brie_Prrc2a_1,Prrc2a,174.697206084057,170.334081736277,193.496675830012,156.062943954944
Brie_Prrc2a_2,Prrc2a,201.123364961213,189.616053253592,185.075890729596,219.358474207071
Brie_Prrc2a_3,Prrc2a,228.579114443972,223.716576955509,174.549909354076,236.465374275214
Brie_Prrc2a_4,Prrc2a,155.306583011858,185.688244240805,158.091102112354,179.632450715496
Brie_Psmc4_1,Psmc4,78.0872875915971,96.419857586572,0.01,0.200076667423805
Brie_Psmc4_2,Psmc4,208.330499200437,203.363384798344,0.392762959109816,0.580230002271416
Brie_Psmc4_3,Psmc4,174.182410781255,157.479434058068,0.775525918219632,189.896590756382
Brie_Psmc4_4,Psmc4,167.318473410565,157.836507604685,201.151935012208,0.01
Brie_Tmed2_1,Tmed2,334.798545255398,342.264994432331,1.34967035688436,38.9757168218801
Brie_Tmed2_2,Tmed2,172.981221741384,189.258979706975,4.02901107065307,0.01
Brie_Tmed2_3,Tmed2,219.312798993541,207.469730584438,7.47387770264141,12.1749067151235
Brie_Tmed2_4,Tmed2,95.0755325840545,107.310600758389,0.01,0.01
Brie_Spcs2_1,Spcs2,125.448455449357,107.13206398508,11.8756517324043,80.6025069876935
Brie_Spcs2_2,Spcs2,180.874749717678,194.793619679537,124.40796171069,0.200076667423805
Brie_Spcs2_3,Spcs2,123.732471106685,91.5993647072434,0.392762959109816,295.389141176594
Brie_Spcs2_4,Spcs2,200.093774355609,223.180966635583,10.344599895965,7.2329133621046
Brie_Csde1_1,Csde1,66.9333893642261,60.5339661515702,0.584144438664724,0.01
Brie_Csde1_2,Csde1,153.247401800651,143.553565740007,95.3179768183442,63.8757602543986
Brie_Csde1_3,Csde1,136.087558373926,142.12527155354,198.47259429844,105.88270375506
Brie_Csde1_4,Csde1,166.975276542031,159.800412111078,26.6120256581322,161.575167310235
Brie_Hmgb1_1,Hmgb1,205.413325817894,178.011162988541,359.615800083672,116.717073798217
Brie_Hmgb1_2,Hmgb1,151.016622155177,137.304778674211,0.775525918219632,0.01
Brie_Hmgb1_3,Hmgb1,118.4129196444,106.060843345229,0.01,0.200076667423805
Brie_Hmgb1_4,Hmgb1,112.063777576512,151.40918376558,0.01,5.14207002044275
Brie_Ndufb3_1,Ndufb3,245.224162567895,235.142930447251,101.250802684546,76.230743636946
Brie_Ndufb3_2,Ndufb3,242.306989185352,198.364355145707,137.039139361314,147.699570588297
Brie_Ndufb3_3,Ndufb3,228.06431914117,253.88929164464,213.017586744613,396.12977491121
Brie_Ndufb3_4,Ndufb3,215.194436571127,218.717547302872,102.97323600054,105.88270375506
Brie_Crk_1,Crk,122.874478935348,162.299926937396,46.3243180522877,447.640551783062
Brie_Crk_2,Crk,244.366170396559,288.168352119865,31.0137996878951,677.443242698442
Brie_Crk_3,Crk,305.9700082985,282.633712147303,259.140523317345,119.188070474726
Brie_Crk_4,Crk,170.235646793108,129.984770968564,106.418102632529,24.7199667650947
Brie_Fbxw11_1,Fbxw11,119.442510250003,120.879395529832,620.085993757902,73.7597469604365
Brie_Fbxw11_2,Fbxw11,153.419000234918,154.265772138515,0.392762959109816,71.4788269513508
Brie_Fbxw11_3,Fbxw11,186.194301179962,183.902876507721,27.5689330559067,8.18329669922363
Brie_Fbxw11_4,Fbxw11,268.046754325439,220.324378262648,1.15828887732945,0.01
Brie_Dctn2_1,Dctn2,267.531959022637,259.959541937128,2.30657775465889,66.1566802634843
Brie_Dctn2_2,Dctn2,245.395761002162,233.357562714166,134.742561606655,11.6046767128521
Brie_Dctn2_3,Dctn2,193.573033853454,256.745880017575,104.312906357425,33.8436468014374
Brie_Dctn2_4,Dctn2,187.738687088368,196.400450639313,193.688057309567,0.01
Brie_Ipo5_1,Ipo5,180.188355980609,155.158456005058,358.276129726788,110.634620440655
Brie_Ipo5_2,Ipo5,154.963386143323,157.300897284759,55.1278661118135,87.6353436823743
Brie_Ipo5_3,Ipo5,186.022702745695,194.972156452846,87.0885731974831,61.9749935801606
Brie_Ipo5_4,Ipo5,181.217946586212,235.500003993868,21.2533442305948,43.3474801726276
Brie_Tfg_1,Tfg,133.856778728452,97.8481517730398,0.775525918219632,89.7261870240362
Brie_Tfg_2,Tfg,220.685586467679,193.008251946453,83.8350880450497,1027.94461742794
Brie_Tfg_3,Tfg,195.803813498928,204.613142211503,161.344587264787,233.424147596433
Brie_Tfg_4,Tfg,120.986896158409,172.476523015979,203.448512766867,98.4697137255312
Brie_Eif3k_1,Eif3k,195.975411933195,174.261890749064,49.960566163831,41.8268668332372
Brie_Eif3k_2,Eif3k,81.519256276942,108.917431718165,13.7894665279534,6.66268335983319
Brie_Eif3k_3,Eif3k,134.028377162719,159.621875337769,31.9707070856696,161.195013975387
Brie_Eif3k_4,Eif3k,250.028918727378,233.536099487474,267.178545458651,80.0322769854221
Brie_Nop53_1,Nop53,152.389409629315,159.086265017844,34.2672848403285,30.9924967900803
Brie_Nop53_2,Nop53,236.987437723067,246.569283938993,280.575249027495,23.5795067605519
Brie_Nop53_3,Nop53,116.182139998926,142.839418646773,0.584144438664724,0.01
Brie_Nop53_4,Nop53,220.170791164877,216.57510602317,8.81354805952576,15.596286728752
Brie_Arpc4_1,Arpc4,209.874885108842,202.827774478418,13.5980850483985,11.6046767128521
Brie_Arpc4_2,Arpc4,165.087693765091,173.904817202447,165.172216855886,32.3230334620469
Brie_Arpc4_3,Arpc4,143.466291047418,110.167189131324,10.5359813755199,106.072780422483
Brie_Arpc4_4,Arpc4,125.448455449357,161.942853390779,3.83762959109816,81.9330436596601
Brie_Flii_1,Flii,171.093638964445,216.932179569787,2.88072219332362,6.28253002498558
Brie_Flii_2,Flii,264.271588771559,289.061035986408,23.5499219852537,173.930150692782
Brie_Flii_3,Flii,168.519662450436,211.576076370533,29.099984892346,42.5871735029324
Brie_Flii_4,Flii,169.549253056039,170.512618509586,517.888283675581,351.271681399192
Brie_Lims1_1,Lims1,143.466291047418,136.23355803436,3.83762959109816,13.695520054514
Brie_Lims1_2,Lims1,316.952308091604,276.206388308198,72.9263437104199,312.305964577312
Brie_Lims1_3,Lims1,272.679912050654,218.717547302872,185.458653688706,94.2880270422075
Brie_Lims1_4,Lims1,223.259562981688,227.822922741604,414.733666195485,34.4138768037088
Brie_Ube2h_1,Ube2h,158.738551697203,127.306719368937,0.584144438664724,4.00161001589991
Brie_Ube2h_2,Ube2h,85.6376186993559,99.097909186199,0.584144438664724,6.85276002725699
Brie_Ube2h_3,Ube2h,186.36589961423,191.044347440059,0.775525918219632,33.0833401317421
Brie_Ube2h_4,Ube2h,237.845429894403,234.607320127325,46.7070810113975,6.28253002498558
Brie_Hnrnpu_1,Hnrnpu,273.537904221991,242.820011699515,0.584144438664724,51.7108535392751
Brie_Hnrnpu_2,Hnrnpu,178.472371637936,176.225795255457,1.15828887732945,4.00161001589991
Brie_Hnrnpu_3,Hnrnpu,168.691260884703,207.826804131055,0.96690739777454,0.01
Brie_Hnrnpu_4,Hnrnpu,202.496152435351,244.426842659291,102.590473041431,17.1169000681425
Brie_Gtf2f1_1,Gtf2f1,252.259698372852,260.673689030361,0.584144438664724,0.390153334847611
Brie_Gtf2f1_2,Gtf2f1,180.531552849143,180.867751361477,6.32558882531196,0.200076667423805
Brie_Gtf2f1_3,Gtf2f1,177.6143794666,239.963423326579,445.737465883381,53.9917735483607
Brie_Gtf2f1_4,Gtf2f1,161.484126645479,188.901906160358,4.41177402976288,20.3482034143472
Brie_Kctd5_1,Kctd5,207.644105463368,240.141960099888,230.433301384109,206.053107487405
Brie_Kctd5_2,Kctd5,149.300637812504,136.947705127594,77.1367362606279,297.479984518255
Brie_Kctd5_3,Kctd5,167.490071844832,149.08820571257,233.495405056988,188.756130751839
Brie_Kctd5_4,Kctd5,92.8447529385803,90.5281440673926,130.914932015557,122.229297153507
Brie_Mrpl9_1,Mrpl9,161.998921948281,154.087235365207,13.0239406097337,174.31030402763
Brie_Mrpl9_2,Mrpl9,141.063912967677,175.511648162223,93.4041620227951,23.0092767582805
Brie_Mrpl9_3,Mrpl9,319.869481474147,316.912772622528,49.960566163831,164.806470656439
Brie_Mrpl9_4,Mrpl9,172.466426438583,164.977978537023,386.217825741804,90.4864936937314
Brie_Zbtb7a_1,Zbtb7a,192.028647945049,250.31855617847,154.072091041701,58.1734602316844
Brie_Zbtb7a_2,Zbtb7a,104.170249600219,91.9564382538604,56.4675364686978,10.8443700431569
Brie_Zbtb7a_3,Zbtb7a,220.685586467679,249.604409085236,49.960566163831,8.75352670149505
Brie_Zbtb7a_4,Zbtb7a,164.916095330824,145.338933473092,0.584144438664724,12.9352133848188
Brie_Pdcd10_1,Pdcd10,176.069993558195,133.198432888116,22.784396067034,15.2161333939044
Brie_Pdcd10_2,Pdcd10,174.010812346988,164.263831443789,23.5499219852537,6.47260669240938
Brie_Pdcd10_3,Pdcd10,159.596543868539,210.147782184065,9.19631101863558,78.5116636460316
Brie_Pdcd10_4,Pdcd10,225.147145758627,230.500974341231,74.6487770264141,5.71230002271416
Brie_Msmo1_1,Msmo1,155.82137831466,162.121390164088,58.189969784692,0.200076667423805
Brie_Msmo1_2,Msmo1,219.655995862075,200.685333198717,30.0568922901205,1.53061333939044
Brie_Msmo1_3,Msmo1,121.673289895478,145.160396699783,0.392762959109816,5.33214668786655
Brie_Msmo1_4,Msmo1,224.117555153024,172.655059789287,13.7894665279534,4.76191668559513
Brie_Csnk1d_1,Csnk1d,152.904204932117,140.87551414038,1.92381479554908,20.1581267469234
Brie_Csnk1d_2,Csnk1d,176.241591992462,215.682422156628,101.250802684546,197.119504118486
Brie_Csnk1d_3,Csnk1d,139.176330190737,165.513588856949,31.20518116745,24.3398134302471
Brie_Csnk1d_4,Csnk1d,192.715041682118,322.268875821782,15.5118998439475,23.5795067605519
Brie_Zfp706_1,Zfp706,168.86285931897,149.08820571257,249.95421229871,216.507324195714
Brie_Zfp706_2,Zfp706,101.939469954744,104.275475612145,133.211509770216,11.0344467105807
Brie_Zfp706_3,Zfp706,217.082019348067,219.431694396106,69.4814770784316,112.91554044974
Brie_Zfp706_4,Zfp706,153.247401800651,154.801382458441,55.5106290709233,153.972100613282
Brie_Rab5b_1,Rab5b,128.708825700435,146.945764432868,43.2622143794092,261.935647710004
Brie_Rab5b_2,Rab5b,234.585059643326,235.142930447251,60.6779290189058,209.664564168457
Brie_Rab5b_3,Rab5b,132.483991254314,119.272564570056,72.1608177922003,226.201234234328
Brie_Rab5b_4,Rab5b,142.951495744616,131.948675474957,571.66647943051,15.596286728752
Brie_Otub1_1,Otub1,237.330634591602,219.788767942723,1.15828887732945,193.127894102586
Brie_Otub1_2,Otub1,233.72706747199,256.388806470958,20.2964368328202,34.223800136285
Brie_Otub1_3,Otub1,228.06431914117,189.258979706975,20.870581271485,260.795187705461
Brie_Otub1_4,Otub1,186.022702745695,192.829715173144,124.02519875158,94.8582570444789
Brie_Spag7_1,Spag7,209.188491371773,164.620904990406,11.6842702528494,137.245353879987
Brie_Spag7_2,Spag7,257.40765140087,208.005340904364,146.799594818614,113.295693784588
Brie_Spag7_3,Spag7,314.549930011863,254.246365191257,28.9086034127911,10.0840633734617
Brie_Spag7_4,Spag7,193.229836984919,215.860958929936,110.437113703182,41.4467134983896
Brie_Marchf5_1,Marchf5,195.803813498928,200.149722878791,156.177287316805,251.481431001695
Brie_Marchf5_2,Marchf5,147.756251904099,143.19649219339,0.584144438664724,15.596286728752
Brie_Marchf5_3,Marchf5,154.963386143323,160.336022431003,16.8515702008319,0.01
Brie_Marchf5_4,Marchf5,242.135390751085,173.54774365583,258.183615919571,27.9512701112994
Brie_Iqgap1_1,Iqgap1,260.324824783413,208.719487997598,257.035327042241,244.448594307014
Brie_Iqgap1_2,Iqgap1,300.99365370475,294.59567595897,14.7463739257279,90.1063403588838
Brie_Iqgap1_3,Iqgap1,71.3949486551745,34.4675972485341,0.01,21.1085100840424
Brie_Iqgap1_4,Iqgap1,126.992841357762,175.511648162223,0.201381479554908,53.2314668786655
Brie_Ost4_1,Ost4,236.472642420265,265.672718682998,0.584144438664724,14.0756733893616
Brie_Ost4_2,Ost4,188.253482391169,161.942853390779,8.62216657997086,468.358908532256
Brie_Ost4_3,Ost4,249.342524990309,235.142930447251,33.5017589221089,58.3635368991083
Brie_Ost4_4,Ost4,223.945956718757,213.004370557001,0.775525918219632,7.2329133621046
Brie_Eif3l_1,Eif3l,132.483991254314,161.228706297545,84.6006139632693,202.8218041412
Brie_Eif3l_2,Eif3l,112.750171313581,149.445279259187,18.3826220372712,125.650677167135
Brie_Eif3l_3,Eif3l,155.478181446125,127.842329688862,16.4688072417221,40.8764834961182
Brie_Eif3l_4,Eif3l,227.549523838369,261.923446443521,70.8211474353159,45.8184768491371
Brie_Gid8_1,Gid8,233.383870603455,222.288282769041,6.51697030486687,50.760470202156
Brie_Gid8_2,Gid8,284.691802449362,287.454205026631,118.857898803598,377.882414838525
Brie_Gid8_3,Gid8,227.721122272636,208.005340904364,23.3585405056988,13.1252900522426
Brie_Gid8_4,Gid8,211.24767258298,218.717547302872,109.480206305407,238.7462942843
Brie_Sf3b6_1,Sf3b6,111.034186970908,121.236469076449,0.01,0.01
Brie_Sf3b6_2,Sf3b6,119.442510250003,121.772079396374,0.584144438664724,10.0840633734617
Brie_Sf3b6_3,Sf3b6,136.773952110995,115.523292330578,0.201381479554908,6.85276002725699
Brie_Sf3b6_4,Sf3b6,180.874749717678,179.082383628392,16.0860442826123,8.18329669922363
Brie_Stt3b_1,Stt3b,195.975411933195,181.224824908094,166.703268692325,25.6703501022137
Brie_Stt3b_2,Stt3b,260.324824783413,315.484478436061,83.06956212683,63.6856835869748
Brie_Stt3b_3,Stt3b,191.170655773712,136.590631580977,98.5714619707776,72.8093636233175
Brie_Stt3b_4,Stt3b,182.59073406035,240.141960099888,57.8072068255822,21.6787400863138
Brie_Llgl2_1,Llgl2,158.052157960134,206.398509944588,40.3914921860856,113.675847119436
Brie_Llgl2_2,Llgl2,180.70315128341,183.188729414487,162.492876142117,23.1993534257043
Brie_Llgl2_3,Llgl2,177.271182598065,194.615082906229,30.8224182083402,49.4299335301894
Brie_Llgl2_4,Llgl2,233.555469037722,232.821952394241,74.840158505969,164.426317321592
Brie_Ganab_1,Ganab,119.614108684271,133.734043208042,73.3091066695297,281.323467787232
Brie_Ganab_2,Ganab,201.638160264014,163.728221123864,4.7945369888727,21.6787400863138
Brie_Ganab_3,Ganab,226.8631301013,228.358533061529,62.9745067735647,517.778842062446
Brie_Ganab_4,Ganab,263.241998165956,290.489330172875,115.987176610274,45.2482468468657
Brie_Wdr26_1,Wdr26,191.857049510781,193.008251946453,83.8350880450497,27.9512701112994
Brie_Wdr26_2,Wdr26,238.360225197205,229.072680154763,68.7159511602119,59.6940735710749
Brie_Wdr26_3,Wdr26,190.655860470911,239.427813006654,66.4193734055531,123.559833825474
Brie_Wdr26_4,Wdr26,161.484126645479,122.843300036225,11.8756517324043,2.29092000908566
Brie_Tmem127_1,Tmem127,299.792464664879,247.461967805535,60.1037845802411,80.0322769854221
Brie_Tmem127_2,Tmem127,174.52560764979,193.900935812995,350.238107585481,34.0337234688612
Brie_Tmem127_3,Tmem127,319.354686171345,337.801575099619,323.444700447794,44.6780168445943
Brie_Tmem127_4,Tmem127,101.253076217675,89.6354602008503,707.164566955385,3.6214566810523
Brie_Polr1d_1,Polr1d,165.77408750216,146.588690886251,0.96690739777454,0.200076667423805
Brie_Polr1d_2,Polr1d,226.005137929963,221.752672449116,46.5156995318426,0.390153334847611
Brie_Polr1d_3,Polr1d,230.295098786645,254.067828417948,24.5068293830282,69.1979069422652
Brie_Polr1d_4,Polr1d,161.655725079746,138.375999314062,0.584144438664724,19.0176667423805
Brie_Brd2_1,Brd2,178.472371637936,206.934120264513,346.219096514828,461.896301839847
Brie_Brd2_2,Brd2,170.235646793108,230.143900794614,245.361056789392,247.679897653218
Brie_Brd2_3,Brd2,257.750848269404,298.523484971756,1352.31153453498,360.775514770383
Brie_Brd2_4,Brd2,296.703692848069,326.375221607877,373.778029570735,104.362090415669
Brie_Cript_1,Cript,224.117555153024,203.006311251727,5.36868142753742,7.80314336437602
Brie_Cript_2,Cript,175.72679668966,240.141960099888,851.27482106023,388.146554879411
Brie_Cript_3,Cript,165.087693765091,141.768198006923,25.4637367808028,75.0902836324031
Brie_Cript_4,Cript,154.276992406254,156.408213418217,0.584144438664724,5.71230002271416
Brie_Tcea1_1,Tcea1,245.910556304964,288.525425666482,9.5790739777454,67.6772936028747
Brie_Tcea1_2,Tcea1,171.780032701514,141.946734780231,214.357257101497,53.0413902112417
Brie_Tcea1_3,Tcea1,146.555062864228,217.824863436329,78.8591695766221,6.09245335756177
Brie_Tcea1_4,Tcea1,210.218081977377,180.51067781486,1.15828887732945,17.8772067378377
Brie_Nectin1_1,Nectin1,174.52560764979,150.159426352421,105.078432275644,13.1252900522426
Brie_Nectin1_2,Nectin1,152.561008063582,179.082383628392,119.049280283153,41.066560163542
Brie_Nectin1_3,Nectin1,129.395219437504,91.9564382538604,0.201381479554908,12.5550600499712
Brie_Nectin1_4,Nectin1,243.164981356688,190.330200346826,97.0404101343383,4.57184001817133
Brie_Papola_1,Papola,229.265508181041,178.903846855084,51.3002365207153,234.374530933552
Brie_Papola_2,Papola,206.099719554963,205.148752531428,274.259660202183,376.171724831711
Brie_Papola_3,Papola,249.857320293111,186.580928107348,131.680457933777,14.645903391633
Brie_Papola_4,Papola,220.513988033412,214.075591196852,81.7298917699457,477.862741903447
Brie_Uso1_1,Uso1,98.5075012693994,82.8510628151286,0.584144438664724,165.756853993558
Brie_Uso1_2,Uso1,164.058103159488,218.717547302872,0.584144438664724,94.6681803770551
Brie_Uso1_3,Uso1,237.330634591602,231.572194981081,9.19631101863558,0.770306669695222
Brie_Uso1_4,Uso1,136.087558373926,197.471671279164,36.5638625949874,39.9261001589991
Brie_Cul3_1,Cul3,356.076751104536,368.152826562058,74.4573955468592,68.6276769399937
Brie_Cul3_2,Cul3,116.353738433193,111.952556864409,50.7260920820506,51.9009302066989
Brie_Cul3_3,Cul3,236.644240854533,204.434605438194,248.42316046227,43.5375568400514
Brie_Cul3_4,Cul3,140.377519230608,118.379880703513,37.7121514723169,23.0092767582805
Brie_Kpna2_1,Kpna2,228.750712878239,241.391717513047,401.336962626642,559.595708895683
Brie_Kpna2_2,Kpna2,125.27685701509,130.877454835106,24.889592342138,9.51383337119027
Brie_Kpna2_3,Kpna2,179.50196224354,249.782945858545,52.4485253980448,113.105617117164
Brie_Kpna2_4,Kpna2,104.513446468753,141.946734780231,25.4637367808028,4.38176335074752
Brie_Mfn2_1,Mfn2,267.703557456904,298.523484971756,411.480181043052,566.248392255516
Brie_Mfn2_2,Mfn2,162.856914119617,133.91257998135,4.22039255020797,0.200076667423805
Brie_Mfn2_3,Mfn2,153.762197103453,189.437516480283,63.7400326917843,203.011880808624
Brie_Mfn2_4,Mfn2,196.490207235997,166.406272723491,5.56006290709233,82.3131969945077
Brie_Sh3rf1_1,Sh3rf1,207.987302331903,205.684362851354,1354.22534933053,27.381040109028
Brie_Sh3rf1_2,Sh3rf1,299.10607092781,294.417139185662,56.2761549891429,245.208900976709
Brie_Sh3rf1_3,Sh3rf1,200.265372789876,192.11556807991,31.7793256061147,17.8772067378377
Brie_Sh3rf1_4,Sh3rf1,123.732471106685,145.5174702464,298.373726626101,59.8841502384987
Brie_Nup62_1,Nup62,155.134984577591,179.260920401701,67.5676622828825,190.846974093501
Brie_Nup62_2,Nup62,239.561414237076,224.252187275434,997.10750848107,142.757577235278
Brie_Nup62_3,Nup62,221.88677550755,189.258979706975,233.304023577433,50.1902401998846
Brie_Nup62_4,Nup62,81.3476578426748,81.2442318553524,35.6069551972129,0.01
Brie_Supt6_1,Supt6,212.277263188584,214.075591196852,6.51697030486687,3.24130334620469
Brie_Supt6_2,Supt6,123.38927423815,106.417916891846,0.201381479554908,3.6214566810523
Brie_Supt6_3,Supt6,176.413190426729,158.907728244535,0.96690739777454,41.6367901658134
Brie_Supt6_4,Supt6,110.690990102374,103.204254972294,0.201381479554908,23.7695834279757
Brie_Acly_1,Acly,188.253482391169,165.156515310332,66.0366104464432,62.7353002498558
Brie_Acly_2,Acly,184.306718403023,159.086265017844,296.459911830552,105.122397085364
Brie_Acly_3,Acly,213.306853794187,231.215121434464,337.415548455303,141.427040563311
Brie_Acly_4,Acly,127.507636660564,167.477493363342,172.061950119862,37.8352568173373
Brie_Zfp598_1,Zfp598,218.283208387937,167.120419816725,110.437113703182,135.534663873173
Brie_Zfp598_2,Zfp598,271.650321445051,266.208329002924,153.115183643926,26.8108101067566
Brie_Zfp598_3,Zfp598,206.786113292032,217.110716343096,10.9187443346298,60.0742269059225
Brie_Zfp598_4,Zfp598,165.77408750216,191.579957759985,261.628482551559,32.1329567946231
Brie_Mzt1_1,Mzt1,292.070535122853,347.621097631585,177.03786858829,118.807917139878
Brie_Mzt1_2,Mzt1,211.762467885782,174.797501068989,0.392762959109816,0.390153334847611
Brie_Mzt1_3,Mzt1,246.253753173499,228.894143381454,604.966856873064,159.484323968573
Brie_Mzt1_4,Mzt1,100.909879349141,121.236469076449,0.392762959109816,5.33214668786655
Brie_Ostc_1,Ostc,189.626269865307,235.678540767176,292.05813780079,97.8994837232598
Brie_Ostc_2,Ostc,233.212272169188,183.724339734412,0.584144438664724,23.3894300931281
Brie_Ostc_3,Ostc,159.596543868539,158.729191471227,13.9808480075083,25.4802734347899
Brie_Ostc_4,Ostc,134.199975596987,139.447219953913,0.201381479554908,6.09245335756177
Brie_Atp5e_1,Atp5e,242.650186053886,275.492241214964,75.0315399855239,11.6046767128521
Brie_Atp5e_2,Atp5e,188.768277693971,151.766257312197,14.1722294870632,116.336920463369
Brie_Atp5e_3,Atp5e,255.348470189663,248.890261992003,4.60315550931779,49.4299335301894
Brie_Atp5e_4,Atp5e,124.418864843754,140.518440593763,87.6627176361478,320.479261276536
Brie_Atp6v0e_1,Atp6v0e,290.697747648715,264.958571589765,9.96183693685521,24.9100434325185
Brie_Atp6v0e_2,Atp6v0e,211.590869451515,213.539980876926,204.405420164642,37.074950147642
Brie_Atp6v0e_3,Atp6v0e,186.194301179962,249.24733553862,0.96690739777454,33.6535701340135
Brie_Atp6v0e_4,Atp6v0e,263.070399731689,303.87958817101,239.236849443635,13.3153667196664
Brie_Cks2_1,Cks2,158.738551697203,163.728221123864,0.96690739777454,39.7360234915753
Brie_Cks2_2,Cks2,211.762467885782,235.142930447251,66.0366104464432,57.9833835642606
Brie_Cks2_3,Cks2,142.09350357328,140.87551414038,62.9745067735647,65.2062969263653
Brie_Cks2_4,Cks2,125.448455449357,156.229676644908,23.9326849443635,92.767413702817
Brie_Rtf2_1,Rtf2,115.152549393322,118.915491023439,0.201381479554908,0.01
Brie_Rtf2_2,Rtf2,230.466697220912,231.036584661156,150.053079971048,48.2894735256466
Brie_Rtf2_3,Rtf2,216.738822479532,230.500974341231,9.00492953908067,34.9841068059802
Brie_Rtf2_4,Rtf2,251.401706201516,253.532218098023,75.0315399855239,35.3642601408278
Brie_Fam32a_1,Fam32a,268.904746496775,269.779064469093,65.2710845282236,15.0260567264806
Brie_Fam32a_2,Fam32a,170.407245227376,239.070739460037,100.868039725436,10.6542933757331
Brie_Fam32a_3,Fam32a,249.514123424576,269.779064469093,0.392762959109816,128.88198051334
Brie_Fam32a_4,Fam32a,233.383870603455,257.460027110809,0.584144438664724,19.3978200772282
Brie_Ubc_1,Ubc,92.8447529385803,85.707651188064,7.85664066175122,26.430656771909
Brie_Ubc_2,Ubc,180.188355980609,222.288282769041,0.392762959109816,3.6214566810523
Brie_Ubc_3,Ubc,231.496287826515,244.069769112674,16.660188721277,52.8513135438179
Brie_Ubc_4,Ubc,86.1524140021577,111.595483317792,0.01,0.200076667423805
Brie_Cebpg_1,Cebpg,174.354009215522,201.935090611876,0.584144438664724,129.832363850459
Brie_Cebpg_2,Cebpg,197.005002538799,200.3282596521,689.557470836333,131.923207192121
Brie_Cebpg_3,Cebpg,259.638431046344,267.279549642775,292.632282239454,172.409537353391
Brie_Cebpg_4,Cebpg,156.850968920263,175.86872170884,142.589202268406,17.1169000681425
Brie_Sumo2_1,Sumo2,231.496287826515,191.401420986676,118.475135844488,24.9100434325185
Brie_Sumo2_2,Sumo2,171.608434267246,159.264801791152,7.2824962230865,4.76191668559513
Brie_Sumo2_3,Sumo2,134.886369334056,128.199403235479,0.392762959109816,5.71230002271416
Brie_Sumo2_4,Sumo2,59.897853559269,46.4295610602014,0.01,0.01
Brie_Vmp1_1,Vmp1,190.827458905178,197.828744825781,1.15828887732945,39.1657934893039
Brie_Vmp1_2,Vmp1,146.898259732763,203.006311251727,0.201381479554908,0.01
Brie_Vmp1_3,Vmp1,163.88650472522,203.720458344961,122.685528394696,140.85681056104
Brie_Vmp1_4,Vmp1,158.395354828668,154.622845685132,0.775525918219632,22.8192000908566
Brie_Zfp207_1,Zfp207,223.774358284489,173.190670109213,149.670317011938,0.01
Brie_Zfp207_2,Zfp207,259.295234177809,276.741998628123,0.775525918219632,438.706948414143
Brie_Zfp207_3,Zfp207,70.1937596153038,85.8861879613725,247.083490105386,123.559833825474
Brie_Zfp207_4,Zfp207,159.768142302806,151.230646992271,717.11640389224,38.4054868196087
Brie_Frg1_1,Frg1,201.29496339548,150.695036672346,82.8781806472751,61.4047635778891
Brie_Frg1_2,Frg1,167.6616702791,170.512618509586,0.584144438664724,268.968484404685
Brie_Frg1_3,Frg1,196.147010367463,152.837477952048,310.622141317616,374.65111149232
Brie_Frg1_4,Frg1,140.720716099142,154.622845685132,26.4206441785773,3.6214566810523
Brie_Yap1_1,Yap1,103.998651165951,97.1340046798059,6.32558882531196,83.4536569990506
Brie_Yap1_2,Yap1,221.200381770481,218.89608407618,32.5448515243343,18.2573600726853
Brie_Yap1_3,Yap1,97.4779106637959,79.4588641222677,13.4067035688436,0.01
Brie_Yap1_4,Yap1,215.194436571127,226.216091781827,68.9073326397669,138.956043886802
Brie_Supt4a_1,Supt4a,220.857184901946,301.201536571383,69.0987141193218,24.5298900976709
Brie_Supt4a_2,Supt4a,127.336038226297,141.232587686997,0.775525918219632,6.85276002725699
Brie_Supt4a_3,Supt4a,257.064454532335,233.536099487474,129.958024617782,9.32375670376646
Brie_Supt4a_4,Supt4a,179.158765375005,178.903846855084,0.584144438664724,39.5459468241515
Brie_Tsen34_1,Tsen34,156.164575183194,188.544832613741,55.3192475913684,0.01
Brie_Tsen34_2,Tsen34,151.874614326513,113.202314277568,86.5144287588184,415.897748323286
Brie_Tsen34_3,Tsen34,84.264831225218,90.8852176140096,6.13420734575705,24.3398134302471
Brie_Tsen34_4,Tsen34,160.111339171341,191.044347440059,118.283754364933,36.8848734802182
Brie_Cks1b_1,Cks1b,136.087558373926,205.862899624662,525.926305816887,35.7444134756754
Brie_Cks1b_2,Cks1b,126.134849186426,120.165248436598,0.584144438664724,6.66268335983319
Brie_Cks1b_3,Cks1b,147.756251904099,173.190670109213,0.584144438664724,9.32375670376646
Brie_Cks1b_4,Cks1b,165.259292199358,122.664763262917,581.0441719287,3.6214566810523
Brie_Bcl2l1_1,Bcl2l1,121.330093026943,111.952556864409,0.201381479554908,0.200076667423805
Brie_Bcl2l1_2,Bcl2l1,137.803542716599,164.263831443789,0.392762959109816,5.90237669013797
Brie_Bcl2l1_3,Bcl2l1,117.726525907331,127.842329688862,172.061950119862,0.01
Brie_Bcl2l1_4,Bcl2l1,138.661534887935,106.596453665155,28.3344589741264,29.0917301158422
Brie_Serbp1_1,Serbp1,66.0753971928899,70.1749519102274,0.392762959109816,3.81153334847611
Brie_Serbp1_2,Serbp1,200.265372789876,202.64923770511,137.804665279534,55.8925402225988
Brie_Serbp1_3,Serbp1,115.32414782759,127.842329688862,0.775525918219632,29.281806783266
Brie_Serbp1_4,Serbp1,233.212272169188,205.148752531428,9.5790739777454,22.439046756009
Brie_Mrpl12_1,Mrpl12,200.951766526946,199.614112558866,0.392762959109816,21.48866341889
Brie_Mrpl12_2,Mrpl12,218.11160995367,187.830685520507,0.392762959109816,24.7199667650947
Brie_Mrpl12_3,Mrpl12,192.54344324785,234.428783354017,0.392762959109816,1.15046000454283
Brie_Mrpl12_4,Mrpl12,213.478452228454,224.609260822051,2754.18087227468,593.239279029697
Brie_Mybbp1a_1,Mybbp1a,213.478452228454,271.564432202178,34.6500477994383,11.2245233780045
Brie_Mybbp1a_2,Mybbp1a,133.34198342565,157.300897284759,143.928872625291,18.0672834052615
Brie_Mybbp1a_3,Mybbp1a,271.993518313585,249.24733553862,656.448474873334,29.0917301158422
Brie_Mybbp1a_4,Mybbp1a,138.833133322202,121.415005849757,109.480206305407,8.75352670149505
Brie_Sox9_1,Sox9,269.762738668111,226.930238875061,59.9124031006862,20.1581267469234
Brie_Sox9_2,Sox9,127.507636660564,138.733072860679,530.32807984665,20.7283567491948
Brie_Sox9_3,Sox9,208.15890076617,210.683392503991,77.3281177401828,30.6123434552327
Brie_Sox9_4,Sox9,389.023650483848,368.688436881984,779.50676622714,149.980490597382
Brie_Dnajb6_1,Dnajb6,176.241591992462,183.188729414487,6.32558882531196,47.7192435233751
Brie_Dnajb6_2,Dnajb6,145.697070692892,170.691155282894,33.8845218812187,39.5459468241515
Brie_Dnajb6_3,Dnajb6,146.211865995694,109.095968491473,158.473865071464,4.95199335301894
Brie_Dnajb6_4,Dnajb6,85.8092171336232,80.1730112155016,27.1861700967969,46.9589368536799
Brie_Pptc7_1,Pptc7,206.957711726299,178.011162988541,341.243178046401,121.278913816388
Brie_Pptc7_2,Pptc7,223.774358284489,235.142930447251,23.7413034648086,414.757288318743
Brie_Pptc7_3,Pptc7,222.058373941817,350.47768600452,445.737465883381,629.924075842491
Brie_Pptc7_4,Pptc7,245.052564133628,274.063947028496,115.413032171609,547.810955515407
Brie_Hmgn2_1,Hmgn2,279.715447855612,273.349799935263,431.575236396317,367.61827479764
Brie_Hmgn2_2,Hmgn2,244.022973528024,271.564432202178,1361.88060851272,513.97730871397
Brie_Hmgn2_3,Hmgn2,139.691125493539,172.655059789287,45.750173613623,5.71230002271416
Brie_Hmgn2_4,Hmgn2,151.016622155177,181.046288134785,0.201381479554908,0.01
Brie_Apex1_1,Apex1,199.064183750006,233.536099487474,62.4003623349,69.9582136119604
Brie_Apex1_2,Apex1,251.230107767249,230.858047887847,97.2317916138932,13.8855967219378
Brie_Apex1_3,Apex1,188.939876128238,178.546773308467,23.3585405056988,19.3978200772282
Brie_Apex1_4,Apex1,265.987573114232,251.746850364938,94.5524509001245,84.974270338441
Brie_Txnrd1_1,Txnrd1,117.554927473064,126.592572275703,7.09111474353159,0.200076667423805
Brie_Txnrd1_2,Txnrd1,163.371709422419,145.338933473092,1.54105183643926,0.200076667423805
Brie_Txnrd1_3,Txnrd1,178.472371637936,141.232587686997,37.9035329518718,5.33214668786655
Brie_Txnrd1_4,Txnrd1,252.602895241387,227.644385968295,2.11519627510399,4.57184001817133
Brie_Szrd1_1,Szrd1,202.324554001083,241.570254286355,233.878168016097,93.7177970399361
Brie_Szrd1_2,Szrd1,171.951631135781,168.90578754981,96.8490286547834,53.8016968809369
Brie_Szrd1_3,Szrd1,287.780574266172,207.112657037821,256.078419644467,60.4543802407701
Brie_Szrd1_4,Szrd1,178.129174769402,157.479434058068,13.4067035688436,63.1154535847034
Brie_Trp63_1,Trp63,242.306989185352,257.281490337501,57.4244438664724,56.652846892294
Brie_Trp63_2,Trp63,257.064454532335,261.209299350287,126.704539465349,56.0826168900226
Brie_Trp63_3,Trp63,206.442916423497,170.691155282894,23.7413034648086,58.7436902339559
Brie_Trp63_4,Trp63,219.141200559274,259.602468390511,123.259672833361,122.419373820931
Brie_Eaf1_1,Eaf1,250.372115595912,246.569283938993,0.392762959109816,9.13368003634266
Brie_Eaf1_2,Eaf1,133.685180294185,132.127212248265,620.277375237457,22.6291234234328
Brie_Eaf1_3,Eaf1,250.372115595912,255.317585831107,7.2824962230865,7.42299002952841
Brie_Eaf1_4,Eaf1,192.028647945049,220.145841489339,1.92381479554908,20.538280081771
Brie_Vbp1_1,Vbp1,158.91015013147,177.475552668616,0.201381479554908,6.66268335983319
Brie_Vbp1_2,Vbp1,212.448861622851,207.29119381113,1.73243331599417,17.6871300704139
Brie_Vbp1_3,Vbp1,166.803678107763,157.479434058068,30.0568922901205,26.430656771909
Brie_Vbp1_4,Vbp1,108.975005759701,117.308660063663,6.13420734575705,0.01
Brie_Mob4_1,Mob4,84.7796265280197,74.2812976963222,0.392762959109816,0.200076667423805
Brie_Mob4_2,Mob4,216.738822479532,237.106834953644,68.1418067215472,23.3894300931281
Brie_Mob4_3,Mob4,228.407516009705,197.828744825781,78.8591695766221,79.0818936483031
Brie_Mob4_4,Mob4,208.15890076617,182.474582321253,163.832546499001,27.7611934438756
Brie_Sarnp_1,Sarnp,228.407516009705,224.252187275434,104.12152487787,49.4299335301894
Brie_Sarnp_2,Sarnp,205.584924252161,196.936060959239,94.5524509001245,39.3558701567277
Brie_Sarnp_3,Sarnp,216.910420913799,234.785856900634,15.3205183643926,50.3803168673084
Brie_Sarnp_4,Sarnp,194.259427590523,191.579957759985,1451.63852242398,199.400424127572
Brie_Tomm20_1,Tomm20,232.354279997852,268.886380602551,8.23940362086104,18.8275900749567
Brie_Tomm20_2,Tomm20,166.632079673496,186.223854560731,46.1329365727328,0.200076667423805
Brie_Tomm20_3,Tomm20,212.792058491385,183.545802961104,0.584144438664724,15.2161333939044
Brie_Tomm20_4,Tomm20,246.253753173499,295.488359825512,253.399078930698,326.941867968945
Brie_Timm23_1,Timm23,182.59073406035,175.86872170884,5.17729994798251,11.9848300476997
Brie_Timm23_2,Timm23,125.27685701509,109.274505264782,0.01,8.75352670149505
Brie_Timm23_3,Timm23,134.028377162719,153.551625045281,0.584144438664724,0.200076667423805
Brie_Timm23_4,Timm23,178.472371637936,205.862899624662,15.1291368848377,12.1749067151235
Brie_Thap12_1,Thap12,197.176600973066,189.973126800209,54.9364846322586,81.5528903248125
Brie_Thap12_2,Thap12,237.845429894403,258.888321297277,368.610729622753,16.3565933984473
Brie_Thap12_3,Thap12,180.874749717678,143.910639286624,140.484005993302,116.717073798217
Brie_Thap12_4,Thap12,201.809758698282,172.29798624267,35.2241922381031,5.52222335529036
Chopchop_Wapl_1,Wapl,191.170655773712,216.932179569787,9.5790739777454,23.9596600953995
Chopchop_Wapl_2,Wapl,201.466561829747,276.741998628123,28.3344589741264,48.4795501930704
Chopchop_Wapl_3,Wapl,230.981492523714,245.140989752525,5.94282586620215,41.066560163542
Chopchop_Wapl_4,Wapl,134.886369334056,167.65603013665,34.8414292789932,0.390153334847611
Brie_Ccdc12_1,Ccdc12,205.241727383627,213.361444103618,29.099984892346,17.6871300704139
Brie_Ccdc12_2,Ccdc12,246.253753173499,304.593735264244,38.0949144314267,3.81153334847611
Brie_Ccdc12_3,Ccdc12,133.856778728452,108.203284624931,0.201381479554908,20.3482034143472
Brie_Ccdc12_4,Ccdc12,181.904340323281,202.292164158493,39.2432033087561,130.972823855002
Brie_Gosr2_1,Gosr2,226.691531667032,274.599557348422,316.937730142928,77.3712036414888
Brie_Gosr2_2,Gosr2,153.762197103453,151.230646992271,0.392762959109816,11.2245233780045
Brie_Gosr2_3,Gosr2,235.271453380395,215.325348610011,41.539781063415,245.589054311557
Brie_Gosr2_4,Gosr2,120.986896158409,154.444308911824,0.201381479554908,32.1329567946231
Brie_Metap2_1,Metap2,151.359819023711,166.049199176874,266.221638060877,73.3795936255889
Brie_Metap2_2,Metap2,125.105258580823,90.1710705207757,0.584144438664724,0.01
Brie_Metap2_3,Metap2,129.738416306038,138.375999314062,0.584144438664724,5.71230002271416
Brie_Metap2_4,Metap2,70.365358049571,104.989622705378,0.775525918219632,5.90237669013797
Brie_Ramac_1,Ramac,194.43102602479,186.759464880656,78.8591695766221,5.71230002271416
Brie_Ramac_2,Ramac,126.649644489228,106.953527211772,0.392762959109816,0.01
Brie_Ramac_3,Ramac,253.117690544188,214.432664743469,301.43583029898,56.4627702248702
Brie_Ramac_4,Ramac,239.90461110561,234.964393673942,0.201381479554908,9.51383337119027
Brie_Eif2s3x_1,Eif2s3x,171.093638964445,159.264801791152,0.775525918219632,52.2810835415465
Brie_Eif2s3x_2,Eif2s3x,212.105664754317,187.830685520507,21.0619627510399,23.1993534257043
Brie_Eif2s3x_3,Eif2s3x,149.643834681039,126.771109049011,21.6361071897046,8.18329669922363
Brie_Eif2s3x_4,Eif2s3x,162.170520382548,148.731132165953,0.392762959109816,16.1665167310235
Brie_Tfdp1_1,Tfdp1,193.744632287721,190.151663573517,0.392762959109816,28.7115767809946
Brie_Tfdp1_2,Tfdp1,123.217675803883,100.347666599358,0.201381479554908,5.14207002044275
Brie_Tfdp1_3,Tfdp1,145.697070692892,171.405302376128,0.201381479554908,235.324914270671
Brie_Tfdp1_4,Tfdp1,122.016486764012,103.025718198985,75.7970659037435,290.257071156151
Brie_Mrpl2_1,Mrpl2,273.537904221991,219.610231169414,264.116441785773,45.8184768491371
Brie_Mrpl2_2,Mrpl2,194.43102602479,148.195521846027,40.7742551451954,362.676281444621
Brie_Mrpl2_3,Mrpl2,190.312663602376,150.516499899037,17.6170961190515,15.9764400635997
Brie_Mrpl2_4,Mrpl2,228.922311312507,265.851255456307,34.6500477994383,10.8443700431569
Brie_Smndc1_1,Smndc1,176.069993558195,139.447219953913,0.392762959109816,32.5131101294707
Brie_Smndc1_2,Smndc1,270.792329273715,203.541921571652,334.353444782424,107.593393761874
Brie_Smndc1_3,Smndc1,202.324554001083,204.434605438194,1.15828887732945,182.483600726853
Brie_Smndc1_4,Smndc1,152.561008063582,148.195521846027,0.201381479554908,7.80314336437602
Brie_Vps4b_1,Vps4b,160.626134474143,230.322437567922,14.1722294870632,16.5466700658711
Brie_Vps4b_2,Vps4b,211.934066320049,228.001459514912,111.011258141847,145.228573911787
Brie_Vps4b_3,Vps4b,214.508042834058,224.609260822051,41.9225440225248,8.56345003407124
Brie_Vps4b_4,Vps4b,209.531688240308,195.507766772771,0.584144438664724,5.71230002271416
Brie_Ddx1_1,Ddx1,248.312934384706,357.44062016355,13.9808480075083,0.390153334847611
Brie_Ddx1_2,Ddx1,138.833133322202,143.553565740007,346.219096514828,56.0826168900226
Brie_Ddx1_3,Ddx1,183.791923100221,189.616053253592,137.230520840869,11.7947533802759
Brie_Ddx1_4,Ddx1,107.602218285563,103.025718198985,1.34967035688436,104.932320417941
Brie_Ei24_1,Ei24,146.898259732763,106.417916891846,209.955483071734,86.1147303429838
Brie_Ei24_2,Ei24,125.448455449357,110.524262677941,91.490347227246,130.40259385273
Brie_Ei24_3,Ei24,309.916772286647,301.915683664617,46.5156995318426,60.8345335756177
Brie_Ei24_4,Ei24,149.472236246772,195.68630354608,0.392762959109816,14.645903391633
Brie_Smarca4_1,Smarca4,136.945550545263,157.300897284759,0.01,28.5215001135708
Brie_Smarca4_2,Smarca4,270.105935536646,280.848344414218,155.411761398585,157.583557294335
Brie_Smarca4_3,Smarca4,238.70342206574,222.288282769041,317.703256061147,193.698124104858
Brie_Smarca4_4,Smarca4,353.845971459062,317.448382942454,5.75144438664724,100.750633734617
Brie_Osbp_1,Osbp,133.856778728452,116.237439423812,9.5790739777454,2.48099667650947
Brie_Osbp_2,Osbp,234.585059643326,200.149722878791,124.599343190245,302.992207873546
Brie_Osbp_3,Osbp,247.626540647637,229.786827247997,4.02901107065307,0.200076667423805
Brie_Osbp_4,Osbp,233.212272169188,254.781975511182,19.5309109146006,69.0078302748414
Brie_Nrd1_1,Nrd1,180.359954414876,174.976037842297,131.297694974667,134.39420386863
Brie_Nrd1_2,Nrd1,188.253482391169,164.977978537023,111.011258141847,32.3230334620469
Brie_Nrd1_3,Nrd1,175.212001386859,155.515529551675,35.7983366767678,324.66094795986
Brie_Nrd1_4,Nrd1,221.371980204748,235.500003993868,221.055608885919,263.076107714547
Brie_Yme1l1_1,Yme1l1,194.43102602479,198.899965465632,195.793253584671,23.5795067605519
Brie_Yme1l1_2,Yme1l1,118.241321210133,88.5642395609995,41.3483995838601,417.418361662677
Brie_Yme1l1_3,Yme1l1,122.359683632547,121.593542623066,8.62216657997086,39.3558701567277
Brie_Yme1l1_4,Yme1l1,127.850833529099,156.408213418217,50.1519476433859,3.4313800136285
Brie_Elof1_1,Elof1,148.442645641168,153.73016181859,26.4206441785773,20.7283567491948
Brie_Elof1_2,Elof1,142.09350357328,145.5174702464,191.008716595798,88.9658803543409
Brie_Elof1_3,Elof1,199.922175921342,216.57510602317,248.80592342138,115.576613793674
Brie_Elof1_4,Elof1,183.963521534488,227.465849194987,15.7032813235024,55.8925402225988
Brie_Dr1_1,Dr1,96.2767216239252,108.917431718165,10.7273628550748,209.474487501034
Brie_Dr1_2,Dr1,140.20592079634,124.271594222693,82.1126547290555,13.1252900522426
Brie_Dr1_3,Dr1,65.9037987586226,84.6364305482132,68.9073326397669,86.6849603452553
Brie_Dr1_4,Dr1,161.140929776944,153.908698591898,459.134169452224,35.174183473404
Brie_Mpdu1_1,Mpdu1,230.123500352377,231.572194981081,31.3965626470049,127.931597176221
Brie_Mpdu1_2,Mpdu1,150.84502372091,194.43654613292,250.528356737374,48.4795501930704
Brie_Mpdu1_3,Mpdu1,274.567494827594,284.419079880387,116.752702528494,238.366140949452
Brie_Mpdu1_4,Mpdu1,323.129851725225,269.957601242402,115.221650692055,120.328530479269
Brie_Crls1_1,Crls1,262.555604428887,232.464878847624,117.135465487604,49.810086865037
Brie_Crls1_2,Crls1,157.02256735453,174.976037842297,163.641165019446,62.1650702475844
Brie_Crls1_3,Crls1,83.578437488149,88.2071660143826,0.392762959109816,0.01
Brie_Crls1_4,Crls1,154.620189274789,117.844270383588,0.392762959109816,81.5528903248125
Brie_Mrpl52_1,Mrpl52,306.999598904104,251.389776818321,124.40796171069,32.5131101294707
Brie_Mrpl52_2,Mrpl52,187.223891785566,174.083353975755,0.201381479554908,3.4313800136285
Brie_Mrpl52_3,Mrpl52,209.531688240308,231.215121434464,131.871839413332,40.6864068286944
Brie_Mrpl52_4,Mrpl52,281.431432198284,212.468760237075,195.027727666451,90.4864936937314
Brie_Pno1_1,Pno1,192.886640116385,194.793619679537,6.32558882531196,0.200076667423805
Brie_Pno1_2,Pno1,275.940282301732,276.741998628123,173.975764915411,182.673677394277
Brie_Pno1_3,Pno1,141.921905139013,168.727250776501,0.01,23.7695834279757
Brie_Pno1_4,Pno1,163.88650472522,188.901906160358,201.726079450873,14.4558267242092
Brie_Ube2g2_1,Ube2g2,247.969737516171,215.325348610011,42.1139255020797,99.2300203952264
Brie_Ube2g2_2,Ube2g2,153.075803366384,170.869692056203,10.9187443346298,8.37337336664744
Brie_Ube2g2_3,Ube2g2,308.029189509707,246.926357485609,71.9694363126454,142.567500567854
Brie_Ube2g2_4,Ube2g2,262.212407560352,261.923446443521,1715.36220125064,18.6375134075329
Brie_Shoc2_1,Shoc2,106.57262767996,78.9232538023423,0.01,5.71230002271416
Brie_Shoc2_2,Shoc2,146.898259732763,114.630608464036,0.392762959109816,0.01
Brie_Shoc2_3,Shoc2,146.898259732763,143.553565740007,0.201381479554908,6.09245335756177
Brie_Shoc2_4,Shoc2,156.507772051729,161.228706297545,1.34967035688436,21.1085100840424
Brie_Ptpa_1,Ptpa,252.431296807119,232.821952394241,13.4067035688436,17.6871300704139
Brie_Ptpa_2,Ptpa,170.235646793108,179.439457175009,1.15828887732945,6.47260669240938
Brie_Ptpa_3,Ptpa,193.573033853454,216.753642796479,6.89973326397669,80.4124303202697
Brie_Ptpa_4,Ptpa,159.768142302806,154.801382458441,5.75144438664724,14.645903391633
Brie_Eif5b_1,Eif5b,219.312798993541,204.97021575812,198.08983133933,115.196460458826
Brie_Eif5b_2,Eif5b,180.016757546341,154.622845685132,0.201381479554908,22.8192000908566
Brie_Eif5b_3,Eif5b,251.74490307005,306.557639770637,114.64750625339,235.324914270671
Brie_Eif5b_4,Eif5b,203.18254617242,206.577046717896,60.4865475393509,0.01
Brie_Yy1_1,Yy1,215.194436571127,194.43654613292,223.352186640578,62.3551469150082
Brie_Yy1_2,Yy1,208.15890076617,159.086265017844,10.5359813755199,105.122397085364
Brie_Yy1_3,Yy1,163.028512553884,138.197462540753,60.4865475393509,3.05122667878089
Brie_Yy1_4,Yy1,242.306989185352,275.492241214964,368.419348143198,106.452933757331
Brie_Tufm_1,Tufm,252.088099938585,248.533188445386,0.775525918219632,45.2482468468657
Brie_Tufm_2,Tufm,161.484126645479,155.158456005058,4.41177402976288,3.6214566810523
Brie_Tufm_3,Tufm,152.217811195048,167.477493363342,86.8971917179282,10.8443700431569
Brie_Tufm_4,Tufm,101.081477783408,101.775960785826,26.994788617242,4.95199335301894
Brie_Rbmxl1_1,Rbmxl1,216.567224045265,217.289253116404,499.707043117865,4.76191668559513
Brie_Rbmxl1_2,Rbmxl1,96.791516926727,120.700858756524,99.3369878889972,142.187347233006
Brie_Rbmxl1_3,Rbmxl1,165.77408750216,170.691155282894,24.6982108625831,130.40259385273
Brie_Rbmxl1_4,Rbmxl1,344.236459140096,285.847374066855,18.3826220372712,114.246077121707
Brie_Atp5j_1,Atp5j,208.330499200437,223.002429862275,37.9035329518718,31.7528034597755
Brie_Atp5j_2,Atp5j,133.170384991383,189.258979706975,21.6361071897046,12.9352133848188
Brie_Atp5j_3,Atp5j,104.513446468753,93.0276588937112,32.5448515243343,72.4292102884699
Brie_Atp5j_4,Atp5j,272.33671518212,284.062006333771,104.50428783698,371.799961480963
Brie_Kctd10_1,Kctd10,257.579249835137,232.643415620932,0.775525918219632,323.900641290164
Brie_Kctd10_2,Kctd10,193.401435419187,203.184848025035,67.5676622828825,0.01
Brie_Kctd10_3,Kctd10,228.407516009705,190.330200346826,84.0264695246046,117.857533802759
Brie_Kctd10_4,Kctd10,224.803948890093,195.150693226154,9.7704554573003,8.56345003407124
Brie_Klf3_1,Klf3,198.034593144402,195.864840319388,200.386409093989,489.837571951146
Brie_Klf3_2,Klf3,237.502233025869,197.828744825781,13.5980850483985,84.2139636687458
Brie_Klf3_3,Klf3,214.164845965523,234.964393673942,148.904791093718,148.459877257992
Brie_Klf3_4,Klf3,198.377790012937,200.863869972025,399.231766351538,141.617117230735
Brie_Dnttip2_1,Dnttip2,183.963521534488,186.045317787422,660.850248903097,85.5445003407124
Brie_Dnttip2_2,Dnttip2,113.608163484917,105.882306571921,8.81354805952576,15.0260567264806
Brie_Dnttip2_3,Dnttip2,127.679235094831,118.558417476822,63.3572697326745,0.01
Brie_Dnttip2_4,Dnttip2,79.6316735000023,82.3154524952032,0.775525918219632,0.770306669695222
Brie_Supt5_1,Supt5,209.360089806041,190.687273893442,0.392762959109816,35.7444134756754
Brie_Supt5_2,Supt5,243.336579790955,207.29119381113,1.15828887732945,7.99322003179983
Brie_Supt5_3,Supt5,219.312798993541,218.003400209638,0.392762959109816,59.1238435688035
Brie_Supt5_4,Supt5,159.768142302806,185.331170694188,0.775525918219632,10.0840633734617
Brie_Ufc1_1,Ufc1,255.348470189663,253.710754871331,75.6056844241886,18.2573600726853
Brie_Ufc1_2,Ufc1,103.655454297417,133.555506434733,214.357257101497,0.200076667423805
Brie_Ufc1_3,Ufc1,172.63802487285,140.518440593763,102.590473041431,17.8772067378377
Brie_Ufc1_4,Ufc1,134.886369334056,208.362414450981,0.201381479554908,0.200076667423805
Brie_Snrpa_1,Snrpa,169.549253056039,156.765286964834,93.4041620227951,523.671218752584
Brie_Snrpa_2,Snrpa,226.691531667032,210.326318957374,21.6361071897046,37.6451801499135
Brie_Snrpa_3,Snrpa,218.11160995367,288.703962439791,61.0606919780156,15.596286728752
Brie_Snrpa_4,Snrpa,97.6495090980632,98.7408356395821,59.9124031006862,281.513544454656
Brie_Ppm1g_1,Ppm1g,241.79219388255,229.965364021305,0.775525918219632,7.2329133621046
Brie_Ppm1g_2,Ppm1g,137.975141150866,153.73016181859,43.8363588180739,113.485770452012
Brie_Ppm1g_3,Ppm1g,207.815703897635,193.186788719761,337.606929934858,13.3153667196664
Brie_Ppm1g_4,Ppm1g,161.140929776944,160.514559204312,48.4295143273917,7.80314336437602
Brie_Otud5_1,Otud5,60.9274441648725,94.8130266267958,66.9935178442178,11.9848300476997
Brie_Otud5_2,Otud5,265.644376245697,277.991756041283,0.775525918219632,8.37337336664744
Brie_Otud5_3,Otud5,308.715583246776,267.8151599627,178.377538945174,72.0490569536223
Brie_Otud5_4,Otud5,282.28942436962,280.134197320984,61.0606919780156,5.71230002271416
Chopchop_Csk_1,Csk,295.159306939664,223.359503408892,45.3674106545132,46.1986301839847
Chopchop_Csk_2,Csk,237.845429894403,263.887350949914,0.201381479554908,10.0840633734617
Chopchop_Csk_3,Csk,151.188220589444,145.696007019709,21.6361071897046,12.1749067151235
Chopchop_Csk_4,Csk,286.922582094836,203.006311251727,88.0454805952576,49.4299335301894
Brie_Numa1_1,Numa1,148.785842509703,187.47361197389,7.09111474353159,73.9498236278603
Brie_Numa1_2,Numa1,165.430890633625,138.733072860679,0.584144438664724,13.3153667196664
Brie_Numa1_3,Numa1,287.780574266172,301.558610118,425.06826609145,14.645903391633
Brie_Numa1_4,Numa1,185.336309008626,180.867751361477,6.70835178442178,143.327807237549
Brie_Atp5k_1,Atp5k,234.92825651186,251.746850364938,75.4143029446337,19.7779734120758
Brie_Atp5k_2,Atp5k,125.27685701509,132.484285794882,223.543568120132,137.245353879987
Brie_Atp5k_3,Atp5k,212.792058491385,192.651178399836,72.1608177922003,3.81153334847611
Brie_Atp5k_4,Atp5k,201.466561829747,200.506796425408,0.392762959109816,2.10084334166186
Chopchop_Ube2d3_1,Ube2d3,181.904340323281,186.938001653965,8.04802214130613,2.29092000908566
Chopchop_Ube2d3_2,Ube2d3,174.52560764979,130.877454835106,0.584144438664724,2.10084334166186
Chopchop_Ube2d3_3,Ube2d3,198.034593144402,194.258009359612,5.94282586620215,130.212517185307
Chopchop_Ube2d3_4,Ube2d3,182.247537191816,162.657000484013,5.94282586620215,6.47260669240938
Brie_Atp5j2_1,Atp5j2,176.241591992462,196.221913866005,4.60315550931779,15.596286728752
Brie_Atp5j2_2,Atp5j2,184.649915271557,174.440427522372,0.201381479554908,31.1825734575041
Brie_Atp5j2_3,Atp5j2,184.306718403023,180.689214588168,202.108842409983,212.895867514662
Brie_Atp5j2_4,Atp5j2,188.768277693971,219.074620849489,155.411761398585,107.593393761874
Brie_Srrm1_1,Srrm1,158.738551697203,213.004370557001,252.824934492033,279.23262444557
Brie_Srrm1_2,Srrm1,240.934201711214,178.011162988541,4.60315550931779,4.95199335301894
Brie_Srrm1_3,Srrm1,261.354415389016,306.914713317254,179.334446342949,11.6046767128521
Brie_Srrm1_4,Srrm1,172.466426438583,180.689214588168,97.614554573003,33.0833401317421
Brie_Wac_1,Wac,170.235646793108,180.689214588168,327.463711518447,26.8108101067566
Brie_Wac_2,Wac,196.490207235997,235.142930447251,146.990976298169,69.7681369445366
Brie_Wac_3,Wac,156.164575183194,119.272564570056,40.7742551451954,209.28441083361
Brie_Wac_4,Wac,258.265643572206,332.088398353748,450.713384351808,320.66933794396
Brie_Dctn1_1,Dctn1,202.839349303885,173.904817202447,22.975777546589,7.42299002952841
Brie_Dctn1_2,Dctn1,224.289153587291,226.751702101753,250.911119696484,135.914817208021
Brie_Dctn1_3,Dctn1,171.436835832979,244.605379432599,15.3205183643926,290.447147823575
Brie_Dctn1_4,Dctn1,242.306989185352,246.926357485609,142.971965227516,1006.0858006742
Brie_Usp8_1,Usp8,124.590463278021,161.228706297545,84.7919954428242,62.1650702475844
Brie_Usp8_2,Usp8,71.05175178664,69.996415136919,0.775525918219632,0.200076667423805
Brie_Usp8_3,Usp8,175.898395123928,159.978948884386,35.7983366767678,95.2384103793265
Brie_Usp8_4,Usp8,173.152820175652,107.846211078314,0.392762959109816,4.19168668332372
Brie_Oga_1,Oga,192.371844813583,195.864840319388,97.0404101343383,154.732407282978
Brie_Oga_2,Oga,166.803678107763,143.553565740007,287.082219332362,129.262133848188
Brie_Oga_3,Oga,162.856914119617,186.223854560731,21.8274886692595,58.3635368991083
Brie_Oga_4,Oga,233.898665906257,276.384925081506,269.283741733755,511.886465372308
Brie_Micos10_1,Micos10,217.253617782334,229.965364021305,13.9808480075083,85.3544236732886
Brie_Micos10_2,Micos10,176.069993558195,130.163307741872,93.2127805432402,267.828024400142
Brie_Micos10_3,Micos10,239.389815802809,279.955660547676,196.176016543781,91.817030365698
Brie_Micos10_4,Micos10,155.82137831466,150.337963125729,30.4396552492304,148.84003059284
Brie_Mrps7_1,Mrps7,149.643834681039,114.452071690727,3.26348515243343,93.5277203725123
Brie_Mrps7_2,Mrps7,184.47831683729,215.682422156628,7.66525918219632,32.7031867968945
Brie_Mrps7_3,Mrps7,244.880965699361,252.103923911555,14.1722294870632,2.86115001135708
Brie_Mrps7_4,Mrps7,152.904204932117,148.731132165953,137.039139361314,4.38176335074752
Brie_Snai2_1,Snai2,176.584788860997,183.724339734412,35.2241922381031,84.4040403361696
Brie_Snai2_2,Snai2,110.347793233839,89.4569234275418,0.392762959109816,0.01
Brie_Snai2_3,Snai2,188.768277693971,186.045317787422,36.1810996358776,170.698847346577
Brie_Snai2_4,Snai2,270.277533970913,290.132256626258,99.719750848107,145.798803914059
Brie_Arpp19_1,Arpp19,351.100396510786,352.977200830839,217.419360774375,166.517160663254
Brie_Arpp19_2,Arpp19,195.803813498928,205.148752531428,0.201381479554908,6.09245335756177
Brie_Arpp19_3,Arpp19,189.111474562505,216.932179569787,248.997304900935,84.7841936710172
Brie_Arpp19_4,Arpp19,218.283208387937,239.784886553271,19.1481479554908,218.978320872224
Brie_Dcaf7_1,Dcaf7,233.555469037722,224.966334368668,222.778042201913,215.556940858595
Brie_Dcaf7_2,Dcaf7,189.111474562505,191.222884213368,143.163346707071,138.956043886802
Brie_Dcaf7_3,Dcaf7,195.975411933195,183.902876507721,596.163308813538,51.9009302066989
Brie_Dcaf7_4,Dcaf7,245.395761002162,279.777123774367,79.050551056177,268.968484404685
Brie_Ube2c_1,Ube2c,210.732877280179,200.3282596521,119.432043242263,163.285857317049
Brie_Ube2c_2,Ube2c,266.159171548499,283.526396013845,106.035339673419,150.550720599654
Brie_Ube2c_3,Ube2c,160.626134474143,161.585779844162,0.392762959109816,94.8582570444789
Brie_Ube2c_4,Ube2c,260.49642321768,255.853196151033,129.192498699563,258.134114361528
Brie_Lsm12_1,Lsm12,174.52560764979,190.508737120134,10.5359813755199,49.4299335301894
Brie_Lsm12_2,Lsm12,199.064183750006,172.29798624267,50.5347106024957,137.815583882259
Brie_Lsm12_3,Lsm12,235.271453380395,195.68630354608,0.775525918219632,71.4788269513508
Brie_Lsm12_4,Lsm12,241.277398579748,185.509707467497,132.254602372441,23.7695834279757
Brie_Nol7_1,Nol7,139.176330190737,120.165248436598,12.0670332119592,34.6039534711326
Brie_Nol7_2,Nol7,222.401570810351,244.248305885982,285.168404536813,164.046163986744
Brie_Nol7_3,Nol7,216.22402717673,209.076561544215,21.4447257101497,390.047321553649
Brie_Nol7_4,Nol7,154.105393971987,118.201343930205,202.682986848647,5.52222335529036
Brie_Atg3_1,Atg3,75.1701142090539,84.1008202282878,0.392762959109816,78.3215869786078
Brie_Atg3_2,Atg3,217.596814650868,216.039495703245,136.08223196354,28.331423446147
Brie_Atg3_3,Atg3,160.626134474143,103.739865292219,178.951683383839,0.01
Brie_Atg3_4,Atg3,277.999463512939,266.922476096158,629.463686256092,134.204127201207
Brie_Fnta_1,Fnta,171.780032701514,190.508737120134,0.392762959109816,181.153064054887
Brie_Fnta_2,Fnta,256.721257663801,239.784886553271,64.505558610004,311.545657907617
Brie_Fnta_3,Fnta,307.85759107544,287.454205026631,146.034068900395,4.95199335301894
Brie_Fnta_4,Fnta,247.626540647637,290.846403719492,5.94282586620215,62.9253769172796
Brie_Sptlc1_1,Sptlc1,179.330363809272,198.364355145707,60.4865475393509,14.0756733893616
Brie_Sptlc1_2,Sptlc1,215.02283813686,240.320496873196,209.189957153514,37.6451801499135
Brie_Sptlc1_3,Sptlc1,231.83948469505,214.611201516777,141.058150431967,11.6046767128521
Brie_Sptlc1_4,Sptlc1,101.081477783408,142.482345100156,414.350903236376,70.338366946808
Brie_Atp5mpl_1,Atp5mpl,64.1878144159501,73.2100770564714,0.201381479554908,58.9337669013797
Brie_Atp5mpl_2,Atp5mpl,157.02256735453,143.19649219339,481.717184039703,374.461034824897
Brie_Atp5mpl_3,Atp5mpl,221.543578639015,208.183877677672,60.295166059796,993.730817291655
Brie_Atp5mpl_4,Atp5mpl,115.838943130391,97.3125414531144,240.193756841409,277.521934438756
Brie_Cnot8_1,Cnot8,234.241862774791,213.182907330309,66.0366104464432,119.948377144421
Brie_Cnot8_2,Cnot8,172.294828004315,221.752672449116,9.00492953908067,249.960817662304
Brie_Cnot8_3,Cnot8,217.768413085136,143.375028966699,1.73243331599417,396.319851578634
Brie_Cnot8_4,Cnot8,171.265237398712,208.005340904364,84.4092324837144,29.8520367855374
Brie_Dnaja3_1,Dnaja3,277.31306977587,240.856107193122,103.73876191876,9.13368003634266
Brie_Dnaja3_2,Dnaja3,130.596408477374,100.16912982605,0.392762959109816,11.4146000454283
Brie_Dnaja3_3,Dnaja3,215.880830308196,214.789738290085,142.015057829742,86.8750370126791
Brie_Dnaja3_4,Dnaja3,170.578843661643,174.261890749064,0.392762959109816,0.01
Brie_Usp7_1,Usp7,150.84502372091,123.021836809534,86.8971917179282,0.390153334847611
Brie_Usp7_2,Usp7,184.135119968755,163.728221123864,0.201381479554908,18.4474367401091
Brie_Usp7_3,Usp7,128.537227266168,165.692125630257,6.13420734575705,0.200076667423805
Brie_Usp7_4,Usp7,120.128903987072,118.73695425013,0.775525918219632,0.390153334847611
Brie_Vezf1_1,Vezf1,102.282666823279,83.029599588437,129.958024617782,5.52222335529036
Brie_Vezf1_2,Vezf1,296.532094413802,214.25412797016,57.0416809073626,83.6437336664744
Brie_Vezf1_3,Vezf1,177.099584163798,216.753642796479,77.9022621788475,37.8352568173373
Brie_Vezf1_4,Vezf1,252.259698372852,208.719487997598,137.421902320424,95.6185637141741
Brie_Nolc1_1,Nolc1,140.20592079634,157.657970831376,0.392762959109816,28.1413467787232
Brie_Nolc1_2,Nolc1,192.371844813583,159.621875337769,49.5778032047212,23.1993534257043
Brie_Nolc1_3,Nolc1,281.08823532975,217.467789889712,262.968152908443,123.36975715805
Brie_Nolc1_4,Nolc1,265.301179377163,236.749761407027,79.8160769743966,124.89037049744
Brie_Supt16_1,Supt16,112.578572879314,117.130123290354,0.96690739777454,2.29092000908566
Brie_Supt16_2,Supt16,130.768006911642,120.522321983215,0.392762959109816,0.01
Brie_Supt16_3,Supt16,71.05175178664,95.3486369467212,207.276142357965,4.57184001817133
Brie_Supt16_4,Supt16,146.898259732763,120.879395529832,0.96690739777454,3.05122667878089
Brie_Ppie_1,Ppie,65.3890034558209,86.4217982812979,13.4067035688436,0.01
Brie_Ppie_2,Ppie,200.951766526946,219.788767942723,36.5638625949874,59.5039969036511
Brie_Ppie_3,Ppie,240.076209539878,261.566372896904,4.41177402976288,0.01
Brie_Ppie_4,Ppie,293.271724162724,271.564432202178,41.3483995838601,124.89037049744
Brie_Mrpl18_1,Mrpl18,119.957305552805,107.667674305005,42.4966884611896,34.9841068059802
Brie_Mrpl18_2,Mrpl18,152.389409629315,168.013103683267,84.9833769223791,81.9330436596601
Brie_Mrpl18_3,Mrpl18,171.951631135781,202.113627385184,49.0036587660564,11.7947533802759
Brie_Mrpl18_4,Mrpl18,125.105258580823,142.660881873465,19.7222923941555,43.917710174899
Brie_Mrpl27_1,Mrpl27,190.312663602376,151.587720538888,0.201381479554908,10.6542933757331
Brie_Mrpl27_2,Mrpl27,86.8388077392267,81.4227686286608,51.1088550411604,23.1993534257043
Brie_Mrpl27_3,Mrpl27,186.709096482764,153.908698591898,20.6791997919301,7.80314336437602
Brie_Mrpl27_4,Mrpl27,258.265643572206,234.0717098074,235.791982811647,24.7199667650947
Brie_Polr2j_1,Polr2j,169.549253056039,157.300897284759,22.4016331079242,11.2245233780045
Brie_Polr2j_2,Polr2j,247.111745344835,239.784886553271,179.525827822504,2.67107334393328
Brie_Polr2j_3,Polr2j,209.016892937506,215.325348610011,0.96690739777454,7.80314336437602
Brie_Polr2j_4,Polr2j,179.845159112074,200.149722878791,0.775525918219632,2.86115001135708
Brie_H2-T22_1,H2-T22,203.010947738152,163.192610803939,131.871839413332,385.485481535477
Brie_H2-T22_2,H2-T22,141.750306704746,173.726280429138,683.624644970131,291.587607828117
Brie_H2-T22_3,H2-T22,209.531688240308,175.333111388914,122.111383956031,105.502550420212
Brie_H2-T22_4,H2-T22,264.443187205827,237.463908500261,193.879438789122,141.617117230735
Brie_Fus_1,Fus,173.324418609919,180.51067781486,20.870581271485,51.1406235370036
Brie_Fus_2,Fus,222.916366113153,215.682422156628,42.3053069816347,199.020270792724
Brie_Fus_3,Fus,95.418729452589,88.0286292410741,58.7641142233567,33.6535701340135
Brie_Fus_4,Fus,267.531959022637,245.140989752525,361.720996358776,274.480707759975
Brie_Gnl1_1,Gnl1,243.67977665949,220.681451809265,88.2368620748126,90.2964170263076
Brie_Gnl1_2,Gnl1,193.916230721988,192.829715173144,199.812264655324,29.281806783266
Brie_Gnl1_3,Gnl1,335.141742123932,374.401613627855,134.5511801271,235.514990938095
Brie_Gnl1_4,Gnl1,241.620595448283,224.430724048743,31.0137996878951,133.823973866359
Brie_Stk11_1,Stk11,119.785707118538,146.945764432868,0.775525918219632,0.200076667423805
Brie_Stk11_2,Stk11,225.147145758627,199.257039012249,27.3775515763518,44.6780168445943
Brie_Stk11_3,Stk11,303.910827087293,275.670777988273,37.329388513207,104.172013748245
Brie_Stk11_4,Stk11,276.283479170267,254.96051228449,65.0797030486687,51.7108535392751
Brie_Golt1b_1,Golt1b,162.513717251082,146.588690886251,47.6639884091721,34.0337234688612
Brie_Golt1b_2,Golt1b,278.342660381474,225.501944688593,8.62216657997086,3.05122667878089
Brie_Golt1b_3,Golt1b,237.673831460136,233.893173034091,0.201381479554908,0.580230002271416
Brie_Golt1b_4,Golt1b,167.146874976298,223.180966635583,66.8021363646629,47.909320190799
Brie_Mcmbp_1,Mcmbp,193.916230721988,200.149722878791,824.672795402098,14.645903391633
Brie_Mcmbp_2,Mcmbp,131.625999082978,138.197462540753,7.47387770264141,51.1406235370036
Brie_Mcmbp_3,Mcmbp,311.289559760785,258.352710977351,17.4257146394966,105.502550420212
Brie_Mcmbp_4,Mcmbp,164.229701593755,200.685333198717,0.775525918219632,0.200076667423805
Brie_Eloc_1,Eloc,229.780303483843,214.432664743469,121.728620996921,19.587896744652
Brie_Eloc_2,Eloc,197.005002538799,194.079472586303,273.685515763518,432.624495056581
Brie_Eloc_3,Eloc,164.916095330824,136.055021261052,53.2140513162644,629.543922507643
Brie_Eloc_4,Eloc,37.2468602359925,41.9661417274897,1.54105183643926,0.01
Brie_Septin7_1,Septin7,185.851104311428,171.048228829511,7.2824962230865,51.3307002044275
Brie_Septin7_2,Septin7,283.662211843758,219.610231169414,1983.10489114796,26.430656771909
Brie_Septin7_3,Septin7,276.283479170267,295.845433372129,182.013787056717,15.4062100613282
Brie_Septin7_4,Septin7,128.194030397633,153.016014725356,159.239390989683,7.80314336437602
Brie_Kdm1a_1,Kdm1a,253.460887412723,254.781975511182,293.397808157674,183.243907396548
Brie_Kdm1a_2,Kdm1a,176.756387295264,226.216091781827,173.210238997192,211.945484177543
Brie_Kdm1a_3,Kdm1a,194.774222893325,217.646326663021,86.1316657997086,82.8834269967792
Brie_Kdm1a_4,Kdm1a,239.389815802809,286.382984386781,18.765384996381,64.2559135892462
Brie_Ifitm2_1,Ifitm2,190.999057339445,215.682422156628,0.775525918219632,99.9903270649216
Brie_Ifitm2_2,Ifitm2,143.809487915952,189.616053253592,416.45609951148,112.345310447469
Brie_Ifitm2_3,Ifitm2,208.330499200437,229.42975370138,119.049280283153,98.0895603906836
Brie_Ifitm2_4,Ifitm2,184.821513705824,218.89608407618,72.5435807513101,19.587896744652
Brie_Cdk11b_1,Cdk11b,175.040402952591,193.008251946453,83.8350880450497,165.376700658711
Brie_Cdk11b_2,Cdk11b,180.531552849143,188.544832613741,26.6120256581322,95.9987170490217
Brie_Cdk11b_3,Cdk11b,118.241321210133,131.59160192834,43.0708328998543,0.01
Brie_Cdk11b_4,Cdk11b,205.584924252161,189.616053253592,1.34967035688436,5.14207002044275
Brie_Mark2_1,Mark2,244.022973528024,241.570254286355,75.7970659037435,84.5941170035934
Brie_Mark2_2,Mark2,234.756658077593,229.42975370138,156.560050275915,12.9352133848188
Brie_Mark2_3,Mark2,93.359548241382,123.200373582842,3.07210367287853,2.10084334166186
Brie_Mark2_4,Mark2,301.336850573285,295.131286278896,75.7970659037435,24.9100434325185
Brie_Mrps18b_1,Mrps18b,139.862723927806,194.258009359612,7.47387770264141,45.0581701794419
Brie_Mrps18b_2,Mrps18b,166.803678107763,232.643415620932,355.979551972129,38.9757168218801
Brie_Mrps18b_3,Mrps18b,275.082290130396,257.638563884118,119.240661762708,165.186623991287
Brie_Mrps18b_4,Mrps18b,244.366170396559,230.500974341231,25.8464997399126,361.15566810523
Brie_Srprb_1,Srprb,137.975141150866,190.330200346826,103.930143398315,44.6780168445943
Brie_Srprb_2,Srprb,195.289018196126,221.21706212919,80.3902214130613,176.971377371563
Brie_Srprb_3,Srprb,224.97554732436,234.0717098074,7.09111474353159,81.9330436596601
Brie_Srprb_4,Srprb,254.318879584059,247.99757812546,196.367398023336,139.716350556497
Brie_Mrps34_1,Mrps34,176.413190426729,163.01407403063,177.612013026955,279.802854447842
Brie_Mrps34_2,Mrps34,246.7685484763,212.647297010384,95.1265953387892,109.87431377096
Brie_Mrps34_3,Mrps34,275.42548699893,271.564432202178,27.9516960150166,98.8498670603788
Brie_Mrps34_4,Mrps34,237.330634591602,211.397539597225,0.584144438664724,3.6214566810523
Brie_Pdcl3_1,Pdcl3,215.02283813686,195.507766772771,95.3179768183442,508.275008691256
Brie_Pdcl3_2,Pdcl3,174.354009215522,187.830685520507,0.392762959109816,2.10084334166186
Brie_Pdcl3_3,Pdcl3,157.708961091599,181.938972001328,298.565108105656,10.8443700431569
Brie_Pdcl3_4,Pdcl3,238.188626762938,200.3282596521,289.952941525686,107.593393761874
Brie_Nsmce1_1,Nsmce1,279.715447855612,286.561521160089,9.38769249819049,4.19168668332372
Brie_Nsmce1_2,Nsmce1,259.123635743542,240.320496873196,65.2710845282236,417.988591664948
Brie_Nsmce1_3,Nsmce1,147.927850338366,228.715606608146,8.23940362086104,52.6612368763941
Brie_Nsmce1_4,Nsmce1,264.614785640094,261.209299350287,4.60315550931779,17.3069767355663
Brie_Erbb2_1,Erbb2,100.051887177805,127.842329688862,31.20518116745,55.3223102203274
Brie_Erbb2_2,Erbb2,292.756928859922,281.562491507452,257.226708521796,28.5215001135708
Brie_Erbb2_3,Erbb2,255.005273321128,314.591794569518,45.1760291749583,139.716350556497
Brie_Erbb2_4,Erbb2,212.620460057118,181.938972001328,123.451054312916,53.4215435460893
Brie_Bccip_1,Bccip,174.52560764979,188.187759067124,83.8350880450497,0.01
Brie_Bccip_2,Bccip,155.82137831466,190.508737120134,1.15828887732945,0.390153334847611
Brie_Bccip_3,Bccip,232.869075300653,230.679511114539,0.775525918219632,14.0756733893616
Brie_Bccip_4,Bccip,161.312528211212,144.803323153167,0.584144438664724,0.01
Brie_Fam50a_1,Fam50a,209.016892937506,229.251216928071,11.1101258141847,31.3726501249279
Brie_Fam50a_2,Fam50a,232.525878432119,243.35562201944,103.73876191876,330.363247982574
Brie_Fam50a_3,Fam50a,235.614650248929,251.56831359163,1.34967035688436,8.37337336664744
Brie_Fam50a_4,Fam50a,271.307124576517,304.593735264244,8.43078510041595,10.4642167083093
Brie_Jag1_1,Jag1,242.993382922421,204.434605438194,100.293895286772,160.054553970844
Brie_Jag1_2,Jag1,237.845429894403,249.425872311928,1695.26714589737,95.9987170490217
Brie_Jag1_3,Jag1,193.744632287721,185.331170694188,4.02901107065307,75.6605136346746
Brie_Jag1_4,Jag1,290.011353911646,210.326318957374,100.868039725436,262.695954379699
Brie_Mrpl36_1,Mrpl36,218.969602125006,265.49418190969,33.6931404016638,79.8422003179983
Brie_Mrpl36_2,Mrpl36,230.466697220912,198.721428692323,585.828708917573,90.4864936937314
Brie_Mrpl36_3,Mrpl36,238.188626762938,199.614112558866,68.524569680657,140.85681056104
Brie_Mrpl36_4,Mrpl36,322.100261119621,357.619156936859,59.5296401415764,99.4200970626502
Brie_Csnk2a1_1,Csnk2a1,213.993247531256,193.186788719761,4.7945369888727,309.644891233379
Brie_Csnk2a1_2,Csnk2a1,137.631944282332,160.69309597762,7.2824962230865,88.5857270194933
Brie_Csnk2a1_3,Csnk2a1,140.720716099142,128.199403235479,17.2343331599417,52.4711602089703
Brie_Csnk2a1_4,Csnk2a1,105.543037074357,111.238409771175,39.434584788311,132.87359052924
Brie_Hscb_1,Hscb,150.673425286642,169.619934643043,5.56006290709233,15.4062100613282
Brie_Hscb_2,Hscb,228.579114443972,183.545802961104,8.81354805952576,31.5627267923517
Brie_Hscb_3,Hscb,212.105664754317,241.748791059664,64.505558610004,19.0176667423805
Brie_Hscb_4,Hscb,260.49642321768,267.101012869466,39.8173477474208,14.645903391633
Brie_Mdm2_1,Mdm2,106.057832377158,86.064724734681,24.889592342138,1.34053667196664
Brie_Mdm2_2,Mdm2,102.282666823279,116.773049743737,0.201381479554908,0.01
Brie_Mdm2_3,Mdm2,110.176194799572,99.9905930527414,0.584144438664724,11.6046767128521
Brie_Mdm2_4,Mdm2,71.9097439579762,62.3193338846549,0.584144438664724,0.200076667423805
Brie_Pgrmc2_1,Pgrmc2,233.212272169188,264.422961269839,335.118970700644,72.2391336210461
Brie_Pgrmc2_2,Pgrmc2,207.300908594834,197.650208052473,323.061937488685,50.0001635324608
Brie_Pgrmc2_3,Pgrmc2,209.188491371773,168.548714003193,115.0302692125,12.745136717395
Brie_Pgrmc2_4,Pgrmc2,205.756522686428,242.998548472823,458.560025013559,63.495606919551
Brie_Ltv1_1,Ltv1,159.424945434272,202.827774478418,0.775525918219632,10.6542933757331
Brie_Ltv1_2,Ltv1,118.756116512935,133.91257998135,18.765384996381,22.8192000908566
Brie_Ltv1_3,Ltv1,148.099448772634,140.161367047146,0.96690739777454,0.200076667423805
Brie_Ltv1_4,Ltv1,375.124177308201,406.538232823379,472.722254500623,131.733130524697
Brie_Ypel5_1,Ypel5,129.738416306038,173.726280429138,3.26348515243343,6.47260669240938
Brie_Ypel5_2,Ypel5,128.022431963366,130.877454835106,0.96690739777454,5.14207002044275
Brie_Ypel5_3,Ypel5,206.957711726299,208.183877677672,0.96690739777454,10.8443700431569
Brie_Ypel5_4,Ypel5,261.182816954749,309.592764916881,301.43583029898,0.200076667423805
Brie_Smarca5_1,Smarca5,221.715177073282,208.183877677672,0.96690739777454,35.174183473404
Brie_Smarca5_2,Smarca5,222.916366113153,213.004370557001,9.5790739777454,0.01
Brie_Smarca5_3,Smarca5,267.703557456904,248.711725218694,7.85664066175122,16.3565933984473
Brie_Smarca5_4,Smarca5,131.797597517245,138.018925767445,11.3015072937396,6.85276002725699
Brie_Suz12_1,Suz12,164.572898462289,163.728221123864,41.539781063415,0.01
Brie_Suz12_2,Suz12,90.7855717273733,140.696977367072,558.078394382111,9.13368003634266
Brie_Suz12_3,Suz12,202.496152435351,202.827774478418,197.32430542111,184.004214066244
Brie_Suz12_4,Suz12,71.738145523709,62.3193338846549,0.01,5.71230002271416
Brie_Ythdf2_1,Ythdf2,198.549388447204,148.016985072719,38.0949144314267,261.555494375156
Brie_Ythdf2_2,Ythdf2,183.277127797419,157.479434058068,28.5258404536813,68.2475236051461
Brie_Ythdf2_3,Ythdf2,158.91015013147,99.6335195061244,195.601872105116,1.72069000681425
Brie_Ythdf2_4,Ythdf2,304.254023955828,250.675629725087,126.704539465349,73.5696702930127
Brie_Ccnb2_1,Ccnb2,241.105800145481,220.324378262648,572.240623869175,91.2468003634266
Brie_Ccnb2_2,Ccnb2,294.472913202595,254.603438737874,103.930143398315,55.3223102203274
Brie_Ccnb2_3,Ccnb2,134.886369334056,162.478463710705,34.4586663198834,57.7933068968368
Brie_Ccnb2_4,Ccnb2,205.584924252161,223.180966635583,60.4865475393509,234.564607600976
Brie_Nsfl1c_1,Nsfl1c,238.360225197205,203.006311251727,122.302765435586,29.4718834506898
Brie_Nsfl1c_2,Nsfl1c,227.892720706903,210.683392503991,28.1430774945715,98.8498670603788
Brie_Nsfl1c_3,Nsfl1c,237.159036157334,270.13613801571,13.7894665279534,11.2245233780045
Brie_Nsfl1c_4,Nsfl1c,254.147281149792,250.31855617847,17.8084775986064,41.2566368309658
Brie_Zwint_1,Zwint,207.815703897635,201.39948029195,4.41177402976288,10.4642167083093
Brie_Zwint_2,Zwint,141.235511401944,202.827774478418,14.9377554052828,68.0574469377223
Brie_Zwint_3,Zwint,304.940417692897,345.121582805266,163.067020580782,325.041101294707
Brie_Zwint_4,Zwint,202.152955566816,217.824863436329,11.1101258141847,17.8772067378377
Brie_Atp5md_1,Atp5md,134.028377162719,114.09499814411,118.475135844488,399.361078257415
Brie_Atp5md_2,Atp5md,132.998786557116,156.408213418217,101.824947123211,29.8520367855374
Brie_Atp5md_3,Atp5md,147.413055035565,172.119449469362,12.8325591301788,39.3558701567277
Brie_Atp5md_4,Atp5md,149.815433115306,124.62866776931,0.775525918219632,67.2971402680271
Brie_Sem1_1,Sem1,227.377925404101,182.474582321253,19.9136738737104,5.14207002044275
Brie_Sem1_2,Sem1,223.945956718757,232.107805301007,352.343303860585,234.374530933552
Brie_Sem1_3,Sem1,212.792058491385,183.545802961104,0.584144438664724,10.8443700431569
Brie_Sem1_4,Sem1,325.532229804966,336.016207366534,288.613271168801,401.261844931653
Brie_Msl1_1,Msl1,173.667615478453,179.617993948318,572.240623869175,104.742243750517
Brie_Msl1_2,Msl1,251.916501504318,242.462938152898,95.700739777454,67.2971402680271
Brie_Msl1_3,Msl1,148.785842509703,148.552595392644,144.69439854351,3.4313800136285
Brie_Msl1_4,Msl1,227.377925404101,251.032703271704,17.8084775986064,120.89876048154
Brie_Get4_1,Get4,187.395490219833,202.470700931801,6.70835178442178,174.120227360206
Brie_Get4_2,Get4,249.857320293111,199.971186105483,463.918706441097,167.277467332949
Brie_Get4_3,Get4,267.017163719835,213.361444103618,176.846487108735,416.277901658134
Brie_Get4_4,Get4,139.176330190737,151.230646992271,73.8832511081945,5.90237669013797
Brie_Egfr_1,Egfr,273.709502656258,215.146811836702,0.392762959109816,30.8024201226565
Brie_Egfr_2,Egfr,182.59073406035,155.694066324983,9.7704554573003,3.81153334847611
Brie_Egfr_3,Egfr,186.36589961423,157.479434058068,1.15828887732945,0.200076667423805
Brie_Egfr_4,Egfr,97.3063122295287,101.597424012518,0.201381479554908,0.01
Brie_Cog4_1,Cog4,220.857184901946,202.64923770511,11.6842702528494,69.0078302748414
Brie_Cog4_2,Cog4,239.218217368541,263.887350949914,24.5068293830282,42.96732683778
Brie_Cog4_3,Cog4,248.312934384706,251.925387138247,7.2824962230865,3.81153334847611
Brie_Cog4_4,Cog4,112.921769747848,114.452071690727,0.201381479554908,54.5620035506321
Brie_Zc3h14_1,Zc3h14,155.992976748927,127.663792915554,7.47387770264141,9.51383337119027
Brie_Zc3h14_2,Zc3h14,134.714770899788,159.978948884386,115.795795130719,249.200510992609
Brie_Zc3h14_3,Zc3h14,181.561143454747,160.69309597762,38.6690588700914,34.6039534711326
Brie_Zc3h14_4,Zc3h14,208.15890076617,214.432664743469,30.2482737696755,79.0818936483031
Brie_Irf2bp2_1,Irf2bp2,148.099448772634,103.918402065528,226.414290313456,12.9352133848188
Brie_Irf2bp2_2,Irf2bp2,256.378060795266,261.744909670212,329.377526313997,24.9100434325185
Brie_Irf2bp2_3,Irf2bp2,259.466832612077,282.455175373994,429.661421600768,35.9344901430992
Brie_Irf2bp2_4,Irf2bp2,237.673831460136,217.824863436329,351.003633503701,64.0658369218224
Brie_Jtb_1,Jtb,162.170520382548,159.621875337769,30.4396552492304,84.5941170035934
Brie_Jtb_2,Jtb,295.502503808198,271.207358655561,38.2862959109816,36.6947968127944
Brie_Jtb_3,Jtb,126.649644489228,120.343785209907,5.36868142753742,26.0505034370613
Brie_Jtb_4,Jtb,207.644105463368,240.856107193122,0.96690739777454,42.96732683778
Brie_Aimp2_1,Aimp2,148.614244075435,178.011162988541,397.509333035544,199.020270792724
Brie_Aimp2_2,Aimp2,288.810164871776,319.769360995464,278.278671272836,331.503707987117
Brie_Aimp2_3,Aimp2,148.099448772634,199.07850223894,33.6931404016638,135.724740540597
Brie_Aimp2_4,Aimp2,235.957847117464,191.222884213368,128.235591301788,218.598167537376
Brie_Pomp_1,Pomp,142.09350357328,167.65603013665,92.6386361045754,9.89398670603788
Brie_Pomp_2,Pomp,179.158765375005,162.835537257322,0.775525918219632,14.4558267242092
Brie_Pomp_3,Pomp,245.224162567895,231.572194981081,0.01,132.113283859545
Brie_Pomp_4,Pomp,156.164575183194,117.66573361028,89.7679139112518,31.7528034597755
Brie_Gar1_1,Gar1,155.992976748927,156.229676644908,39.0518218292012,16.3565933984473
Brie_Gar1_2,Gar1,196.661805670264,201.39948029195,31.9707070856696,43.3474801726276
Brie_Gar1_3,Gar1,279.029054118543,255.139049057799,8.43078510041595,335.495318003017
Brie_Gar1_4,Gar1,216.395625610998,170.155544962969,48.2381328478368,166.707237330677
Brie_Mrpl22_1,Mrpl22,280.058644724146,243.712695566057,39.8173477474208,107.213240427026
Brie_Mrpl22_2,Mrpl22,157.02256735453,152.480404405431,1.92381479554908,4.00161001589991
Brie_Mrpl22_3,Mrpl22,306.141606732768,225.144871141977,164.023927978556,38.9757168218801
Brie_Mrpl22_4,Mrpl22,263.241998165956,254.781975511182,38.6690588700914,827.033579960977
Brie_Arhgap5_1,Arhgap5,261.526013823283,264.065887723222,57.2330623869175,2622.87793378109
Brie_Arhgap5_2,Arhgap5,282.632621238155,313.877647476284,360.764088961001,35.7444134756754
Brie_Arhgap5_3,Arhgap5,168.176465581901,163.371147577247,79.2419325357319,10.4642167083093
Brie_Arhgap5_4,Arhgap5,172.466426438583,181.224824908094,223.543568120132,149.790413929959
Brie_Cnot2_1,Cnot2,163.200110988151,156.408213418217,8.43078510041595,112.345310447469
Brie_Cnot2_2,Cnot2,110.690990102374,109.988652358016,11.1101258141847,9.32375670376646
Brie_Cnot2_3,Cnot2,194.259427590523,144.624786379858,14.1722294870632,53.2314668786655
Brie_Cnot2_4,Cnot2,222.058373941817,185.866781014114,183.544838893157,231.903534257043
Brie_Rps19bp1_1,Rps19bp1,242.306989185352,257.460027110809,14.7463739257279,1.91076667423805
Brie_Rps19bp1_2,Rps19bp1,227.892720706903,219.431694396106,65.4624660077785,51.9009302066989
Brie_Rps19bp1_3,Rps19bp1,190.999057339445,180.689214588168,8.43078510041595,0.200076667423805
Brie_Rps19bp1_4,Rps19bp1,164.572898462289,165.33505208364,112.350928498731,4.38176335074752
Brie_Ankrd11_1,Ankrd11,291.384141385784,246.747820712301,230.624682863664,8.18329669922363
Brie_Ankrd11_2,Ankrd11,204.555333646558,214.611201516777,93.59554350235,230.382920917652
Brie_Ankrd11_3,Ankrd11,216.052428742463,204.256068664886,4.60315550931779,175.83091736702
Brie_Ankrd11_4,Ankrd11,194.43102602479,236.39268786041,59.7210216211313,30.9924967900803
Brie_Pin4_1,Pin4,142.608298876082,157.657970831376,81.7298917699457,29.8520367855374
Brie_Pin4_2,Pin4,159.081748565737,153.194551498664,1097.5827852474,101.130787069464
Brie_Pin4_3,Pin4,96.6199184924597,129.449160648638,0.96690739777454,9.89398670603788
Brie_Pin4_4,Pin4,105.714635508624,124.807204542618,41.7311625429699,0.770306669695222
Brie_Mrpl42_1,Mrpl42,125.105258580823,134.091116754659,7.09111474353159,39.5459468241515
Brie_Mrpl42_2,Mrpl42,154.448590840522,153.908698591898,12.0670332119592,23.9596600953995
Brie_Mrpl42_3,Mrpl42,252.602895241387,211.754613143842,20.870581271485,0.200076667423805
Brie_Mrpl42_4,Mrpl42,175.383599821126,186.045317787422,190.625953636688,133.253743864088
Brie_Tra2b_1,Tra2b,120.128903987072,99.097909186199,20.4878183123752,0.01
Brie_Tra2b_2,Tra2b,170.407245227376,227.287312421678,0.584144438664724,48.0993968582228
Brie_Tra2b_3,Tra2b,120.643699289874,146.588690886251,281.914919384379,0.01
Brie_Tra2b_4,Tra2b,231.324689392248,283.526396013845,0.584144438664724,28.331423446147
Brie_Pwp1_1,Pwp1,203.697341475221,230.143900794614,34.2672848403285,6.47260669240938
Brie_Pwp1_2,Pwp1,201.29496339548,186.580928107348,1.15828887732945,5.14207002044275
Brie_Pwp1_3,Pwp1,157.708961091599,171.762375922745,77.1367362606279,212.135560844967
Brie_Pwp1_4,Pwp1,154.620189274789,185.866781014114,0.584144438664724,4.00161001589991
Brie_Slc35b2_1,Slc35b2,113.264966616383,130.698918061798,88.8110065134773,133.823973866359
Brie_Slc35b2_2,Slc35b2,139.176330190737,208.540951224289,12.2584146915141,92.767413702817
Brie_Slc35b2_3,Slc35b2,170.75044209591,194.793619679537,192.539768432237,17.8772067378377
Brie_Slc35b2_4,Slc35b2,96.6199184924597,102.668644652368,17.2343331599417,71.4788269513508
Brie_Becn1_1,Becn1,217.940011519403,280.491270867601,7.47387770264141,9.89398670603788
Brie_Becn1_2,Becn1,170.407245227376,126.235498729086,44.7932662158485,19.9680500794996
Brie_Becn1_3,Becn1,231.324689392248,242.284401379589,97.9973175321129,413.426751646777
Brie_Becn1_4,Becn1,236.129445551731,199.614112558866,0.201381479554908,0.01
Brie_Mogs_1,Mogs,198.377790012937,227.287312421678,163.641165019446,17.3069767355663
Brie_Mogs_2,Mogs,137.460345848064,174.440427522372,9.96183693685521,21.2985867514662
Brie_Mogs_3,Mogs,192.715041682118,189.258979706975,15.7032813235024,11.2245233780045
Brie_Mogs_4,Mogs,250.886910898714,181.224824908094,115.795795130719,119.568223809574
Brie_Mrpl38_1,Mrpl38,314.72152844613,227.10877564837,114.456124773835,201.491267469234
Brie_Mrpl38_2,Mrpl38,195.460616630394,191.758494533293,10.7273628550748,103.791860413398
Brie_Mrpl38_3,Mrpl38,259.810029480611,181.046288134785,95.3179768183442,12.1749067151235
Brie_Mrpl38_4,Mrpl38,241.620595448283,259.781005163819,54.1709587140389,42.96732683778
Brie_Tmem258_1,Tmem258,341.147687323286,321.911802275165,0.775525918219632,0.01
Brie_Tmem258_2,Tmem258,220.685586467679,272.814189615337,27.1861700967969,10.0840633734617
Brie_Tmem258_3,Tmem258,225.490342627162,220.145841489339,20.6791997919301,80.9826603225411
Brie_Tmem258_4,Tmem258,227.377925404101,199.07850223894,8.43078510041595,11.0344467105807
Brie_Mrpl44_1,Mrpl44,139.691125493539,148.374058619336,24.5068293830282,73.1895169581651
Brie_Mrpl44_2,Mrpl44,233.040673734921,234.607320127325,99.5283693685521,46.3887068514085
Brie_Mrpl44_3,Mrpl44,128.022431963366,119.98671166329,1.34967035688436,78.131510311184
Brie_Mrpl44_4,Mrpl44,178.815568506471,158.193581151302,19.5309109146006,49.6200101976132
Brie_Ranbp2_1,Ranbp2,137.975141150866,154.622845685132,50.1519476433859,0.200076667423805
Brie_Ranbp2_2,Ranbp2,204.898530515092,174.261890749064,14.1722294870632,9.13368003634266
Brie_Ranbp2_3,Ranbp2,110.176194799572,95.7057104933382,0.201381479554908,77.9414336437602
Brie_Ranbp2_4,Ranbp2,216.052428742463,227.10877564837,56.4675364686978,391.187781558191
Brie_Taf13_1,Taf13,76.1997048146574,90.8852176140096,29.099984892346,7.99322003179983
Brie_Taf13_2,Taf13,146.555062864228,161.407243070854,106.609484112084,17.6871300704139
Brie_Taf13_3,Taf13,66.7617909299588,96.5983943598805,111.585402580511,12.5550600499712
Brie_Taf13_4,Taf13,187.395490219833,173.012133335904,6.13420734575705,7.0428366946808
Brie_Mrpl40_1,Mrpl40,241.620595448283,268.886380602551,56.6589179482527,158.724017298878
Brie_Mrpl40_2,Mrpl40,103.827052731684,141.768198006923,0.392762959109816,38.0253334847611
Brie_Mrpl40_3,Mrpl40,237.673831460136,218.360473756255,220.098701488144,69.5780602771128
Brie_Mrpl40_4,Mrpl40,119.614108684271,158.015044377993,297.990963666992,57.9833835642606
Brie_Shc1_1,Shc1,144.495881653021,143.910639286624,188.903520320694,110.824697108079
Brie_Shc1_2,Shc1,146.040267561427,172.655059789287,9.19631101863558,30.8024201226565
Brie_Shc1_3,Shc1,279.372250987077,280.848344414218,7.09111474353159,69.5780602771128
Brie_Shc1_4,Shc1,181.732741889014,158.37211792461,16.0860442826123,33.4634934665897
Brie_Plec_1,Plec,203.010947738152,241.748791059664,137.804665279534,505.613935347322
Brie_Plec_2,Plec,212.792058491385,211.397539597225,28.1430774945715,23.7695834279757
Brie_Plec_3,Plec,308.715583246776,268.172233509317,348.324292789932,74.7101302975555
Brie_Plec_4,Plec,194.259427590523,154.801382458441,17.8084775986064,6.66268335983319
Brie_B3gat3_1,B3gat3,248.141335950438,229.965364021305,111.202639621402,62.3551469150082
Brie_B3gat3_2,B3gat3,160.111339171341,204.791678984811,13.4067035688436,26.0505034370613
Brie_B3gat3_3,B3gat3,194.087829156256,193.186788719761,93.2127805432402,252.621891006237
Brie_B3gat3_4,B3gat3,246.253753173499,304.593735264244,17.2343331599417,157.773633961758
Brie_Mis12_1,Mis12,234.070264340524,229.42975370138,15.5118998439475,34.223800136285
Brie_Mis12_2,Mis12,244.709367265093,232.107805301007,19.1481479554908,61.0246102430415
Brie_Mis12_3,Mis12,149.987031549573,128.735013555404,28.9086034127911,17.3069767355663
Brie_Mis12_4,Mis12,139.00473175647,180.689214588168,0.201381479554908,0.200076667423805
Brie_Taf10_1,Taf10,210.732877280179,170.155544962969,210.912390469509,481.094045249651
Brie_Taf10_2,Taf10,284.17700714656,284.240543107079,189.477664759359,163.475933984473
Brie_Taf10_3,Taf10,265.129580942896,207.826804131055,100.485276766327,218.7882442048
Brie_Taf10_4,Taf10,289.324960174577,316.73423584922,315.789441265598,106.072780422483
Brie_Fam98b_1,Fam98b,148.271047206901,172.119449469362,50.9174735616055,56.0826168900226
Brie_Fam98b_2,Fam98b,161.140929776944,145.160396699783,1.73243331599417,4.19168668332372
Brie_Fam98b_3,Fam98b,173.667615478453,208.719487997598,119.814806201372,77.7513569763364
Brie_Fam98b_4,Fam98b,149.987031549573,129.092087102021,108.906061866743,4.95199335301894
Brie_Ddx19a_1,Ddx19a,264.099990337292,265.851255456307,437.890825221629,461.896301839847
Brie_Ddx19a_2,Ddx19a,220.513988033412,278.3488295879,344.113900239724,498.771175320065
Brie_Ddx19a_3,Ddx19a,129.566817871771,137.304778674211,82.4954176881653,138.575890551954
Brie_Ddx19a_4,Ddx19a,162.68531568535,202.64923770511,17.9998590781613,176.211070701868
Brie_Rnf40_1,Rnf40,271.821919879318,217.110716343096,195.984635064226,16.3565933984473
Brie_Rnf40_2,Rnf40,251.573304635783,238.535129140112,130.914932015557,95.6185637141741
Brie_Rnf40_3,Rnf40,246.425351607766,244.426842659291,55.8933920300331,132.87359052924
Brie_Rnf40_4,Rnf40,255.348470189663,239.784886553271,200.195027614434,191.037050760924
Brie_Ngdn_1,Ngdn,119.442510250003,126.235498729086,354.831263094799,4.57184001817133
Brie_Ngdn_2,Ngdn,249.342524990309,303.165441077777,0.201381479554908,17.8772067378377
Brie_Ngdn_3,Ngdn,143.98108635022,173.54774365583,0.201381479554908,0.01
Brie_Ngdn_4,Ngdn,172.466426438583,147.659911526102,0.392762959109816,22.439046756009
Brie_Raf1_1,Raf1,246.082154739231,274.242483801805,159.430772469238,409.435141630877
Brie_Raf1_2,Raf1,124.075667975219,117.308660063663,112.542309978286,22.2489700885852
Brie_Raf1_3,Raf1,195.803813498928,182.474582321253,149.478935532383,194.838584109401
Brie_Raf1_4,Raf1,120.30050242134,169.084324323118,206.893379398855,154.922483950401
Brie_Tipin_1,Tipin,154.105393971987,138.197462540753,0.01,14.2657500567854
Brie_Tipin_2,Tipin,190.827458905178,184.795560374263,0.201381479554908,12.5550600499712
Brie_Tipin_3,Tipin,209.016892937506,124.985741315927,26.994788617242,60.4543802407701
Brie_Tipin_4,Tipin,118.756116512935,105.168159478687,0.775525918219632,0.01
Brie_Faf2_1,Faf2,263.413596600223,251.746850364938,316.937730142928,14.8359800590568
Brie_Faf2_2,Faf2,138.146739585133,103.739865292219,4.41177402976288,0.01
Brie_Faf2_3,Faf2,204.38373521229,171.583839149437,70.8211474353159,114.436153789131
Brie_Faf2_4,Faf2,145.697070692892,167.834566909959,0.584144438664724,1.53061333939044
Brie_Stard7_1,Stard7,145.868669127159,113.380851050876,0.584144438664724,0.01
Brie_Stard7_2,Stard7,119.785707118538,123.378910356151,16.660188721277,0.01
Brie_Stard7_3,Stard7,129.566817871771,173.012133335904,25.8464997399126,8.75352670149505
Brie_Stard7_4,Stard7,201.29496339548,212.825833783692,28.9086034127911,0.01
Brie_Gtf2h1_1,Gtf2h1,176.927985729531,141.411124460306,20.4878183123752,212.135560844967
Brie_Gtf2h1_2,Gtf2h1,231.153090957981,260.495152257053,1.15828887732945,6.09245335756177
Brie_Gtf2h1_3,Gtf2h1,183.620324665954,189.258979706975,25.6551182603577,664.898182648471
Brie_Gtf2h1_4,Gtf2h1,233.383870603455,229.608290474688,296.459911830552,128.311750511069
Brie_Pdap1_1,Pdap1,171.265237398712,229.42975370138,4.98591846842761,132.493437194392
Brie_Pdap1_2,Pdap1,189.797868299574,196.936060959239,0.392762959109816,92.3872603679694
Brie_Pdap1_3,Pdap1,155.992976748927,165.692125630257,87.0885731974831,90.6765703611552
Brie_Pdap1_4,Pdap1,166.632079673496,122.3076897163,100.293895286772,229.812690915381
Brie_Ppme1_1,Ppme1,213.821649096989,208.540951224289,282.489063823044,320.859414611384
Brie_Ppme1_2,Ppme1,237.159036157334,251.925387138247,98.9542249298874,42.2070201680848
Brie_Ppme1_3,Ppme1,123.046077369616,130.520381288489,0.584144438664724,278.662394443299
Brie_Ppme1_4,Ppme1,256.892856098068,233.536099487474,115.604413651164,71.4788269513508
Brie_Ttc1_1,Ttc1,215.194436571127,225.144871141977,0.392762959109816,181.153064054887
Brie_Ttc1_2,Ttc1,122.702880501081,127.842329688862,0.584144438664724,1.34053667196664
Brie_Ttc1_3,Ttc1,120.643699289874,92.3135118004773,5.17729994798251,7.2329133621046
Brie_Ttc1_4,Ttc1,202.496152435351,130.520381288489,4.22039255020797,26.8108101067566
Brie_Smarce1_1,Smarce1,175.383599821126,214.25412797016,17.6170961190515,194.838584109401
Brie_Smarce1_2,Smarce1,253.975682715525,305.12934558417,20.1050553532653,6.28253002498558
Brie_Smarce1_3,Smarce1,179.50196224354,208.183877677672,813.572669587914,370.659501476421
Brie_Smarce1_4,Smarce1,201.29496339548,212.647297010384,88.4282435543675,14.0756733893616
Brie_Gfer_1,Gfer,221.028783336213,195.864840319388,1.34967035688436,4.76191668559513
Brie_Gfer_2,Gfer,295.845700676733,286.561521160089,6.13420734575705,156.633173957216
Brie_Gfer_3,Gfer,279.20065255281,289.775183079642,28.3344589741264,3.24130334620469
Brie_Gfer_4,Gfer,176.584788860997,160.157485657695,4.41177402976288,8.37337336664744
Brie_Nosip_1,Nosip,279.372250987077,251.389776818321,150.818605889267,41.2566368309658
Brie_Nosip_2,Nosip,217.596814650868,265.851255456307,222.778042201913,100.940710402041
Brie_Nosip_3,Nosip,111.377383839443,144.624786379858,23.5499219852537,70.5284436142318
Brie_Nosip_4,Nosip,235.271453380395,259.423931617202,106.226721152974,23.3894300931281
Brie_Yeats4_1,Yeats4,186.709096482764,151.944794085505,106.609484112084,180.202680717767
Brie_Yeats4_2,Yeats4,247.626540647637,255.853196151033,20.2964368328202,85.7345770081362
Brie_Yeats4_3,Yeats4,224.632350455826,253.532218098023,158.473865071464,80.2223536528459
Brie_Yeats4_4,Yeats4,256.721257663801,226.573165328444,173.018857517637,540.397965485879
Brie_Alg10b_1,Alg10b,264.443187205827,228.894143381454,20.870581271485,65.9666035960605
Brie_Alg10b_2,Alg10b,134.028377162719,151.766257312197,51.3002365207153,67.8673702702985
Brie_Alg10b_3,Alg10b,197.691396275868,145.338933473092,36.9466255540972,123.36975715805
Brie_Alg10b_4,Alg10b,275.597085433198,224.430724048743,153.880709562146,37.6451801499135
Brie_Stx4a_1,Stx4a,156.336173617461,199.792649332174,0.96690739777454,179.632450715496
Brie_Stx4a_2,Stx4a,215.880830308196,204.97021575812,375.691844366284,11.9848300476997
Brie_Stx4a_3,Stx4a,207.987302331903,216.57510602317,0.392762959109816,372.940421485506
Brie_Stx4a_4,Stx4a,205.756522686428,192.651178399836,10.5359813755199,171.269077348849
Brie_BC005624_1,BC005624,288.295369568974,266.565402549541,80.7729843721712,446.880245113366
Brie_BC005624_2,BC005624,123.732471106685,139.625756727221,98.1886990116678,48.6696268604942
Brie_BC005624_3,BC005624,136.259156808194,136.412094807669,132.828746811106,30.0421134529613
Brie_BC005624_4,BC005624,208.673696068972,247.461967805535,3.83762959109816,32.8932634643183
Brie_Wdr61_1,Wdr61,203.010947738152,183.010192641178,47.855369888727,13.8855967219378
Brie_Wdr61_2,Wdr61,241.277398579748,198.364355145707,102.97323600054,96.5689470512932
Brie_Wdr61_3,Wdr61,159.253347000005,187.47361197389,90.5334398294714,52.4711602089703
Brie_Wdr61_4,Wdr61,292.413731991388,288.168352119865,5.36868142753742,77.181126974065
Brie_Mrps12_1,Mrps12,157.365764223065,145.5174702464,312.153193154055,249.200510992609
Brie_Mrps12_2,Mrps12,276.798274473068,312.270816516508,263.350915867553,97.5193303884122
Brie_Mrps12_3,Mrps12,271.650321445051,261.209299350287,311.004904276725,76.230743636946
Brie_Mrps12_4,Mrps12,315.064725314664,289.775183079642,30.6310367287853,7.99322003179983
Brie_C1d_1,C1d,118.927714947202,79.9944744421931,71.9694363126454,109.684237103536
Brie_C1d_2,C1d,159.596543868539,174.261890749064,32.9276144834442,91.4368770308504
Brie_C1d_3,C1d,187.738687088368,213.182907330309,71.9694363126454,23.3894300931281
Brie_C1d_4,C1d,232.697476866386,190.151663573517,33.6931404016638,7.61306669695222
Brie_Mrpl55_1,Mrpl55,190.655860470911,202.113627385184,47.6639884091721,79.2719703157268
Brie_Mrpl55_2,Mrpl55,188.768277693971,152.837477952048,310.239378358506,19.587896744652
Brie_Mrpl55_3,Mrpl55,149.300637812504,116.41597619712,0.392762959109816,15.7863633961758
Brie_Mrpl55_4,Mrpl55,351.100396510786,332.802545446982,620.851519676121,273.340247755432
Brie_Mrpl41_1,Mrpl41,157.537362657332,182.474582321253,352.151922381031,0.200076667423805
Brie_Mrpl41_2,Mrpl41,233.212272169188,253.88929164464,84.2178510041595,264.976874388785
Brie_Mrpl41_3,Mrpl41,279.20065255281,244.426842659291,120.197569160482,48.6696268604942
Brie_Mrpl41_4,Mrpl41,236.129445551731,285.490300520238,236.174745770756,76.8009736392174
Brie_Rxra_1,Rxra,223.774358284489,230.143900794614,121.920002476476,57.7933068968368
Brie_Rxra_2,Rxra,240.247807974145,236.928298180335,38.2862959109816,72.0490569536223
Brie_Rxra_3,Rxra,295.845700676733,319.769360995464,26.6120256581322,548.95141551995
Brie_Rxra_4,Rxra,160.626134474143,153.194551498664,0.01,17.1169000681425
Brie_Thap11_1,Thap11,195.975411933195,156.943823738142,20.6791997919301,0.01
Brie_Thap11_2,Thap11,179.50196224354,121.415005849757,0.392762959109816,11.4146000454283
Brie_Thap11_3,Thap11,194.602624459057,187.47361197389,16.8515702008319,20.538280081771
Brie_Thap11_4,Thap11,196.147010367463,169.262861096426,49.960566163831,24.9100434325185
Brie_Nipbl_1,Nipbl,190.141065168109,196.936060959239,235.026456893427,301.471594534155
Brie_Nipbl_2,Nipbl,223.08796454742,193.722399039686,13.5980850483985,31.7528034597755
Brie_Nipbl_3,Nipbl,153.419000234918,175.86872170884,58.3813512642469,4.95199335301894
Brie_Nipbl_4,Nipbl,222.573169244619,200.506796425408,32.7362330038893,24.9100434325185
Brie_Exoc7_1,Exoc7,209.703286674575,198.542891919015,23.3585405056988,134.39420386863
Brie_Exoc7_2,Exoc7,143.637889481685,151.587720538888,0.392762959109816,349.370914724954
Brie_Exoc7_3,Exoc7,101.253076217675,104.632549158762,14.9377554052828,179.062220713225
Brie_Exoc7_4,Exoc7,83.2352406196145,106.953527211772,8.62216657997086,278.282241108451
Brie_Cnot9_1,Cnot9,200.436971224144,184.438486827646,146.034068900395,323.900641290164
Brie_Cnot9_2,Cnot9,177.271182598065,211.397539597225,34.6500477994383,11.4146000454283
Brie_Cnot9_3,Cnot9,135.057967768323,129.449160648638,134.16841716799,8.37337336664744
Brie_Cnot9_4,Cnot9,215.194436571127,274.421020575113,255.121512246692,123.179680490626
Brie_Map3k7_1,Map3k7,208.330499200437,219.967304716031,18.1912405577163,18.2573600726853
Brie_Map3k7_2,Map3k7,99.8802887435374,99.9905930527414,0.201381479554908,24.3398134302471
Brie_Map3k7_3,Map3k7,204.555333646558,242.284401379589,4.22039255020797,0.01
Brie_Map3k7_4,Map3k7,179.845159112074,191.937031306602,0.01,55.8925402225988
Brie_Timm50_1,Timm50,176.413190426729,166.406272723491,0.392762959109816,48.6696268604942
Brie_Timm50_2,Timm50,185.679505877161,184.438486827646,4.98591846842761,95.8086403815979
Brie_Timm50_3,Timm50,228.06431914117,300.130315931533,22.2102516283693,95.2384103793265
Brie_Timm50_4,Timm50,222.744767678886,188.723369387049,345.262189117054,20.538280081771
Brie_Mrpl20_1,Mrpl20,119.957305552805,147.659911526102,302.009974737645,67.4872169354509
Brie_Mrpl20_2,Mrpl20,197.348199407333,170.869692056203,158.091102112354,11.9848300476997
Brie_Mrpl20_3,Mrpl20,200.093774355609,253.710754871331,46.7070810113975,125.840753834559
Brie_Mrpl20_4,Mrpl20,285.206597752163,391.898217412084,60.4865475393509,34.7940301385564
Brie_Cyfip1_1,Cyfip1,191.513852642247,225.323407915285,18.5740035168261,7.80314336437602
Brie_Cyfip1_2,Cyfip1,162.856914119617,117.66573361028,42.1139255020797,0.960383337119027
Brie_Cyfip1_3,Cyfip1,153.247401800651,224.966334368668,0.01,257.183731024409
Brie_Cyfip1_4,Cyfip1,211.419271017248,205.862899624662,4.02901107065307,78.131510311184
Brie_Pi4kb_1,Pi4kb,271.478723010784,273.171263161954,1.34967035688436,4.57184001817133
Brie_Pi4kb_2,Pi4kb,165.602489067893,166.763346270108,49.0036587660564,33.4634934665897
Brie_Pi4kb_3,Pi4kb,175.212001386859,208.183877677672,303.732408053639,42.016943500661
Brie_Pi4kb_4,Pi4kb,275.597085433198,253.88929164464,0.01,19.0176667423805
Brie_Srsf10_1,Srsf10,113.43656505065,99.8120562794329,37.5207699927619,27.5711167764518
Brie_Srsf10_2,Srsf10,93.0163513728475,123.021836809534,256.078419644467,99.0399437278026
Brie_Srsf10_3,Srsf10,120.815297724141,107.846211078314,4.41177402976288,7.0428366946808
Brie_Srsf10_4,Srsf10,137.631944282332,183.188729414487,41.9225440225248,29.0917301158422
Brie_Slc35c1_1,Slc35c1,206.786113292032,274.956630895039,0.96690739777454,40.6864068286944
Brie_Slc35c1_2,Slc35c1,176.756387295264,248.890261992003,253.399078930698,211.565330842695
Brie_Slc35c1_3,Slc35c1,268.733148062508,232.107805301007,298.565108105656,139.906427223921
Brie_Slc35c1_4,Slc35c1,282.461022803888,306.736176543946,14.554992446173,52.6612368763941
Brie_Zcrb1_1,Zcrb1,132.312392820047,126.235498729086,0.01,34.4138768037088
Brie_Zcrb1_2,Zcrb1,148.099448772634,151.052110218963,14.3636109666181,94.6681803770551
Brie_Zcrb1_3,Zcrb1,199.922175921342,210.504855730682,335.118970700644,652.733275933348
Brie_Zcrb1_4,Zcrb1,128.537227266168,172.119449469362,26.8034071376871,82.1231203270839
Brie_Rpf1_1,Rpf1,226.519933232765,195.68630354608,44.2191217771837,149.790413929959
Brie_Rpf1_2,Rpf1,179.158765375005,139.804293500529,1.15828887732945,23.0092767582805
Brie_Rpf1_3,Rpf1,159.939740737074,164.263831443789,8.23940362086104,20.3482034143472
Brie_Rpf1_4,Rpf1,170.235646793108,139.804293500529,0.584144438664724,0.01
Brie_Mgat1_1,Mgat1,251.916501504318,278.527366361208,53.0226698367095,14.0756733893616
Brie_Mgat1_2,Mgat1,306.484803601302,294.417139185662,276.364856477287,257.563884359256
Brie_Mgat1_3,Mgat1,170.064048358841,195.150693226154,9.38769249819049,67.6772936028747
Brie_Mgat1_4,Mgat1,277.31306977587,275.670777988273,66.4193734055531,207.953874161643
Brie_Parva_1,Parva,237.159036157334,212.647297010384,13.7894665279534,14.4558267242092
Brie_Parva_2,Parva,226.176736364231,255.496122604416,659.319197066658,114.056000454283
Brie_Parva_3,Parva,195.803813498928,186.938001653965,602.287516159295,171.83930735112
Brie_Parva_4,Parva,178.300773203669,163.01407403063,7.09111474353159,50.9505468695798
Brie_Smn1_1,Smn1,122.874478935348,126.94964582232,210.912390469509,92.9574903702408
Brie_Smn1_2,Smn1,148.785842509703,172.119449469362,0.96690739777454,106.072780422483
Brie_Smn1_3,Smn1,192.371844813583,178.725310081775,35.9897181563227,54.3719268832083
Brie_Smn1_4,Smn1,168.519662450436,149.980889579112,0.201381479554908,225.250850897209
Brie_Dpm2_1,Dpm2,240.762603276947,232.107805301007,64.1227956508942,395.749621576363
Brie_Dpm2_2,Dpm2,219.99919273061,235.857077540485,88.0454805952576,60.4543802407701
Brie_Dpm2_3,Dpm2,279.887046289879,262.994667083372,30.0568922901205,29.0917301158422
Brie_Dpm2_4,Dpm2,263.58519503449,271.385895428869,70.629765955761,177.921760708682
Brie_Sptlc2_1,Sptlc2,126.992841357762,118.022807156897,0.201381479554908,0.01
Brie_Sptlc2_2,Sptlc2,191.513852642247,180.689214588168,13.4067035688436,14.0756733893616
Brie_Sptlc2_3,Sptlc2,160.79773290841,154.444308911824,0.201381479554908,0.01
Brie_Sptlc2_4,Sptlc2,163.371709422419,169.619934643043,1.15828887732945,27.1909634416042
Brie_Ppp4r2_1,Ppp4r2,135.744361505392,150.873573445654,10.5359813755199,16.3565933984473
Brie_Ppp4r2_2,Ppp4r2,149.815433115306,170.691155282894,500.855331995194,134.204127201207
Brie_Ppp4r2_3,Ppp4r2,146.211865995694,127.663792915554,52.4485253980448,10.6542933757331
Brie_Ppp4r2_4,Ppp4r2,184.821513705824,199.971186105483,0.01,74.1399002952841
Brie_Gab1_1,Gab1,38.6196477101304,47.6793184733606,55.7020105504782,0.01
Brie_Gab1_2,Gab1,194.087829156256,198.00728159909,0.584144438664724,205.29280081771
Brie_Gab1_3,Gab1,242.821784488154,230.858047887847,275.599330559067,181.533217389734
Brie_Gab1_4,Gab1,153.93379553772,136.947705127594,28.5258404536813,6.66268335983319
Brie_Utp18_1,Utp18,233.383870603455,259.781005163819,11.6842702528494,24.9100434325185
Brie_Utp18_2,Utp18,181.217946586212,204.613142211503,52.8312883571546,4.95199335301894
Brie_Utp18_3,Utp18,94.045941978451,136.769168354286,0.775525918219632,7.2329133621046
Brie_Utp18_4,Utp18,194.43102602479,160.336022431003,7.47387770264141,31.5627267923517
Brie_Cd2bp2_1,Cd2bp2,224.117555153024,184.438486827646,8.23940362086104,0.01
Brie_Cd2bp2_2,Cd2bp2,163.714906290953,142.482345100156,6.70835178442178,17.3069767355663
Brie_Cd2bp2_3,Cd2bp2,204.212136778023,174.261890749064,33.6931404016638,4.19168668332372
Brie_Cd2bp2_4,Cd2bp2,157.537362657332,178.18969976185,0.392762959109816,5.90237669013797
Brie_Uhrf1_1,Uhrf1,223.08796454742,234.785856900634,42.4966884611896,67.2971402680271
Brie_Uhrf1_2,Uhrf1,165.945685936427,149.980889579112,44.0277402976288,76.9910503066412
Brie_Uhrf1_3,Uhrf1,282.632621238155,255.674659377724,61.8262178962353,56.4627702248702
Brie_Uhrf1_4,Uhrf1,181.217946586212,220.502915035956,35.2241922381031,409.435141630877
Brie_Dcps_1,Dcps,72.9393345635797,108.381821398239,82.4954176881653,18.2573600726853
Brie_Dcps_2,Dcps,250.028918727378,294.060065639045,107.375010030303,64.0658369218224
Brie_Dcps_3,Dcps,233.72706747199,254.424901964565,26.6120256581322,174.120227360206
Brie_Dcps_4,Dcps,175.383599821126,158.193581151302,57.8072068255822,222.399700885852
Brie_Rbis_1,Rbis,84.7796265280197,103.382791745602,274.451041681738,71.8589802861984
Brie_Rbis_2,Rbis,148.442645641168,152.123330858814,155.98590583725,14.0756733893616
Brie_Rbis_3,Rbis,113.779761919184,176.939942348691,34.4586663198834,285.885307805403
Brie_Rbis_4,Rbis,92.1583592015113,93.5632692136366,0.584144438664724,0.01
Brie_Oser1_1,Oser1,153.93379553772,146.588690886251,69.0987141193218,167.087390665525
Brie_Oser1_2,Oser1,142.779897310349,154.265772138515,223.926331079242,269.918867741804
Brie_Oser1_3,Oser1,209.531688240308,179.260920401701,504.300198627182,451.06193179669
Brie_Oser1_4,Oser1,173.496017044186,169.441397869735,2.88072219332362,235.324914270671
Brie_Fasn_1,Fasn,255.005273321128,244.605379432599,177.229250067845,73.5696702930127
Brie_Fasn_2,Fasn,125.448455449357,99.8120562794329,21.6361071897046,10.2741400408855
Brie_Fasn_3,Fasn,120.128903987072,131.234528381723,20.1050553532653,167.277467332949
Brie_Fasn_4,Fasn,236.301043985998,269.064917375859,20.870581271485,35.7444134756754
Brie_Mphosph6_1,Mphosph6,116.696935301728,144.803323153167,22.5930145874791,75.8505903020984
Brie_Mphosph6_2,Mphosph6,120.815297724141,94.6344898534874,47.855369888727,72.8093636233175
Brie_Mphosph6_3,Mphosph6,235.957847117464,237.463908500261,1061.60306709107,89.5361103566123
Brie_Mphosph6_4,Mphosph6,276.626676038801,254.246365191257,0.775525918219632,16.9268234007187
Brie_Lig1_1,Lig1,280.401841592681,259.245394843894,85.3661398814889,249.390587660033
Brie_Lig1_2,Lig1,190.484262036643,183.188729414487,86.3230472792635,63.6856835869748
Brie_Lig1_3,Lig1,122.188085198279,137.304778674211,28.9086034127911,148.84003059284
Brie_Lig1_4,Lig1,184.993112140092,129.27062387533,41.3483995838601,86.1147303429838
Brie_H2aj_1,H2aj,133.856778728452,104.632549158762,2.4979592342138,0.200076667423805
Brie_H2aj_2,H2aj,159.596543868539,168.90578754981,0.201381479554908,26.0505034370613
Brie_H2aj_3,H2aj,238.531823631472,266.922476096158,334.927589221089,769.630426398988
Brie_H2aj_4,H2aj,126.478046054961,116.951586517046,0.392762959109816,3.81153334847611
Brie_Smg7_1,Smg7,236.129445551731,175.333111388914,136.464994922649,328.082327973488
Brie_Smg7_2,Smg7,237.330634591602,290.846403719492,439.230495578514,1132.48678451103
Brie_Smg7_3,Smg7,141.063912967677,151.944794085505,188.712138841139,321.429644613655
Brie_Smg7_4,Smg7,129.910014740305,109.45304203809,8.81354805952576,316.297574593212
Brie_Vps52_1,Vps52,111.205785405176,169.084324323118,58.9554957029116,8.56345003407124
Brie_Vps52_2,Vps52,170.578843661643,199.614112558866,29.8655108105656,35.174183473404
Brie_Vps52_3,Vps52,238.360225197205,240.320496873196,7.09111474353159,76.230743636946
Brie_Vps52_4,Vps52,230.809894089446,242.998548472823,97.0404101343383,388.526708214258
Brie_Mbtps1_1,Mbtps1,162.856914119617,161.942853390779,0.201381479554908,35.7444134756754
Brie_Mbtps1_2,Mbtps1,222.573169244619,311.021059103349,0.392762959109816,0.200076667423805
Brie_Mbtps1_3,Mbtps1,91.9867607672441,92.4920485737858,0.775525918219632,0.01
Brie_Mbtps1_4,Mbtps1,96.9631153609942,131.59160192834,0.584144438664724,0.01
Brie_Naa20_1,Naa20,124.933660146555,151.230646992271,0.775525918219632,0.01
Brie_Naa20_2,Naa20,235.271453380395,299.059095291682,1.15828887732945,0.01
Brie_Naa20_3,Naa20,177.785977900867,197.828744825781,300.287541421651,330.553324649998
Brie_Naa20_4,Naa20,210.732877280179,183.724339734412,0.775525918219632,20.7283567491948
Brie_Cbx3_1,Cbx3,237.673831460136,340.122553152629,413.585377318156,154.732407282978
Brie_Cbx3_2,Cbx3,162.68531568535,204.97021575812,699.317926293633,327.322021303793
Brie_Cbx3_3,Cbx3,162.342118816815,188.544832613741,0.584144438664724,76.4208203043698
Brie_Cbx3_4,Cbx3,128.880424134702,102.668644652368,3.64624811154325,8.56345003407124
Brie_Dnajc21_1,Dnajc21,189.969466733842,241.927327832972,0.201381479554908,31.5627267923517
Brie_Dnajc21_2,Dnajc21,189.45467143104,174.61896429568,131.680457933777,34.7940301385564
Brie_Dnajc21_3,Dnajc21,108.4602104569,137.304778674211,0.01,19.587896744652
Brie_Dnajc21_4,Dnajc21,106.057832377158,91.5993647072434,57.0416809073626,124.89037049744
Brie_Ubr5_1,Ubr5,189.283072996773,207.29119381113,4.22039255020797,79.6521236505745
Brie_Ubr5_2,Ubr5,286.750983660569,274.063947028496,19.9136738737104,62.545223582432
Brie_Ubr5_3,Ubr5,125.963250752159,127.128182595628,123.068291353806,25.8604267696375
Brie_Ubr5_4,Ubr5,199.922175921342,158.015044377993,26.4206441785773,197.499657453334
Brie_Hacd2_1,Hacd2,215.02283813686,202.470700931801,15.5118998439475,43.917710174899
Brie_Hacd2_2,Hacd2,180.70315128341,166.049199176874,5.75144438664724,37.4551034824897
Brie_Hacd2_3,Hacd2,200.436971224144,185.866781014114,146.416831859505,23.9596600953995
Brie_Hacd2_4,Hacd2,192.028647945049,176.404332028765,30.8224182083402,63.3055302521272
Brie_Keap1_1,Keap1,222.401570810351,209.969245410757,0.584144438664724,18.6375134075329
Brie_Keap1_2,Keap1,127.850833529099,132.127212248265,0.584144438664724,3.05122667878089
Brie_Keap1_3,Keap1,196.147010367463,221.395598902499,77.1367362606279,8.56345003407124
Brie_Keap1_4,Keap1,223.431161415955,201.578017065259,0.96690739777454,1.91076667423805
Brie_Tgif1_1,Tgif1,200.265372789876,148.552595392644,50.3433291229408,72.9994402907413
Brie_Tgif1_2,Tgif1,148.442645641168,158.193581151302,113.307835896505,80.0322769854221
Brie_Tgif1_3,Tgif1,104.341848034486,122.843300036225,54.5537216731488,23.7695834279757
Brie_Tgif1_4,Tgif1,183.620324665954,232.286342074315,9.5790739777454,0.01
Brie_Phax_1,Phax,178.987166940738,198.542891919015,4.60315550931779,89.3460336891885
Brie_Phax_2,Phax,198.892585315739,198.899965465632,155.794524357695,29.4718834506898
Brie_Phax_3,Phax,283.490613409491,277.09907217474,1.15828887732945,56.2726935574464
Brie_Phax_4,Phax,239.218217368541,247.283431032226,4.02901107065307,33.0833401317421
Brie_Odr4_1,Odr4,161.312528211212,170.155544962969,59.9124031006862,21.8688167537376
Brie_Odr4_2,Odr4,143.809487915952,124.450130996001,222.586660722358,97.8994837232598
Brie_Odr4_3,Odr4,189.283072996773,211.754613143842,0.201381479554908,0.01
Brie_Odr4_4,Odr4,160.111339171341,211.040466050608,0.392762959109816,5.33214668786655
Brie_Ufm1_1,Ufm1,118.069722775866,113.559387824185,299.522015503431,273.150171088008
Brie_Ufm1_2,Ufm1,208.502097634704,227.644385968295,0.584144438664724,112.155233780045
Brie_Ufm1_3,Ufm1,170.75044209591,241.748791059664,0.584144438664724,164.806470656439
Brie_Ufm1_4,Ufm1,166.803678107763,149.623816032495,5.94282586620215,15.596286728752
Brie_Prpf18_1,Prpf18,166.803678107763,184.438486827646,0.392762959109816,42.3970968355086
Brie_Prpf18_2,Prpf18,245.395761002162,206.934120264513,25.6551182603577,377.502261503678
Brie_Prpf18_3,Prpf18,191.857049510781,148.195521846027,26.994788617242,185.524827405634
Brie_Prpf18_4,Prpf18,187.052293351299,175.86872170884,0.775525918219632,196.359197448791
Brie_Isg20l2_1,Isg20l2,119.614108684271,125.878425182469,2.88072219332362,38.5955634870325
Brie_Isg20l2_2,Isg20l2,128.708825700435,160.514559204312,61.2520734575705,58.5536135665321
Brie_Isg20l2_3,Isg20l2,188.768277693971,181.581898454711,380.093618396047,28.1413467787232
Brie_Isg20l2_4,Isg20l2,86.8388077392267,103.025718198985,11.3015072937396,0.390153334847611
Brie_Drosha_1,Drosha,172.466426438583,162.478463710705,108.906061866743,6.47260669240938
Brie_Drosha_2,Drosha,121.50169146121,150.337963125729,3.83762959109816,0.200076667423805
Brie_Drosha_3,Drosha,57.838672348062,85.707651188064,0.01,11.0344467105807
Brie_Drosha_4,Drosha,140.20592079634,135.162337394509,0.392762959109816,7.80314336437602
Brie_Cand1_1,Cand1,226.176736364231,224.073650502126,244.978293830282,77.9414336437602
Brie_Cand1_2,Cand1,226.176736364231,214.075591196852,29.2913663719009,90.866647028579
Brie_Cand1_3,Cand1,242.306989185352,209.61217186414,0.201381479554908,45.4383235142895
Brie_Cand1_4,Cand1,118.069722775866,101.775960785826,62.2089808553451,30.4222667878089
Brie_Nsmce4a_1,Nsmce4a,228.750712878239,224.609260822051,191.200098075353,125.460600499712
Brie_Nsmce4a_2,Nsmce4a,158.91015013147,134.983800621201,0.201381479554908,3.4313800136285
Brie_Nsmce4a_3,Nsmce4a,101.939469954744,107.489137531697,0.392762959109816,11.0344467105807
Brie_Nsmce4a_4,Nsmce4a,125.27685701509,133.555506434733,82.8781806472751,16.9268234007187
Brie_Lemd2_1,Lemd2,183.277127797419,214.075591196852,7.66525918219632,13.695520054514
Brie_Lemd2_2,Lemd2,140.20592079634,127.485256142245,9.19631101863558,16.9268234007187
Brie_Lemd2_3,Lemd2,137.288747413797,134.091116754659,315.406678306488,33.6535701340135
Brie_Lemd2_4,Lemd2,233.898665906257,203.006311251727,48.6208958069466,156.633173957216
Brie_Pnn_1,Pnn,174.868804518324,195.507766772771,70.2470029966512,24.9100434325185
Brie_Pnn_2,Pnn,147.584653469832,128.377940008788,0.584144438664724,0.01
Brie_Pnn_3,Pnn,212.963656925653,185.866781014114,926.104979566199,96.7590237187169
Brie_Pnn_4,Pnn,143.809487915952,178.546773308467,5.17729994798251,13.3153667196664
Brie_Ufl1_1,Ufl1,215.709231873929,162.657000484013,8.81354805952576,6.85276002725699
Brie_Ufl1_2,Ufl1,217.253617782334,241.391717513047,61.0606919780156,199.020270792724
Brie_Ufl1_3,Ufl1,249.857320293111,230.322437567922,0.775525918219632,18.4474367401091
Brie_Ufl1_4,Ufl1,98.6790997036667,106.239380118538,20.4878183123752,36.6947968127944
Brie_Atp5g1_1,Atp5g1,195.975411933195,227.10877564837,53.2140513162644,33.4634934665897
Brie_Atp5g1_2,Atp5g1,143.294692613151,159.264801791152,66.9935178442178,131.162900522426
Brie_Atp5g1_3,Atp5g1,153.247401800651,124.450130996001,72.1608177922003,83.4536569990506
Brie_Atp5g1_4,Atp5g1,143.98108635022,177.475552668616,231.581590261439,54.5620035506321
Brie_Sec16a_1,Sec16a,237.845429894403,251.032703271704,61.2520734575705,74.5200536301317
Brie_Sec16a_2,Sec16a,294.12971633406,266.565402549541,102.590473041431,343.66861470224
Brie_Sec16a_3,Sec16a,166.460481239229,205.684362851354,189.094901800249,34.0337234688612
Brie_Sec16a_4,Sec16a,214.164845965523,225.323407915285,33.1189959629991,169.368310674611
Brie_Caml_1,Caml,191.513852642247,233.893173034091,122.494146915141,93.3376437050885
Brie_Caml_2,Caml,253.117690544188,219.074620849489,316.363585704263,174.500380695053
Brie_Caml_3,Caml,305.9700082985,262.101983216829,0.96690739777454,95.9987170490217
Brie_Caml_4,Caml,118.584518078667,135.519410941126,10.344599895965,491.738338625385
Brie_Syvn1_1,Syvn1,210.218081977377,205.505826078045,132.063220892886,17.4970534029901
Brie_Syvn1_2,Syvn1,162.342118816815,175.690184935531,9.38769249819049,106.643010424755
Brie_Syvn1_3,Syvn1,167.318473410565,212.468760237075,60.8693104984607,35.5543368082516
Brie_Syvn1_4,Syvn1,301.680047441819,241.748791059664,1.34967035688436,60.4543802407701
Brie_Ddx52_1,Ddx52,224.289153587291,143.910639286624,1.34967035688436,17.1169000681425
Brie_Ddx52_2,Ddx52,176.927985729531,129.27062387533,6.51697030486687,28.7115767809946
Brie_Ddx52_3,Ddx52,166.117284370694,169.798471416352,23.1671590261439,100.560557067193
Brie_Ddx52_4,Ddx52,189.969466733842,198.542891919015,20.1050553532653,7.42299002952841
Brie_Ddx27_1,Ddx27,180.016757546341,204.791678984811,13.7894665279534,54.752080218056
Brie_Ddx27_2,Ddx27,171.265237398712,140.518440593763,0.201381479554908,0.01
Brie_Ddx27_3,Ddx27,150.501826852375,168.727250776501,48.0467513682819,15.9764400635997
Brie_Ddx27_4,Ddx27,127.336038226297,149.980889579112,15.8946628030574,1.91076667423805
Brie_Nubp2_1,Nubp2,172.809623307117,212.290223463767,44.4105032567386,0.390153334847611
Brie_Nubp2_2,Nubp2,245.052564133628,222.823893088966,5.75144438664724,79.2719703157268
Brie_Nubp2_3,Nubp2,122.359683632547,149.802352805804,0.775525918219632,10.4642167083093
Brie_Nubp2_4,Nubp2,325.189032936432,295.845433372129,0.96690739777454,86.8750370126791
Brie_Ccnb1_1,Ccnb1,177.6143794666,186.938001653965,4.98591846842761,3.4313800136285
Brie_Ccnb1_2,Ccnb1,256.549659229533,308.700081050339,0.584144438664724,76.6108969717936
Brie_Ccnb1_3,Ccnb1,192.371844813583,202.64923770511,0.392762959109816,260.795187705461
Brie_Ccnb1_4,Ccnb1,160.79773290841,162.835537257322,0.775525918219632,18.2573600726853
Brie_Wtap_1,Wtap,159.424945434272,207.112657037821,29.4827478514558,8.18329669922363
Brie_Wtap_2,Wtap,281.946227501086,256.031732924341,193.305294350457,172.789690688239
Brie_Wtap_3,Wtap,186.194301179962,198.721428692323,68.524569680657,0.200076667423805
Brie_Wtap_4,Wtap,187.052293351299,204.613142211503,0.392762959109816,27.9512701112994
Brie_Fam83b_1,Fam83b,167.318473410565,169.619934643043,321.7222671318,123.559833825474
Brie_Fam83b_2,Fam83b,230.123500352377,235.321467220559,505.639868984067,376.171724831711
Brie_Fam83b_3,Fam83b,172.63802487285,159.264801791152,73.8832511081945,56.8429235597178
Brie_Fam83b_4,Fam83b,102.111068389012,134.448190301275,341.434559525956,46.3887068514085
Brie_Bcar1_1,Bcar1,216.22402717673,201.39948029195,171.487805681198,158.724017298878
Brie_Bcar1_2,Bcar1,165.602489067893,151.766257312197,9.00492953908067,279.992931115265
Brie_Bcar1_3,Bcar1,205.928121120696,238.71366591342,73.3091066695297,224.680620894938
Brie_Bcar1_4,Bcar1,298.076480322207,295.131286278896,859.695606160646,181.153064054887
Brie_Eif2b1_1,Eif2b1,126.134849186426,136.055021261052,0.775525918219632,44.2978635097467
Brie_Eif2b1_2,Eif2b1,145.353873824358,116.237439423812,0.392762959109816,0.770306669695222
Brie_Eif2b1_3,Eif2b1,183.791923100221,151.766257312197,0.775525918219632,3.6214566810523
Brie_Eif2b1_4,Eif2b1,151.531417457979,141.232587686997,5.17729994798251,18.4474367401091
Brie_Tmem41b_1,Tmem41b,159.424945434272,171.405302376128,49.0036587660564,7.99322003179983
Brie_Tmem41b_2,Tmem41b,203.18254617242,190.330200346826,1.15828887732945,0.200076667423805
Brie_Tmem41b_3,Tmem41b,189.797868299574,168.548714003193,12.6411776506239,9.13368003634266
Brie_Tmem41b_4,Tmem41b,142.608298876082,131.234528381723,12.8325591301788,3.05122667878089
Brie_Sugt1_1,Sugt1,241.105800145481,222.46681954235,353.491592737915,13.1252900522426
Brie_Sugt1_2,Sugt1,179.50196224354,168.90578754981,0.584144438664724,0.01
Brie_Sugt1_3,Sugt1,155.134984577591,126.94964582232,5.17729994798251,3.4313800136285
Brie_Sugt1_4,Sugt1,175.040402952591,172.119449469362,37.329388513207,308.884584563684
Brie_Atad3a_1,Atad3a,331.881371872854,354.584031790615,111.585402580511,152.261410606468
Brie_Atad3a_2,Atad3a,147.584653469832,120.343785209907,0.201381479554908,0.01
Brie_Atad3a_3,Atad3a,329.135796924579,256.567343244267,23.5499219852537,5.71230002271416
Brie_Atad3a_4,Atad3a,153.590598669185,166.584809496799,3.45486663198834,5.90237669013797
Brie_Utp11_1,Utp11,171.265237398712,122.3076897163,85.5575213610438,15.7863633961758
Brie_Utp11_2,Utp11,195.632215064661,227.644385968295,86.8971917179282,239.696677621419
Brie_Utp11_3,Utp11,196.31860880173,168.191640456576,37.1380070336521,3.6214566810523
Brie_Utp11_4,Utp11,117.898124341598,118.022807156897,0.01,7.61306669695222
Brie_Otud4_1,Otud4,162.342118816815,162.657000484013,495.688032047211,61.4047635778891
Brie_Otud4_2,Otud4,200.265372789876,160.336022431003,196.367398023336,815.628979915549
Brie_Otud4_3,Otud4,136.087558373926,142.839418646773,156.75143175547,276.761627769061
Brie_Otud4_4,Otud4,181.217946586212,115.523292330578,0.775525918219632,325.421254629555
Brie_Cflar_1,Cflar,297.90488188794,277.09907217474,188.137994402474,100.750633734617
Brie_Cflar_2,Cflar,91.9867607672441,108.203284624931,0.01,0.01
Brie_Cflar_3,Cflar,142.608298876082,159.443338564461,18.1912405577163,68.6276769399937
Brie_Cflar_4,Cflar,160.969331342677,175.333111388914,162.875639101227,129.262133848188
Brie_Naf1_1,Naf1,238.188626762938,208.719487997598,4.60315550931779,276.381474434213
Brie_Naf1_2,Naf1,209.360089806041,201.220943518642,167.468794610544,81.5528903248125
Brie_Naf1_3,Naf1,230.295098786645,200.3282596521,12.449796171069,0.200076667423805
Brie_Naf1_4,Naf1,189.45467143104,214.25412797016,34.4586663198834,266.117334393328
Brie_Rexo4_1,Rexo4,217.082019348067,216.753642796479,55.8933920300331,215.937094193443
Brie_Rexo4_2,Rexo4,61.0990425991397,79.9944744421931,228.51948658856,13.5054433870902
Brie_Rexo4_3,Rexo4,171.436835832979,196.043377092696,97.614554573003,109.494160436112
Brie_Rexo4_4,Rexo4,198.20619157867,198.899965465632,164.598072417221,207.763797494219
Brie_Hbs1l_1,Hbs1l,140.892314533409,165.870662403566,771.468744085834,76.8009736392174
Brie_Hbs1l_2,Hbs1l,262.040809126085,237.285371726952,255.312893726247,214.226404186629
Brie_Hbs1l_3,Hbs1l,132.827188122849,155.515529551675,36.5638625949874,189.136284086686
Brie_Hbs1l_4,Hbs1l,276.283479170267,252.818071004789,23.5499219852537,257.373807691833
Brie_Mrpl45_1,Mrpl45,200.436971224144,178.903846855084,47.4726069296172,57.0330002271416
Brie_Mrpl45_2,Mrpl45,146.211865995694,141.411124460306,32.9276144834442,18.2573600726853
Brie_Mrpl45_3,Mrpl45,140.892314533409,156.229676644908,2.30657775465889,13.3153667196664
Brie_Mrpl45_4,Mrpl45,213.478452228454,188.901906160358,0.392762959109816,514.357462048817
Brie_Dhx38_1,Dhx38,182.933930928885,171.940912696053,70.0556215170963,2.48099667650947
Brie_Dhx38_2,Dhx38,115.838943130391,91.2422911606265,49.7691846842761,0.01
Brie_Dhx38_3,Dhx38,183.448726231686,182.117508774636,26.6120256581322,11.7947533802759
Brie_Dhx38_4,Dhx38,215.02283813686,196.936060959239,0.584144438664724,27.0008867741804
Brie_Dnajc2_1,Dnajc2,192.54344324785,167.65603013665,130.149406097337,16.9268234007187
Brie_Dnajc2_2,Dnajc2,226.348334798498,227.644385968295,0.392762959109816,241.217290960809
Brie_Dnajc2_3,Dnajc2,188.939876128238,182.117508774636,98.1886990116678,29.281806783266
Brie_Dnajc2_4,Dnajc2,288.295369568974,334.23083963345,90.7248213090264,57.9833835642606
Brie_Eef1e1_1,Eef1e1,195.632215064661,208.005340904364,29.6741293310107,11.7947533802759
Brie_Eef1e1_2,Eef1e1,189.626269865307,207.469730584438,0.96690739777454,5.33214668786655
Brie_Eef1e1_3,Eef1e1,115.495746261857,136.769168354286,0.96690739777454,51.5207768718513
Brie_Eef1e1_4,Eef1e1,188.253482391169,151.944794085505,0.201381479554908,6.66268335983319
Brie_Ftsj3_1,Ftsj3,183.448726231686,174.976037842297,0.392762959109816,45.8184768491371
Brie_Ftsj3_2,Ftsj3,130.424810043107,136.23355803436,0.392762959109816,0.200076667423805
Brie_Ftsj3_3,Ftsj3,213.478452228454,175.690184935531,0.584144438664724,46.5787835188323
Brie_Ftsj3_4,Ftsj3,226.348334798498,212.111686690458,107.949154468968,14.2657500567854
Brie_Snrnp40_1,Snrnp40,201.809758698282,239.606349779962,0.775525918219632,24.1497367628233
Brie_Snrnp40_2,Snrnp40,215.194436571127,238.178055593495,0.01,0.200076667423805
Brie_Snrnp40_3,Snrnp40,204.040538343756,170.512618509586,37.329388513207,21.2985867514662
Brie_Snrnp40_4,Snrnp40,266.845565285568,281.026881187527,0.201381479554908,114.436153789131
Brie_Ext2_1,Ext2,110.176194799572,109.274505264782,0.392762959109816,38.2154101521849
Brie_Ext2_2,Ext2,200.265372789876,201.578017065259,65.0797030486687,31.9428801271993
Brie_Ext2_3,Ext2,240.934201711214,214.611201516777,39.6259662678659,70.7185202816556
Brie_Ext2_4,Ext2,188.253482391169,220.681451809265,49.1950402456113,223.350084222971
Brie_Nfya_1,Nfya,182.933930928885,184.974097147572,29.4827478514558,8.37337336664744
Brie_Nfya_2,Nfya,207.644105463368,220.681451809265,13.7894665279534,62.3551469150082
Brie_Nfya_3,Nfya,152.904204932117,164.799441763715,4.41177402976288,68.0574469377223
Brie_Nfya_4,Nfya,174.697206084057,206.219973171279,102.781854520986,42.3970968355086
Brie_Nufip2_1,Nufip2,87.1820046077612,82.8510628151286,197.132923941555,21.6787400863138
Brie_Nufip2_2,Nufip2,187.395490219833,160.336022431003,73.5004881490846,55.1322335529036
Brie_Nufip2_3,Nufip2,219.655995862075,170.691155282894,27.1861700967969,225.250850897209
Brie_Nufip2_4,Nufip2,169.377654621772,142.660881873465,20.1050553532653,61.7849169127367
Brie_Zbtb17_1,Zbtb17,249.170926556042,291.203477266109,13.7894665279534,111.204850442926
Brie_Zbtb17_2,Zbtb17,122.874478935348,124.450130996001,8.23940362086104,0.01
Brie_Zbtb17_3,Zbtb17,135.915959939659,118.379880703513,168.808464967429,59.6940735710749
Brie_Zbtb17_4,Zbtb17,364.656672817899,355.476715657157,46.7070810113975,3.81153334847611
Brie_Rfc1_1,Rfc1,140.549117664875,138.197462540753,0.01,5.14207002044275
Brie_Rfc1_2,Rfc1,214.508042834058,143.19649219339,57.4244438664724,81.1727369899649
Brie_Rfc1_3,Rfc1,135.22956620259,123.200373582842,105.461195234754,55.5123868877512
Brie_Rfc1_4,Rfc1,193.916230721988,158.37211792461,0.96690739777454,24.5298900976709
Brie_Clcc1_1,Clcc1,170.064048358841,172.833596562596,246.700727146276,8.56345003407124
Brie_Clcc1_2,Clcc1,164.572898462289,188.366295840432,7.2824962230865,250.150894329728
Brie_Clcc1_3,Clcc1,214.164845965523,223.002429862275,87.4713361565929,354.312908077973
Brie_Clcc1_4,Clcc1,214.336444399791,228.715606608146,1373.74626024513,153.021717276163
Brie_Eapp_1,Eapp,217.425216216601,253.353681324714,0.392762959109816,10.6542933757331
Brie_Eapp_2,Eapp,108.803407325434,94.9915634001043,8.23940362086104,14.0756733893616
Brie_Eapp_3,Eapp,184.135119968755,226.394628555136,201.343316491763,514.927692051089
Brie_Eapp_4,Eapp,278.171061947206,242.284401379589,4.22039255020797,4.00161001589991
Brie_Rrp7a_1,Rrp7a,229.95190191811,213.897054423543,61.6348364166804,0.200076667423805
Brie_Rrp7a_2,Rrp7a,166.460481239229,152.837477952048,9.38769249819049,42.96732683778
Brie_Rrp7a_3,Rrp7a,200.608569658411,174.083353975755,0.392762959109816,13.5054433870902
Brie_Rrp7a_4,Rrp7a,186.022702745695,248.890261992003,0.584144438664724,68.0574469377223
Brie_Suds3_1,Suds3,180.359954414876,193.543862266378,186.41556108648,118.427763805031
Brie_Suds3_2,Suds3,239.561414237076,251.032703271704,1064.85655224351,154.162177280706
Brie_Suds3_3,Suds3,142.436700441814,119.808174889981,0.201381479554908,0.01
Brie_Suds3_4,Suds3,183.448726231686,197.293134505856,322.679174529575,620.230165803877
Brie_Kbtbd2_1,Kbtbd2,107.773816719831,104.454012385453,10.7273628550748,27.0008867741804
Brie_Kbtbd2_2,Kbtbd2,134.543172465521,113.380851050876,26.4206441785773,28.7115767809946
Brie_Kbtbd2_3,Kbtbd2,138.833133322202,128.913550328713,12.6411776506239,131.162900522426
Brie_Kbtbd2_4,Kbtbd2,201.981357132549,176.939942348691,66.8021363646629,158.533940631454
Brie_Kat5_1,Kat5,269.076344931042,307.807397183797,1.34967035688436,133.253743864088
Brie_Kat5_2,Kat5,221.371980204748,211.040466050608,51.1088550411604,0.01
Brie_Kat5_3,Kat5,215.366035005394,151.052110218963,0.584144438664724,11.6046767128521
Brie_Kat5_4,Kat5,333.597356215527,249.604409085236,24.889592342138,296.71967784856
Brie_Mrps28_1,Mrps28,199.578979052808,260.495152257053,127.087302424459,73.9498236278603
Brie_Mrps28_2,Mrps28,270.277533970913,221.931209222424,272.919989845299,61.4047635778891
Brie_Mrps28_3,Mrps28,195.803813498928,200.685333198717,60.8693104984607,69.5780602771128
Brie_Mrps28_4,Mrps28,249.685721858843,216.57510602317,7.09111474353159,101.510940404312
Brie_Efr3a_1,Efr3a,187.052293351299,187.295075200582,1.34967035688436,0.01
Brie_Efr3a_2,Efr3a,131.625999082978,124.985741315927,91.6817287068009,0.01
Brie_Efr3a_3,Efr3a,154.448590840522,148.552595392644,0.96690739777454,15.0260567264806
Brie_Efr3a_4,Efr3a,270.792329273715,236.035614313793,20.870581271485,42.5871735029324
Brie_Ascc2_1,Ascc2,276.111880735999,281.74102828076,205.362327562416,184.574444068515
Brie_Ascc2_2,Ascc2,210.04648354311,200.149722878791,132.828746811106,112.535387114893
Brie_Ascc2_3,Ascc2,151.188220589444,155.694066324983,7.2824962230865,10.8443700431569
Brie_Ascc2_4,Ascc2,195.975411933195,180.867751361477,16.0860442826123,125.270523832288
Brie_Aasdhppt_1,Aasdhppt,155.82137831466,146.053080566326,39.2432033087561,3.4313800136285
Brie_Aasdhppt_2,Aasdhppt,68.6493737068986,93.741805986945,0.01,0.01
Brie_Aasdhppt_3,Aasdhppt,170.064048358841,199.257039012249,4.41177402976288,32.7031867968945
Brie_Aasdhppt_4,Aasdhppt,102.282666823279,127.306719368937,18.765384996381,0.01
Brie_Tada3_1,Tada3,226.005137929963,260.673689030361,12.2584146915141,77.5612803089126
Brie_Tada3_2,Tada3,219.99919273061,212.468760237075,297.225437748772,45.6284001817133
Brie_Tada3_3,Tada3,110.004596365305,127.128182595628,110.819876662292,86.4948836778315
Brie_Tada3_4,Tada3,198.549388447204,178.368236535158,97.614554573003,9.89398670603788
Brie_Orc2_1,Orc2,167.146874976298,203.720458344961,0.01,3.6214566810523
Brie_Orc2_2,Orc2,156.507772051729,165.870662403566,8.04802214130613,162.715627314777
Brie_Orc2_3,Orc2,162.342118816815,145.696007019709,0.201381479554908,2.86115001135708
Brie_Orc2_4,Orc2,172.466426438583,192.294104853219,14.7463739257279,20.538280081771
Brie_Paf1_1,Paf1,197.005002538799,230.143900794614,0.01,0.01
Brie_Paf1_2,Paf1,118.241321210133,115.880365877195,3.83762959109816,7.99322003179983
Brie_Paf1_3,Paf1,261.182816954749,231.572194981081,37.329388513207,14.0756733893616
Brie_Paf1_4,Paf1,147.756251904099,171.762375922745,0.392762959109816,22.6291234234328
Brie_Gid4_1,Gid4,124.418864843754,152.837477952048,337.224166975748,24.1497367628233
Brie_Gid4_2,Gid4,279.029054118543,277.991756041283,346.984622433048,578.603375638064
Brie_Gid4_3,Gid4,179.330363809272,181.581898454711,9.00492953908067,195.598890779096
Brie_Gid4_4,Gid4,217.596814650868,201.39948029195,212.060679346838,196.929427451062
Brie_Elp2_1,Elp2,244.022973528024,262.459056763446,1.15828887732945,24.5298900976709
Brie_Elp2_2,Elp2,185.679505877161,169.262861096426,18.9567664759359,150.36064393223
Brie_Elp2_3,Elp2,191.513852642247,206.398509944588,205.745090521526,0.200076667423805
Brie_Elp2_4,Elp2,281.08823532975,249.961482631853,6.89973326397669,8.37337336664744
Brie_Naa25_1,Naa25,282.632621238155,220.681451809265,172.636094558527,35.174183473404
Brie_Naa25_2,Naa25,250.372115595912,240.141960099888,30.0568922901205,23.9596600953995
Brie_Naa25_3,Naa25,234.070264340524,228.715606608146,1.15828887732945,0.01
Brie_Naa25_4,Naa25,215.02283813686,210.504855730682,0.584144438664724,0.200076667423805
Brie_Eed_1,Eed,185.164710574359,145.874543793017,43.8363588180739,23.9596600953995
Brie_Eed_2,Eed,210.218081977377,206.398509944588,30.2482737696755,12.1749067151235
Brie_Eed_3,Eed,182.247537191816,180.689214588168,52.6399068775997,2.67107334393328
Brie_Eed_4,Eed,165.259292199358,197.828744825781,129.575261658673,227.151617571447
Brie_Eif3j1_1,Eif3j1,287.780574266172,263.887350949914,115.795795130719,197.30958078591
Brie_Eif3j1_2,Eif3j1,177.442781032333,163.549684350556,62.4003623349,23.1993534257043
Brie_Eif3j1_3,Eif3j1,213.478452228454,240.141960099888,119.240661762708,138.575890551954
Brie_Eif3j1_4,Eif3j1,106.915824548495,109.810115584707,69.8642400375414,7.0428366946808
Brie_Mepce_1,Mepce,256.721257663801,306.914713317254,32.5448515243343,38.7856401544563
Brie_Mepce_2,Mepce,235.099854946128,211.754613143842,71.7780548330905,6.47260669240938
Brie_Mepce_3,Mepce,187.223891785566,193.186788719761,8.23940362086104,74.3299769627079
Brie_Mepce_4,Mepce,209.016892937506,192.294104853219,53.0226698367095,121.088837148964
Brie_Rtf1_1,Rtf1,230.638295655179,210.861929277299,0.96690739777454,145.608727246635
Brie_Rtf1_2,Rtf1,213.650050662722,137.483315447519,16.4688072417221,0.390153334847611
Brie_Rtf1_3,Rtf1,245.224162567895,209.255098317523,29.099984892346,0.200076667423805
Brie_Rtf1_4,Rtf1,101.253076217675,128.556476782096,0.201381479554908,3.24130334620469
Brie_Ralgapb_1,Ralgapb,152.561008063582,138.55453608737,0.01,86.6849603452553
Brie_Ralgapb_2,Ralgapb,241.277398579748,198.00728159909,185.650035168261,206.8134141571
Brie_Ralgapb_3,Ralgapb,238.360225197205,239.784886553271,128.426972781343,88.3956503520695
Brie_Ralgapb_4,Ralgapb,243.336579790955,254.067828417948,110.245732223627,94.0979503747837
Chopchop_Rsrc2_1,Rsrc2,239.046618934274,264.244424496531,34.8414292789932,154.542330615554
Chopchop_Rsrc2_2,Rsrc2,232.869075300653,257.638563884118,269.283741733755,410.955754970267
Chopchop_Rsrc2_3,Rsrc2,183.963521534488,178.546773308467,21.6361071897046,17.8772067378377
Chopchop_Rsrc2_4,Rsrc2,63.6730191131484,80.35154798881,64.505558610004,183.81413739882
Brie_Hspa14_1,Hspa14,187.223891785566,216.039495703245,428.321751243884,745.870842971012
Brie_Hspa14_2,Hspa14,236.472642420265,217.467789889712,20.1050553532653,25.8604267696375
Brie_Hspa14_3,Hspa14,137.11714897953,149.445279259187,112.350928498731,35.3642601408278
Brie_Hspa14_4,Hspa14,169.892449924574,135.876484487743,576.259634939828,24.9100434325185
Brie_Opa1_1,Opa1,220.513988033412,225.85901823521,8.81354805952576,4.95199335301894
Brie_Opa1_2,Opa1,132.655589688581,130.698918061798,0.201381479554908,30.0421134529613
Brie_Opa1_3,Opa1,199.40738061854,182.653119094561,18.765384996381,2.29092000908566
Brie_Opa1_4,Opa1,200.780168092678,202.827774478418,9.19631101863558,36.6947968127944
Brie_Extl3_1,Extl3,313.863536274794,341.729384112405,359.807181563227,95.6185637141741
Brie_Extl3_2,Extl3,300.478858401948,289.239572759716,43.2622143794092,63.6856835869748
Brie_Extl3_3,Extl3,309.573575418112,342.086457659022,63.7400326917843,65.9666035960605
Brie_Extl3_4,Extl3,176.241591992462,149.802352805804,36.9466255540972,132.87359052924
Brie_Rreb1_1,Rreb1,180.874749717678,151.052110218963,812.615762190139,101.701017071736
Brie_Rreb1_2,Rreb1,285.378196186431,297.273727558597,181.631024097608,207.193567491948
Brie_Rreb1_3,Rreb1,215.366035005394,175.333111388914,240.576519800519,133.823973866359
Brie_Rreb1_4,Rreb1,283.147416540957,257.995637430734,49.960566163831,21.8688167537376
Brie_Emg1_1,Emg1,220.685586467679,215.860958929936,0.201381479554908,15.4062100613282
Brie_Emg1_2,Emg1,151.531417457979,155.336992778366,0.201381479554908,5.14207002044275
Brie_Emg1_3,Emg1,223.259562981688,223.716576955509,0.584144438664724,9.89398670603788
Brie_Emg1_4,Emg1,289.496558608845,313.699110702976,78.4764066175123,79.2719703157268
Brie_Rad50_1,Rad50,210.04648354311,194.972156452846,49.3864217251662,21.6787400863138
Brie_Rad50_2,Rad50,132.998786557116,122.3076897163,7.66525918219632,25.8604267696375
Brie_Rad50_3,Rad50,180.531552849143,175.511648162223,6.13420734575705,87.4452670149505
Brie_Rad50_4,Rad50,109.146604193969,130.520381288489,24.3154479034733,25.6703501022137
Brie_Rnaseh2c_1,Rnaseh2c,234.413461209059,236.749761407027,0.392762959109816,72.8093636233175
Brie_Rnaseh2c_2,Rnaseh2c,241.105800145481,249.604409085236,20.870581271485,240.456984291114
Brie_Rnaseh2c_3,Rnaseh2c,164.401300028022,173.904817202447,0.392762959109816,23.7695834279757
Brie_Rnaseh2c_4,Rnaseh2c,258.437242006473,251.925387138247,66.2279919259981,239.316524286571
Chopchop_Exoc3_1,Exoc3,246.082154739231,193.722399039686,95.8921212570089,122.609450488354
Chopchop_Exoc3_2,Exoc3,284.348605580827,254.067828417948,171.679187160752,301.661671201579
Chopchop_Exoc3_3,Exoc3,275.253888564663,280.134197320984,340.669033607736,646.84089924321
Chopchop_Exoc3_4,Exoc3,277.141471341603,277.991756041283,90.7248213090264,594.759892369087
Brie_Dnmt1_1,Dnmt1,214.679641268325,189.616053253592,0.96690739777454,0.01
Brie_Dnmt1_2,Dnmt1,266.159171548499,253.532218098023,3.64624811154325,38.5955634870325
Brie_Dnmt1_3,Dnmt1,250.372115595912,211.397539597225,0.96690739777454,303.372361208393
Brie_Dnmt1_4,Dnmt1,182.933930928885,180.51067781486,0.775525918219632,7.0428366946808
Brie_Gtf3c6_1,Gtf3c6,161.484126645479,148.909668939261,7.47387770264141,4.19168668332372
Brie_Gtf3c6_2,Gtf3c6,107.259021417029,113.737924597493,0.201381479554908,26.430656771909
Brie_Gtf3c6_3,Gtf3c6,272.165116747853,277.277608948049,281.340774945715,136.485047210292
Brie_Gtf3c6_4,Gtf3c6,209.360089806041,256.924416790884,7.66525918219632,15.4062100613282
Brie_Zfp830_1,Zfp830,126.821242923495,130.877454835106,3.64624811154325,19.2077434098043
Brie_Zfp830_2,Zfp830,240.591004842679,201.935090611876,22.784396067034,130.592670520154
Brie_Zfp830_3,Zfp830,196.147010367463,173.726280429138,173.401620476747,55.3223102203274
Brie_Zfp830_4,Zfp830,89.9275795560371,76.4237389760238,92.4472546250205,92.1971837005456
Brie_Haus2_1,Haus2,354.017569893329,286.740057933398,16.0860442826123,102.081170406584
Brie_Haus2_2,Haus2,132.483991254314,158.015044377993,10.344599895965,12.5550600499712
Brie_Haus2_3,Haus2,189.283072996773,200.149722878791,199.812264655324,4.38176335074752
Brie_Haus2_4,Haus2,189.283072996773,199.971186105483,472.530873021068,207.573720826795
Brie_Baz1b_1,Baz1b,208.845294503239,195.864840319388,336.650022537083,29.281806783266
Brie_Baz1b_2,Baz1b,182.59073406035,171.405302376128,80.3902214130613,133.443820531511
Brie_Baz1b_3,Baz1b,229.95190191811,205.862899624662,66.2279919259981,478.052818570871
Brie_Baz1b_4,Baz1b,263.928391903025,237.999518820186,7.66525918219632,61.2146869104653
Brie_Cxxc1_1,Cxxc1,232.011083129317,225.323407915285,5.75144438664724,39.3558701567277
Brie_Cxxc1_2,Cxxc1,304.082425521561,269.243454149168,285.168404536813,483.184888591313
Brie_Cxxc1_3,Cxxc1,332.052970307122,247.819041352152,1.92381479554908,138.005660549683
Brie_Cxxc1_4,Cxxc1,133.34198342565,98.2052253196567,50.9174735616055,3.05122667878089
Brie_Ino80b_1,Ino80b,205.756522686428,199.07850223894,978.543504964244,426.922195033867
Brie_Ino80b_2,Ino80b,232.697476866386,249.24733553862,142.015057829742,210.234794170729
Brie_Ino80b_3,Ino80b,107.773816719831,122.486226489608,216.845216335711,10.8443700431569
Brie_Ino80b_4,Ino80b,155.306583011858,106.239380118538,46.1329365727328,491.548261957961
Brie_Tcof1_1,Tcof1,230.466697220912,213.897054423543,239.42823092319,306.413587887174
Brie_Tcof1_2,Tcof1,128.3656288319,131.59160192834,128.044209822233,26.8108101067566
Brie_Tcof1_3,Tcof1,219.655995862075,184.438486827646,85.5575213610438,211.755407510119
Brie_Tcof1_4,Tcof1,231.324689392248,199.971186105483,93.2127805432402,62.1650702475844
Brie_Tsr3_1,Tsr3,138.318338019401,137.483315447519,57.9985883051371,39.3558701567277
Brie_Tsr3_2,Tsr3,206.099719554963,188.544832613741,32.3534700447794,118.807917139878
Brie_Tsr3_3,Tsr3,176.756387295264,201.39948029195,173.593001956301,34.4138768037088
Brie_Tsr3_4,Tsr3,104.341848034486,128.556476782096,178.951683383839,137.435430547411
Brie_Cnot1_1,Cnot1,105.714635508624,132.305749021574,8.04802214130613,9.51383337119027
Brie_Cnot1_2,Cnot1,133.685180294185,134.626727074584,44.6018847362935,46.7688601862561
Brie_Cnot1_3,Cnot1,246.596950042033,213.004370557001,13.4067035688436,19.3978200772282
Brie_Cnot1_4,Cnot1,270.44913240518,277.277608948049,111.968165539621,58.3635368991083
Brie_Ttc33_1,Ttc33,244.880965699361,229.251216928071,97.614554573003,50.760470202156
Brie_Ttc33_2,Ttc33,100.223485612072,118.558417476822,22.5930145874791,5.90237669013797
Brie_Ttc33_3,Ttc33,216.052428742463,272.45711606872,4.98591846842761,25.6703501022137
Brie_Ttc33_4,Ttc33,215.709231873929,228.715606608146,82.8781806472751,231.903534257043
Brie_Parn_1,Parn,325.360631370699,251.746850364938,95.5093582978991,453.913081808047
Brie_Parn_2,Parn,123.732471106685,132.305749021574,16.660188721277,7.2329133621046
Brie_Parn_3,Parn,151.359819023711,152.301867632122,99.9111323276619,73.3795936255889
Brie_Parn_4,Parn,264.099990337292,224.966334368668,44.2191217771837,96.9491003861408
Brie_Vkorc1l1_1,Vkorc1l1,179.50196224354,177.832626215233,517.505520716471,243.878364304742
Brie_Vkorc1l1_2,Vkorc1l1,226.005137929963,238.71366591342,100.102513807217,417.038208327829
Brie_Vkorc1l1_3,Vkorc1l1,306.484803601302,309.235691370264,45.3674106545132,323.330411287893
Brie_Vkorc1l1_4,Vkorc1l1,262.38400599462,244.605379432599,157.134194714579,10.2741400408855
Brie_Rrp36_1,Rrp36,290.354550780181,232.286342074315,0.584144438664724,16.1665167310235
Brie_Rrp36_2,Rrp36,180.874749717678,170.869692056203,4.60315550931779,156.062943954944
Brie_Rrp36_3,Rrp36,183.620324665954,170.869692056203,374.3521740094,53.9917735483607
Brie_Rrp36_4,Rrp36,192.54344324785,169.084324323118,1.34967035688436,11.7947533802759
Brie_Naa35_1,Naa35,320.384276776949,318.519603582305,89.385150952142,41.8268668332372
Brie_Naa35_2,Naa35,260.49642321768,289.596646306333,1.73243331599417,149.220183927687
Brie_Naa35_3,Naa35,230.638295655179,208.362414450981,9.96183693685521,23.7695834279757
Brie_Naa35_4,Naa35,174.697206084057,134.805263847892,6.13420734575705,30.2321901203851
Brie_Uchl5_1,Uchl5,148.099448772634,160.69309597762,21.2533442305948,62.545223582432
Brie_Uchl5_2,Uchl5,248.312934384706,287.454205026631,35.0328107585481,78.8918169808792
Brie_Uchl5_3,Uchl5,255.863265492464,187.295075200582,176.27234267007,24.5298900976709
Brie_Uchl5_4,Uchl5,178.987166940738,146.76722765956,10.7273628550748,212.325637512391
Brie_Ints14_1,Ints14,159.253347000005,141.946734780231,6.89973326397669,71.6689036187746
Brie_Ints14_2,Ints14,106.915824548495,158.193581151302,36.7552440745423,0.01
Brie_Ints14_3,Ints14,161.484126645479,151.230646992271,116.944084008049,366.857968127944
Brie_Ints14_4,Ints14,159.939740737074,176.761405575382,5.17729994798251,16.7367467332949
Brie_Clock_1,Clock,203.525743040954,232.821952394241,126.130395026684,215.176787523748
Brie_Clock_2,Clock,96.105123189658,162.835537257322,285.551167495923,72.6192869558937
Brie_Clock_3,Clock,155.478181446125,135.340874167818,0.775525918219632,39.5459468241515
Brie_Clock_4,Clock,147.413055035565,225.85901823521,0.201381479554908,89.5361103566123
Brie_Ppm1d_1,Ppm1d,128.880424134702,142.303808326848,0.775525918219632,70.1482902793842
Brie_Ppm1d_2,Ppm1d,99.7086903092702,94.9915634001043,0.201381479554908,9.32375670376646
Brie_Ppm1d_3,Ppm1d,204.38373521229,235.857077540485,0.775525918219632,19.7779734120758
Brie_Ppm1d_4,Ppm1d,160.111339171341,156.229676644908,0.392762959109816,32.3230334620469
Brie_Vps16_1,Vps16,194.43102602479,214.25412797016,7.47387770264141,142.757577235278
Brie_Vps16_2,Vps16,173.839213912721,188.723369387049,11.1101258141847,144.088113907244
Brie_Vps16_3,Vps16,206.786113292032,200.685333198717,14.1722294870632,77.7513569763364
Brie_Vps16_4,Vps16,222.744767678886,200.863869972025,18.5740035168261,4.38176335074752
Brie_Pik3ca_1,Pik3ca,209.703286674575,190.865810666751,106.800865591639,37.074950147642
Brie_Pik3ca_2,Pik3ca,157.194165788798,176.582868802074,18.5740035168261,65.5864502612129
Brie_Pik3ca_3,Pik3ca,169.377654621772,110.881336224558,0.01,226.201234234328
Brie_Pik3ca_4,Pik3ca,217.425216216601,205.327289304737,98.3800804912227,93.3376437050885
Brie_Oxa1l_1,Oxa1l,207.129310160566,231.572194981081,1.15828887732945,18.8275900749567
Brie_Oxa1l_2,Oxa1l,226.176736364231,252.63953423148,18.765384996381,34.223800136285
Brie_Oxa1l_3,Oxa1l,175.72679668966,199.435575785557,1.15828887732945,0.01
Brie_Oxa1l_4,Oxa1l,194.774222893325,163.728221123864,1.54105183643926,7.80314336437602
Brie_Gtf3c1_1,Gtf3c1,210.389680411644,241.927327832972,1.34967035688436,50.1902401998846
Brie_Gtf3c1_2,Gtf3c1,283.662211843758,275.313704441656,0.775525918219632,6.47260669240938
Brie_Gtf3c1_3,Gtf3c1,206.614514857765,233.536099487474,6.70835178442178,226.201234234328
Brie_Gtf3c1_4,Gtf3c1,188.425080825437,206.219973171279,0.201381479554908,7.42299002952841
Brie_Tacc3_1,Tacc3,242.993382922421,213.897054423543,213.208968224167,21.8688167537376
Brie_Tacc3_2,Tacc3,167.318473410565,179.796530721626,66.2279919259981,21.2985867514662
Brie_Tacc3_3,Tacc3,170.922040530177,138.55453608737,22.0188701488144,187.615670747296
Brie_Tacc3_4,Tacc3,251.401706201516,224.609260822051,118.092372885378,113.105617117164
Brie_Pclaf_1,Pclaf,224.803948890093,254.424901964565,38.6690588700914,15.4062100613282
Brie_Pclaf_2,Pclaf,139.176330190737,150.516499899037,10.5359813755199,8.94360336891885
Brie_Pclaf_3,Pclaf,212.963656925653,218.360473756255,339.520744730407,216.697400863138
Brie_Pclaf_4,Pclaf,179.330363809272,160.514559204312,152.732420684817,393.848854902125
Brie_Tiprl_1,Tiprl,204.555333646558,195.864840319388,0.392762959109816,22.8192000908566
Brie_Tiprl_2,Tiprl,266.673966851301,259.959541937128,0.775525918219632,320.66933794396
Brie_Tiprl_3,Tiprl,191.857049510781,203.898995118269,43.8363588180739,123.749910492897
Brie_Tiprl_4,Tiprl,187.5670886541,210.326318957374,48.8122772865015,47.7192435233751
Brie_Rfwd3_1,Rfwd3,207.472507029101,213.182907330309,17.0429516803868,0.200076667423805
Brie_Rfwd3_2,Rfwd3,190.141065168109,193.722399039686,171.870568640307,62.7353002498558
Brie_Rfwd3_3,Rfwd3,222.401570810351,249.961482631853,447.459899199375,55.5123868877512
Brie_Rfwd3_4,Rfwd3,124.762061712288,159.621875337769,32.5448515243343,16.5466700658711
Brie_Ufsp2_1,Ufsp2,211.934066320049,217.646326663021,1.15828887732945,12.3649833825474
Brie_Ufsp2_2,Ufsp2,163.543307856686,158.729191471227,249.380067860045,101.701017071736
Brie_Ufsp2_3,Ufsp2,160.79773290841,140.161367047146,0.201381479554908,6.09245335756177
Brie_Ufsp2_4,Ufsp2,288.981763306043,290.310793399567,4.98591846842761,27.0008867741804
Brie_Tex10_1,Tex10,196.661805670264,174.61896429568,0.201381479554908,11.7947533802759
Brie_Tex10_2,Tex10,183.620324665954,187.116538427273,176.080961190515,10.2741400408855
Brie_Tex10_3,Tex10,221.200381770481,216.218032476553,19.7222923941555,467.598601862561
Brie_Tex10_4,Tex10,209.874885108842,243.534158792749,1.54105183643926,10.6542933757331
Brie_Timm29_1,Timm29,268.389951193973,290.310793399567,0.584144438664724,17.6871300704139
Brie_Timm29_2,Timm29,285.034999317896,285.133226973621,78.4764066175123,3.6214566810523
Brie_Timm29_3,Timm29,244.709367265093,237.820982046878,15.1291368848377,382.824408191544
Brie_Timm29_4,Timm29,296.017299111,274.599557348422,1.34967035688436,15.9764400635997
Brie_Zmym2_1,Zmym2,148.099448772634,166.227735950183,80.5816028926162,706.715049481708
Brie_Zmym2_2,Zmym2,286.236188357767,249.782945858545,115.604413651164,102.841477076279
Brie_Zmym2_3,Zmym2,258.952037309275,246.212210392376,498.75013572009,632.204995851577
Brie_Zmym2_4,Zmym2,203.868939909489,175.86872170884,256.843945562686,45.0581701794419
Brie_Med7_1,Med7,162.342118816815,169.798471416352,10.7273628550748,270.489097744075
Brie_Med7_2,Med7,182.075938757548,205.148752531428,117.518228446713,4.57184001817133
Brie_Med7_3,Med7,266.330769982766,258.352710977351,1.15828887732945,106.643010424755
Brie_Med7_4,Med7,121.844888329745,167.65603013665,110.819876662292,19.9680500794996
Brie_Eif4e2_1,Eif4e2,270.44913240518,219.967304716031,92.0644916659107,600.272115724377
Brie_Eif4e2_2,Eif4e2,180.70315128341,146.410154112943,8.43078510041595,370.659501476421
Brie_Eif4e2_3,Eif4e2,95.7619263211235,86.7788718279148,77.3281177401828,52.6612368763941
Brie_Eif4e2_4,Eif4e2,142.09350357328,163.728221123864,117.326846967159,65.2062969263653
Chopchop_Zfp622_1,Zfp622,134.886369334056,126.771109049011,68.524569680657,0.01
Chopchop_Zfp622_2,Zfp622,315.751119051733,389.934312905691,23.1671590261439,200.540884132115
Chopchop_Zfp622_3,Zfp622,189.969466733842,181.938972001328,278.470052752391,248.25012765549
Chopchop_Zfp622_4,Zfp622,129.738416306038,151.587720538888,10.9187443346298,0.01
Brie_Zfp384_1,Zfp384,248.484532818973,255.317585831107,218.567649651705,428.442808373257
Brie_Zfp384_2,Zfp384,109.66139949677,124.807204542618,23.1671590261439,0.01
Brie_Zfp384_3,Zfp384,127.336038226297,134.805263847892,84.2178510041595,257.75396102668
Brie_Zfp384_4,Zfp384,212.792058491385,186.938001653965,182.013787056717,184.004214066244
Brie_Wdr46_1,Wdr46,110.347793233839,111.238409771175,0.584144438664724,0.200076667423805
Brie_Wdr46_2,Wdr46,260.49642321768,265.851255456307,90.1506768703616,360.015208100687
Brie_Wdr46_3,Wdr46,115.838943130391,98.3837620929652,0.584144438664724,5.33214668786655
Brie_Wdr46_4,Wdr46,176.756387295264,166.406272723491,0.96690739777454,8.94360336891885
Brie_Siva1_1,Siva1,285.378196186431,306.557639770637,109.097443346298,100.180403732345
Brie_Siva1_2,Siva1,211.076074148713,210.147782184065,29.8655108105656,469.689445204223
Brie_Siva1_3,Siva1,218.626405256472,191.579957759985,127.087302424459,585.446135665321
Brie_Siva1_4,Siva1,167.833268713367,178.903846855084,206.510616439746,235.514990938095
Brie_Stx5a_1,Stx5a,148.271047206901,196.75752418593,52.065762438935,11.9848300476997
Brie_Stx5a_2,Stx5a,152.732606497849,160.514559204312,0.01,182.483600726853
Brie_Stx5a_3,Stx5a,134.543172465521,134.448190301275,55.1278661118135,150.550720599654
Brie_Stx5a_4,Stx5a,158.223756394401,187.295075200582,243.830004952953,214.036327519205
Brie_Ncoa3_1,Ncoa3,215.537633439661,165.513588856949,197.898449859775,12.3649833825474
Brie_Ncoa3_2,Ncoa3,125.27685701509,136.769168354286,313.110100551829,10.0840633734617
Brie_Ncoa3_3,Ncoa3,270.620730839448,276.741998628123,291.483993362125,29.8520367855374
Brie_Ncoa3_4,Ncoa3,248.484532818973,280.491270867601,48.0467513682819,100.940710402041
Brie_Usp9x_1,Usp9x,175.555198255393,162.835537257322,129.575261658673,80.7925836551173
Brie_Usp9x_2,Usp9x,28.4953400883629,58.2129880985602,8.43078510041595,36.5047201453706
Brie_Usp9x_3,Usp9x,156.164575183194,181.581898454711,13.4067035688436,167.657620667796
Brie_Usp9x_4,Usp9x,157.880559525867,189.616053253592,179.908590781613,138.956043886802
Brie_Ttc4_1,Ttc4,252.259698372852,210.147782184065,6.13420734575705,0.390153334847611
Brie_Ttc4_2,Ttc4,226.519933232765,216.218032476553,18.3826220372712,52.8513135438179
Brie_Ttc4_3,Ttc4,205.584924252161,209.255098317523,1.73243331599417,19.9680500794996
Brie_Ttc4_4,Ttc4,178.300773203669,156.586750191525,87.4713361565929,69.9582136119604
Brie_Rrp8_1,Rrp8,189.969466733842,182.83165586787,54.9364846322586,329.602941312879
Brie_Rrp8_2,Rrp8,148.95744094397,143.375028966699,161.344587264787,101.510940404312
Brie_Rrp8_3,Rrp8,145.010676955823,125.878425182469,44.6018847362935,3.05122667878089
Brie_Rrp8_4,Rrp8,137.803542716599,161.228706297545,12.0670332119592,46.5787835188323
Brie_Prrc2c_1,Prrc2c,213.13525535992,204.256068664886,378.753948039163,65.7765269286367
Brie_Prrc2c_2,Prrc2c,285.206597752163,255.317585831107,141.249531911522,54.1818502157845
Brie_Prrc2c_3,Prrc2c,185.851104311428,209.61217186414,118.092372885378,19.587896744652
Brie_Prrc2c_4,Prrc2c,171.265237398712,216.396569249862,42.1139255020797,330.933477984845
Brie_Brap_1,Brap,251.74490307005,190.151663573517,166.51188721277,27.5711167764518
Brie_Brap_2,Brap,220.685586467679,199.07850223894,136.847757881759,517.588765395022
Brie_Brap_3,Brap,130.25321160884,121.593542623066,0.584144438664724,8.75352670149505
Brie_Brap_4,Brap,203.354144606687,205.327289304737,64.505558610004,0.01
Brie_Nr2c2ap_1,Nr2c2ap,282.975818106689,266.743939322849,13.7894665279534,34.6039534711326
Brie_Nr2c2ap_2,Nr2c2ap,221.371980204748,214.432664743469,44.0277402976288,7.61306669695222
Brie_Nr2c2ap_3,Nr2c2ap,188.253482391169,183.902876507721,340.286270648626,34.6039534711326
Brie_Nr2c2ap_4,Nr2c2ap,92.3299576357786,133.376969661425,127.852828342678,4.38176335074752
Brie_Lsm10_1,Lsm10,329.478993793113,332.624008673674,65.0797030486687,115.956767128521
Brie_Lsm10_2,Lsm10,188.939876128238,181.046288134785,101.059421204991,24.7199667650947
Brie_Lsm10_3,Lsm10,187.395490219833,180.867751361477,0.775525918219632,0.200076667423805
Brie_Lsm10_4,Lsm10,268.046754325439,256.031732924341,2.11519627510399,4.38176335074752
Brie_Fermt1_1,Fermt1,206.786113292032,187.295075200582,6.32558882531196,50.760470202156
Brie_Fermt1_2,Fermt1,222.058373941817,294.238602412353,158.091102112354,129.262133848188
Brie_Fermt1_3,Fermt1,196.31860880173,203.363384798344,273.876897243073,6.47260669240938
Brie_Fermt1_4,Fermt1,127.507636660564,139.447219953913,10.344599895965,1.53061333939044
Brie_Taf12_1,Taf12,249.685721858843,206.934120264513,292.05813780079,447.830628450486
Brie_Taf12_2,Taf12,189.111474562505,197.828744825781,17.0429516803868,55.702463555175
Brie_Taf12_3,Taf12,150.84502372091,189.258979706975,0.584144438664724,6.66268335983319
Brie_Taf12_4,Taf12,185.679505877161,185.866781014114,9.5790739777454,64.8261435915176
Brie_Lin54_1,Lin54,222.573169244619,162.121390164088,21.8274886692595,5.71230002271416
Brie_Lin54_2,Lin54,251.573304635783,263.351740629988,14.7463739257279,63.3055302521272
Brie_Lin54_3,Lin54,230.981492523714,209.076561544215,175.315435272296,118.427763805031
Brie_Lin54_4,Lin54,197.691396275868,204.256068664886,185.267272209151,246.729514316099
Brie_Vps18_1,Vps18,253.460887412723,259.602468390511,169.191227926539,28.331423446147
Brie_Vps18_2,Vps18,194.945821327592,216.396569249862,22.975777546589,34.9841068059802
Brie_Vps18_3,Vps18,141.750306704746,151.944794085505,97.0404101343383,6.09245335756177
Brie_Vps18_4,Vps18,203.697341475221,191.222884213368,5.36868142753742,90.866647028579
Brie_Dctn4_1,Dctn4,178.472371637936,148.552595392644,0.392762959109816,141.617117230735
Brie_Dctn4_2,Dctn4,281.774629066819,246.033673619067,535.112616835523,0.580230002271416
Brie_Dctn4_3,Dctn4,226.519933232765,195.68630354608,0.584144438664724,168.417927337492
Brie_Dctn4_4,Dctn4,174.354009215522,208.005340904364,90.1506768703616,32.7031867968945
Brie_Cd3eap_1,Cd3eap,144.152684784487,143.375028966699,0.584144438664724,4.76191668559513
Brie_Cd3eap_2,Cd3eap,242.821784488154,221.574135675807,40.5828736656405,111.014773775502
Brie_Cd3eap_3,Cd3eap,323.129851725225,285.847374066855,0.392762959109816,260.985264372885
Brie_Cd3eap_4,Cd3eap,211.419271017248,187.652148747199,47.6639884091721,0.200076667423805
Brie_Smg8_1,Smg8,188.253482391169,134.805263847892,115.987176610274,59.1238435688035
Brie_Smg8_2,Smg8,191.513852642247,190.687273893442,443.058125169612,84.7841936710172
Brie_Smg8_3,Smg8,157.02256735453,165.870662403566,503.726054188518,112.535387114893
Brie_Smg8_4,Smg8,315.579520617466,272.814189615337,449.565095474479,219.928704209343
Brie_Med21_1,Med21,135.572763071125,122.843300036225,26.6120256581322,23.7695834279757
Brie_Med21_2,Med21,151.703015892246,146.945764432868,0.392762959109816,4.00161001589991
Brie_Med21_3,Med21,202.152955566816,175.511648162223,95.1265953387892,20.9184334166186
Brie_Med21_4,Med21,256.721257663801,278.884439907825,1.92381479554908,12.9352133848188
Brie_Denr_1,Denr,230.466697220912,226.751702101753,121.728620996921,287.976151147065
Brie_Denr_2,Denr,203.868939909489,197.828744825781,206.319234960191,8.56345003407124
Brie_Denr_3,Denr,301.851645876086,271.921505748795,214.740020060607,34.4138768037088
Brie_Denr_4,Denr,149.129039378237,161.585779844162,31.20518116745,19.7779734120758
Brie_Cenpq_1,Cenpq,249.685721858843,252.63953423148,148.139265175499,62.545223582432
Brie_Cenpq_2,Cenpq,119.614108684271,119.629638116673,7.2824962230865,20.7283567491948
Brie_Cenpq_3,Cenpq,196.661805670264,212.290223463767,38.6690588700914,9.89398670603788
Brie_Cenpq_4,Cenpq,153.247401800651,163.549684350556,24.5068293830282,14.2657500567854
Brie_Memo1_1,Memo1,333.940553084061,269.243454149168,59.5296401415764,389.287014883953
Brie_Memo1_2,Memo1,144.667480087289,153.551625045281,103.35599895965,330.363247982574
Brie_Memo1_3,Memo1,134.028377162719,141.589661233614,9.38769249819049,7.99322003179983
Brie_Memo1_4,Memo1,184.306718403023,207.469730584438,239.04546796408,90.2964170263076
Brie_Lin37_1,Lin37,215.709231873929,209.969245410757,0.775525918219632,43.1574035052038
Brie_Lin37_2,Lin37,262.040809126085,264.422961269839,54.3623401935938,77.3712036414888
Brie_Lin37_3,Lin37,269.591140233844,230.143900794614,124.7907246698,228.102000908566
Brie_Lin37_4,Lin37,304.082425521561,316.912772622528,33.6931404016638,52.6612368763941
Brie_Nfyb_1,Nfyb,236.301043985998,271.028821882252,0.584144438664724,4.57184001817133
Brie_Nfyb_2,Nfyb,106.57262767996,86.4217982812979,0.392762959109816,41.6367901658134
Brie_Nfyb_3,Nfyb,178.987166940738,153.551625045281,68.7159511602119,30.0421134529613
Brie_Nfyb_4,Nfyb,182.419135626083,171.583839149437,189.477664759359,154.542330615554
Brie_Tmem199_1,Tmem199,282.461022803888,212.825833783692,6.70835178442178,226.011157566905
Brie_Tmem199_2,Tmem199,150.330228418108,168.548714003193,197.515686900665,38.5955634870325
Brie_Tmem199_3,Tmem199,111.892179142245,94.6344898534874,6.32558882531196,86.8750370126791
Brie_Tmem199_4,Tmem199,140.377519230608,165.33505208364,9.19631101863558,138.575890551954
Brie_Pum3_1,Pum3,252.946092109921,208.540951224289,1.15828887732945,9.51383337119027
Brie_Pum3_2,Pum3,130.939605345909,124.450130996001,0.01,3.81153334847611
Brie_Pum3_3,Pum3,199.064183750006,194.43654613292,235.026456893427,66.9169869331795
Brie_Pum3_4,Pum3,107.602218285563,88.9213131076164,0.392762959109816,5.71230002271416
Brie_Sinhcaf_1,Sinhcaf,135.744361505392,129.984770968564,13.5980850483985,222.019547551005
Brie_Sinhcaf_2,Sinhcaf,119.442510250003,143.017955420082,134.359798647545,45.6284001817133
Brie_Sinhcaf_3,Sinhcaf,165.430890633625,163.192610803939,267.752689897316,198.640117457877
Brie_Sinhcaf_4,Sinhcaf,199.578979052808,217.467789889712,210.912390469509,78.7017403134554
Brie_Rnf20_1,Rnf20,228.750712878239,226.394628555136,0.201381479554908,331.503707987117
Brie_Rnf20_2,Rnf20,187.910285522635,153.194551498664,10.1532184164101,331.123554652269
Brie_Rnf20_3,Rnf20,221.715177073282,207.469730584438,0.584144438664724,32.7031867968945
Brie_Rnf20_4,Rnf20,51.6611287144412,43.0373623673405,45.9415550931779,0.01
Brie_Nup107_1,Nup107,196.661805670264,128.377940008788,0.201381479554908,0.01
Brie_Nup107_2,Nup107,157.194165788798,157.657970831376,0.584144438664724,4.76191668559513
Brie_Nup107_3,Nup107,181.217946586212,184.438486827646,5.94282586620215,269.72879107438
Brie_Nup107_4,Nup107,171.436835832979,166.406272723491,121.728620996921,51.5207768718513
Brie_Hspa13_1,Hspa13,184.649915271557,174.083353975755,23.9326849443635,53.8016968809369
Brie_Hspa13_2,Hspa13,161.140929776944,171.583839149437,0.775525918219632,10.8443700431569
Brie_Hspa13_3,Hspa13,222.401570810351,207.29119381113,6.32558882531196,7.61306669695222
Brie_Hspa13_4,Hspa13,199.40738061854,158.729191471227,16.8515702008319,0.580230002271416
Brie_Dnlz_1,Dnlz,169.377654621772,146.76722765956,0.584144438664724,144.278190574668
Brie_Dnlz_2,Dnlz,203.354144606687,175.333111388914,49.0036587660564,256.23334768729
Brie_Dnlz_3,Dnlz,152.389409629315,176.939942348691,79.050551056177,370.849578143844
Brie_Dnlz_4,Dnlz,240.247807974145,284.776153427004,0.775525918219632,636.576759202324
Brie_Ncapd2_1,Ncapd2,254.318879584059,242.462938152898,92.2558731454656,52.4711602089703
Brie_Ncapd2_2,Ncapd2,233.898665906257,188.187759067124,0.392762959109816,453.5329284732
Brie_Ncapd2_3,Ncapd2,128.880424134702,154.979919231749,29.4827478514558,228.29207757599
Brie_Ncapd2_4,Ncapd2,154.791787709056,161.407243070854,1.15828887732945,0.200076667423805
Brie_Lfng_1,Lfng,255.691667058197,307.271786863871,54.1709587140389,383.584714861239
Brie_Lfng_2,Lfng,262.727202863154,260.673689030361,77.7108806992926,246.349360981252
Brie_Lfng_3,Lfng,274.739093261861,258.53124775066,1.15828887732945,425.211505027053
Brie_Lfng_4,Lfng,159.424945434272,143.375028966699,10.7273628550748,56.2726935574464
Brie_Med25_1,Med25,223.259562981688,246.212210392376,52.6399068775997,98.4697137255312
Brie_Med25_2,Med25,259.466832612077,299.059095291682,281.340774945715,59.3139202362273
Brie_Med25_3,Med25,174.52560764979,203.720458344961,24.6982108625831,191.417204095772
Brie_Med25_4,Med25,146.898259732763,149.266742485878,200.386409093989,115.006383791402
Brie_H3c2_1,H3c2,256.378060795266,256.567343244267,40.3914921860856,0.200076667423805
Brie_H3c2_2,H3c2,182.247537191816,180.153604268243,5.94282586620215,0.01
Brie_H3c2_3,H3c2,165.945685936427,176.404332028765,0.584144438664724,0.960383337119027
Brie_H3c2_4,H3c2,194.602624459057,188.187759067124,735.489025929511,482.994811923889
Brie_Nol11_1,Nol11,114.809352524788,109.631578811399,11.6842702528494,26.6207334393328
Brie_Nol11_2,Nol11,119.785707118538,129.806234195255,40.9656366247503,2.29092000908566
Brie_Nol11_3,Nol11,195.117419761859,178.18969976185,42.3053069816347,41.6367901658134
Brie_Nol11_4,Nol11,238.360225197205,255.853196151033,32.5448515243343,111.775080445198
Brie_Vps33a_1,Vps33a,149.129039378237,182.83165586787,99.9111323276619,36.8848734802182
Brie_Vps33a_2,Vps33a,153.075803366384,134.269653527967,0.392762959109816,41.4467134983896
Brie_Vps33a_3,Vps33a,315.236323748932,270.850285108944,1.15828887732945,562.066705572193
Brie_Vps33a_4,Vps33a,350.757199642252,427.784108847086,8.43078510041595,6.28253002498558
Brie_Vps29_1,Vps29,245.910556304964,211.040466050608,0.392762959109816,21.6787400863138
Brie_Vps29_2,Vps29,205.756522686428,225.144871141977,83.4523250859399,54.3719268832083
Brie_Vps29_3,Vps29,312.319150366388,295.845433372129,21.2533442305948,34.223800136285
Brie_Vps29_4,Vps29,235.786248683197,183.545802961104,13.7894665279534,94.2880270422075
Brie_Med15_1,Med15,220.857184901946,218.181936982946,25.6551182603577,256.423424354713
Brie_Med15_2,Med15,213.13525535992,245.855136845759,413.585377318156,138.005660549683
Brie_Med15_3,Med15,191.170655773712,162.299926937396,121.728620996921,276.571551101637
Brie_Med15_4,Med15,193.573033853454,197.828744825781,223.734949599687,374.65111149232
Brie_Kif20a_1,Kif20a,170.578843661643,172.29798624267,79.4333140152868,33.0833401317421
Brie_Kif20a_2,Kif20a,174.868804518324,203.898995118269,0.392762959109816,10.8443700431569
Brie_Kif20a_3,Kif20a,181.389545020479,219.788767942723,0.392762959109816,4.76191668559513
Brie_Kif20a_4,Kif20a,199.578979052808,264.065887723222,0.392762959109816,0.01
Brie_Med29_1,Med29,327.934607884708,348.335244724819,51.1088550411604,193.888200772281
Brie_Med29_2,Med29,183.277127797419,156.0511398716,7.66525918219632,9.13368003634266
Brie_Med29_3,Med29,171.951631135781,214.075591196852,107.183628550748,18.8275900749567
Brie_Med29_4,Med29,241.448997014016,238.535129140112,4.02901107065307,465.697835188323
Brie_Ccdc59_1,Ccdc59,151.531417457979,115.34475555727,0.775525918219632,68.43760027257
Brie_Ccdc59_2,Ccdc59,158.738551697203,154.979919231749,285.359786016368,104.552167083093
Brie_Ccdc59_3,Ccdc59,214.336444399791,262.994667083372,44.2191217771837,392.138164895311
Brie_Ccdc59_4,Ccdc59,162.856914119617,177.475552668616,0.392762959109816,98.0895603906836
Brie_Mrps2_1,Mrps2,260.49642321768,255.317585831107,60.6779290189058,87.2551903475267
Brie_Mrps2_2,Mrps2,148.785842509703,206.934120264513,5.75144438664724,35.5543368082516
Brie_Mrps2_3,Mrps2,295.502503808198,294.238602412353,1.54105183643926,166.897313998101
Brie_Mrps2_4,Mrps2,143.294692613151,146.945764432868,0.392762959109816,88.5857270194933
Brie_Zfp131_1,Zfp131,151.703015892246,182.653119094561,0.201381479554908,48.859703527918
Brie_Zfp131_2,Zfp131,284.691802449362,283.883469560462,104.695669316535,935.187203725123
Brie_Zfp131_3,Zfp131,151.531417457979,146.588690886251,38.2862959109816,982.326217246226
Brie_Zfp131_4,Zfp131,204.898530515092,234.0717098074,0.01,29.8520367855374
Brie_Cir1_1,Cir1,163.714906290953,177.832626215233,37.1380070336521,107.023163759602
Brie_Cir1_2,Cir1,107.602218285563,137.840388994136,95.8921212570089,33.8436468014374
Brie_Cir1_3,Cir1,353.33117615626,284.419079880387,155.411761398585,21.1085100840424
Brie_Cir1_4,Cir1,176.927985729531,169.97700818966,126.513157985794,103.791860413398
Brie_Mfap1b_1,Mfap1b,139.691125493539,122.486226489608,0.96690739777454,41.8268668332372
Brie_Mfap1b_2,Mfap1b,135.401164636857,120.879395529832,20.1050553532653,20.1581267469234
Brie_Mfap1b_3,Mfap1b,118.4129196444,103.382791745602,23.1671590261439,0.01
Brie_Mfap1b_4,Mfap1b,204.555333646558,204.97021575812,12.6411776506239,7.0428366946808
Brie_Gfm1_1,Gfm1,156.679370485996,157.122360511451,0.201381479554908,10.0840633734617
Brie_Gfm1_2,Gfm1,213.478452228454,253.710754871331,86.5144287588184,105.122397085364
Brie_Gfm1_3,Gfm1,239.561414237076,228.894143381454,11.6842702528494,29.0917301158422
Brie_Gfm1_4,Gfm1,107.087422982762,98.5622988662736,11.3015072937396,0.01
Brie_Mrpl3_1,Mrpl3,249.342524990309,203.006311251727,103.930143398315,418.558821667219
Brie_Mrpl3_2,Mrpl3,107.259021417029,113.737924597493,1.15828887732945,376.741954833982
Brie_Mrpl3_3,Mrpl3,233.040673734921,222.109745995733,165.937742774105,635.056145862934
Brie_Mrpl3_4,Mrpl3,146.211865995694,167.298956590033,0.392762959109816,18.2573600726853
Brie_Sfswap_1,Sfswap,93.8743435441838,87.1359453745318,0.201381479554908,0.390153334847611
Brie_Sfswap_2,Sfswap,258.437242006473,243.534158792749,0.01,21.2985867514662
Brie_Sfswap_3,Sfswap,144.839078521556,127.306719368937,96.6576471752285,7.99322003179983
Brie_Sfswap_4,Sfswap,235.443051814662,242.284401379589,121.345858037812,7.99322003179983
Brie_Rpap3_1,Rpap3,173.496017044186,193.722399039686,102.97323600054,86.3048070104077
Brie_Rpap3_2,Rpap3,180.874749717678,218.003400209638,188.329375882029,359.825131433264
Brie_Rpap3_3,Rpap3,215.537633439661,153.194551498664,4.98591846842761,342.528154697697
Brie_Rpap3_4,Rpap3,149.129039378237,132.305749021574,0.584144438664724,112.345310447469
Brie_Ctnnbl1_1,Ctnnbl1,277.656266644405,275.849314761581,643.81729722271,257.75396102668
Brie_Ctnnbl1_2,Ctnnbl1,132.312392820047,147.659911526102,0.584144438664724,48.859703527918
Brie_Ctnnbl1_3,Ctnnbl1,219.484397427808,228.537069834837,1.15828887732945,87.0651136801029
Brie_Ctnnbl1_4,Ctnnbl1,112.750171313581,107.310600758389,71.7780548330905,7.61306669695222
Brie_Lage3_1,Lage3,261.869210691818,324.768390648101,58.5727327438018,143.137730570125
Brie_Lage3_2,Lage3,254.147281149792,306.022029450712,194.836346186896,229.432537580533
Brie_Lage3_3,Lage3,272.508313616387,192.294104853219,9.00492953908067,106.643010424755
Brie_Lage3_4,Lage3,247.626540647637,298.344948198448,17.9998590781613,862.958070104076
Brie_Usp10_1,Usp10,214.336444399791,220.324378262648,71.3952918739807,120.89876048154
Brie_Usp10_2,Usp10,198.20619157867,197.114597732547,0.01,622.130932478115
Brie_Usp10_3,Usp10,167.490071844832,154.622845685132,242.681716075623,466.077988523171
Brie_Usp10_4,Usp10,151.531417457979,173.190670109213,0.392762959109816,15.4062100613282
Brie_Usb1_1,Usb1,226.176736364231,186.223854560731,22.4016331079242,44.1077868423229
Brie_Usb1_2,Usb1,269.076344931042,221.752672449116,82.6867991677202,197.119504118486
Brie_Usb1_3,Usb1,187.5670886541,168.727250776501,13.9808480075083,120.518607146693
Brie_Usb1_4,Usb1,216.738822479532,236.39268786041,31.3965626470049,140.476657226192
Brie_Mau2_1,Mau2,282.461022803888,288.882499213099,56.4675364686978,139.906427223921
Brie_Mau2_2,Mau2,199.578979052808,239.606349779962,121.345858037812,74.9002069649793
Brie_Mau2_3,Mau2,203.697341475221,241.927327832972,7.47387770264141,8.75352670149505
Brie_Mau2_4,Mau2,241.963792316817,230.143900794614,0.96690739777454,0.770306669695222
Brie_Uba5_1,Uba5,152.732606497849,119.98671166329,205.170946082861,5.71230002271416
Brie_Uba5_2,Uba5,216.567224045265,197.650208052473,11.1101258141847,5.71230002271416
Brie_Uba5_3,Uba5,219.484397427808,183.367266187795,3.64624811154325,1.15046000454283
Brie_Uba5_4,Uba5,250.372115595912,276.02785153489,157.134194714579,72.9994402907413
Brie_Vma21_1,Vma21,113.093368182115,162.835537257322,19.7222923941555,454.483311810319
Brie_Vma21_2,Vma21,73.9689251691832,79.1017905756508,0.392762959109816,35.7444134756754
Brie_Vma21_3,Vma21,112.406974445046,139.090146407296,0.392762959109816,0.200076667423805
Brie_Vma21_4,Vma21,180.359954414876,203.720458344961,4.60315550931779,124.510217162593
Brie_Wdr48_1,Wdr48,198.720986881471,201.578017065259,165.36359833544,226.011157566905
Brie_Wdr48_2,Wdr48,166.288882804962,180.867751361477,81.155747331281,431.864188386886
Brie_Wdr48_3,Wdr48,118.584518078667,126.056961955778,37.9035329518718,61.2146869104653
Brie_Wdr48_4,Wdr48,220.513988033412,224.966334368668,90.9162027885813,120.328530479269
Brie_Mrps16_1,Mrps16,293.443322596991,246.569283938993,28.3344589741264,187.235517412448
Brie_Mrps16_2,Mrps16,264.443187205827,224.073650502126,28.9086034127911,77.181126974065
Brie_Mrps16_3,Mrps16,150.84502372091,143.732102513316,0.392762959109816,24.3398134302471
Brie_Mrps16_4,Mrps16,194.43102602479,167.298956590033,54.9364846322586,537.926968809369
Brie_Pfdn4_1,Pfdn4,240.247807974145,201.756553838567,165.172216855886,8.56345003407124
Brie_Pfdn4_2,Pfdn4,136.773952110995,94.2774163068704,0.392762959109816,15.9764400635997
Brie_Pfdn4_3,Pfdn4,238.70342206574,222.109745995733,20.6791997919301,279.992931115265
Brie_Pfdn4_4,Pfdn4,160.626134474143,156.408213418217,34.6500477994383,42.3970968355086
Brie_Timm22_1,Timm22,195.975411933195,169.084324323118,25.6551182603577,38.0253334847611
Brie_Timm22_2,Timm22,217.253617782334,222.823893088966,0.96690739777454,403.922918275586
Brie_Timm22_3,Timm22,170.578843661643,198.00728159909,69.4814770784316,24.9100434325185
Brie_Timm22_4,Timm22,139.00473175647,127.485256142245,0.775525918219632,3.4313800136285
Brie_Pop7_1,Pop7,338.573710809277,318.341066808996,396.743807117324,594.379739034239
Brie_Pop7_2,Pop7,235.614650248929,251.56831359163,35.7983366767678,16.7367467332949
Brie_Pop7_3,Pop7,194.259427590523,199.435575785557,106.609484112084,47.1490135211037
Brie_Pop7_4,Pop7,149.643834681039,149.980889579112,51.4916180002702,3.6214566810523
Brie_Nhlrc2_1,Nhlrc2,328.106206318975,302.80836753116,4.7945369888727,18.8275900749567
Brie_Nhlrc2_2,Nhlrc2,230.809894089446,202.64923770511,0.96690739777454,0.01
Brie_Nhlrc2_3,Nhlrc2,66.7617909299588,94.098879533562,89.0023879930322,3.4313800136285
Brie_Nhlrc2_4,Nhlrc2,256.721257663801,249.604409085236,17.8084775986064,11.6046767128521
Brie_Ube2d2a_1,Ube2d2a,126.992841357762,127.485256142245,90.1506768703616,140.476657226192
Brie_Ube2d2a_2,Ube2d2a,213.993247531256,174.797501068989,172.636094558527,316.867804595484
Brie_Ube2d2a_3,Ube2d2a,175.898395123928,129.449160648638,173.784383435856,65.3963735937891
Brie_Ube2d2a_4,Ube2d2a,198.720986881471,219.431694396106,43.2622143794092,168.227850670068
Brie_Setd5_1,Setd5,181.046348151945,205.862899624662,27.1861700967969,15.596286728752
Brie_Setd5_2,Setd5,147.413055035565,170.155544962969,61.6348364166804,93.5277203725123
Brie_Setd5_3,Setd5,200.093774355609,148.731132165953,84.2178510041595,116.146843795945
Brie_Setd5_4,Setd5,200.608569658411,194.793619679537,21.6361071897046,39.5459468241515
Brie_Spen_1,Spen,185.679505877161,250.140019405162,16.660188721277,488.126881944332
Brie_Spen_2,Spen,197.691396275868,182.83165586787,25.6551182603577,111.39492711035
Brie_Spen_3,Spen,234.585059643326,259.423931617202,173.401620476747,162.905703982201
Brie_Spen_4,Spen,188.253482391169,160.69309597762,181.056879658943,65.9666035960605
Brie_Zkscan3_1,Zkscan3,230.295098786645,264.601498043148,90.9162027885813,151.691180604197
Brie_Zkscan3_2,Zkscan3,153.075803366384,153.194551498664,17.2343331599417,33.4634934665897
Brie_Zkscan3_3,Zkscan3,200.608569658411,208.719487997598,428.513132723439,339.867081353764
Brie_Zkscan3_4,Zkscan3,171.436835832979,148.374058619336,14.3636109666181,180.962987387463
Brie_Tfam_1,Tfam,118.927714947202,116.41597619712,8.04802214130613,30.9924967900803
Brie_Tfam_2,Tfam,177.6143794666,233.893173034091,0.584144438664724,11.2245233780045
Brie_Tfam_3,Tfam,207.472507029101,261.209299350287,57.2330623869175,138.575890551954
Brie_Tfam_4,Tfam,207.129310160566,156.408213418217,18.9567664759359,3.6214566810523
Brie_Rnf31_1,Rnf31,45.8267819493548,82.3154524952032,323.253318968239,0.200076667423805
Brie_Rnf31_2,Rnf31,201.809758698282,185.15263392088,0.584144438664724,28.1413467787232
Brie_Rnf31_3,Rnf31,271.993518313585,229.072680154763,18.5740035168261,107.783470429298
Brie_Rnf31_4,Rnf31,204.555333646558,183.367266187795,156.36866879636,209.28441083361
Brie_Vcpip1_1,Vcpip1,195.803813498928,194.615082906229,22.975777546589,316.487651260636
Brie_Vcpip1_2,Vcpip1,67.9629799698296,79.4588641222677,45.5587921340681,8.94360336891885
Brie_Vcpip1_3,Vcpip1,191.34225420798,153.194551498664,31.3965626470049,12.745136717395
Brie_Vcpip1_4,Vcpip1,149.987031549573,193.722399039686,30.8224182083402,55.3223102203274
Brie_Sgf29_1,Sgf29,185.336309008626,161.585779844162,177.803394506509,49.810086865037
Brie_Sgf29_2,Sgf29,161.827323514013,161.050169524237,8.43078510041595,60.4543802407701
Brie_Sgf29_3,Sgf29,150.330228418108,179.796530721626,44.6018847362935,0.390153334847611
Brie_Sgf29_4,Sgf29,362.08269630389,297.809337878523,26.6120256581322,53.4215435460893
Brie_Rprd1b_1,Rprd1b,231.153090957981,280.134197320984,35.9897181563227,332.454091324236
Brie_Rprd1b_2,Rprd1b,219.312798993541,208.183877677672,37.1380070336521,42.3970968355086
Brie_Rprd1b_3,Rprd1b,202.667750869618,185.509707467497,146.416831859505,0.200076667423805
Brie_Rprd1b_4,Rprd1b,287.437377397638,434.568506232808,13.0239406097337,132.87359052924
Brie_Mrps33_1,Mrps33,196.833404104532,206.219973171279,137.996046759089,28.7115767809946
Brie_Mrps33_2,Mrps33,146.040267561427,177.654089441924,159.622153948793,122.419373820931
Brie_Mrps33_3,Mrps33,127.336038226297,147.302837979485,0.392762959109816,12.3649833825474
Brie_Mrps33_4,Mrps33,183.105529363152,216.396569249862,0.584144438664724,63.1154535847034
Brie_Sephs1_1,Sephs1,151.874614326513,137.483315447519,114.26474329428,179.062220713225
Brie_Sephs1_2,Sephs1,187.052293351299,217.289253116404,340.286270648626,27.1909634416042
Brie_Sephs1_3,Sephs1,183.105529363152,132.662822568191,51.87438095938,197.689734120758
Brie_Sephs1_4,Sephs1,199.922175921342,215.503885383319,74.840158505969,34.9841068059802
Brie_Arnt_1,Arnt,232.697476866386,245.319526525833,201.726079450873,198.450040790453
Brie_Arnt_2,Arnt,274.22429795906,243.177085246132,195.219109146006,364.196894784011
Brie_Arnt_3,Arnt,149.987031549573,181.224824908094,325.549896722898,161.955320645082
Brie_Arnt_4,Arnt,186.537498048497,200.3282596521,53.2140513162644,72.6192869558937
Brie_Mbip_1,Mbip,197.519797841601,262.816130310063,120.388950640037,532.224668786655
Brie_Mbip_2,Mbip,192.028647945049,219.788767942723,82.4954176881653,143.517883904973
Brie_Mbip_3,Mbip,203.354144606687,210.683392503991,574.537201623834,0.580230002271416
Brie_Mbip_4,Mbip,218.454806822205,234.250246580708,44.7932662158485,203.201957476048
Brie_Ripk1_1,Ripk1,255.005273321128,249.782945858545,80.1988399335064,212.705790847238
Brie_Ripk1_2,Ripk1,177.957576335134,176.047258482148,106.800865591639,404.683224945282
Brie_Ripk1_3,Ripk1,232.869075300653,237.999518820186,99.5283693685521,273.340247755432
Brie_Ripk1_4,Ripk1,210.732877280179,188.366295840432,9.19631101863558,269.158561072108
Brie_Anapc13_1,Anapc13,209.531688240308,172.655059789287,123.833817272025,148.459877257992
Brie_Anapc13_2,Anapc13,171.265237398712,195.507766772771,65.0797030486687,26.2405801044851
Brie_Anapc13_3,Anapc13,349.727609036648,322.625949368399,141.249531911522,569.669772269145
Brie_Anapc13_4,Anapc13,81.519256276942,81.2442318553524,0.392762959109816,14.645903391633
Brie_H2ac4_1,H2ac4,206.957711726299,196.578987412622,10.1532184164101,4.57184001817133
Brie_H2ac4_2,H2ac4,222.744767678886,194.079472586303,9.38769249819049,146.178957248906
Brie_H2ac4_3,H2ac4,171.436835832979,165.870662403566,0.201381479554908,7.80314336437602
Brie_H2ac4_4,H2ac4,180.016757546341,164.085294670481,6.13420734575705,0.01
Brie_Nsmce2_1,Nsmce2,230.295098786645,206.398509944588,8.62216657997086,269.158561072108
Brie_Nsmce2_2,Nsmce2,164.229701593755,193.186788719761,163.449783539891,65.7765269286367
Brie_Nsmce2_3,Nsmce2,205.241727383627,205.327289304737,5.17729994798251,29.4718834506898
Brie_Nsmce2_4,Nsmce2,252.088099938585,228.001459514912,0.775525918219632,92.3872603679694
Brie_Cdk6_1,Cdk6,217.940011519403,210.147782184065,156.942813235024,148.459877257992
Brie_Cdk6_2,Cdk6,253.63248584699,228.894143381454,517.122757757361,240.647060958538
Brie_Cdk6_3,Cdk6,99.5370918750029,129.27062387533,0.392762959109816,63.1154535847034
Brie_Cdk6_4,Cdk6,227.206326969834,226.751702101753,153.497946603036,176.401147369291
Brie_Ska2_1,Ska2,183.448726231686,185.15263392088,4.60315550931779,131.35297718985
Brie_Ska2_2,Ska2,193.401435419187,181.760435228019,0.584144438664724,4.38176335074752
Brie_Ska2_3,Ska2,165.430890633625,170.155544962969,4.02901107065307,24.1497367628233
Brie_Ska2_4,Ska2,93.0163513728475,90.5281440673926,0.392762959109816,11.7947533802759
Brie_Mcrs1_1,Mcrs1,153.93379553772,186.938001653965,0.392762959109816,7.2329133621046
Brie_Mcrs1_2,Mcrs1,129.566817871771,167.120419816725,0.01,17.8772067378377
Brie_Mcrs1_3,Mcrs1,142.09350357328,111.595483317792,307.751419124292,0.01
Brie_Mcrs1_4,Mcrs1,154.105393971987,198.899965465632,30.8224182083402,391.187781558191
Brie_Thoc6_1,Thoc6,313.691937840526,292.810308225885,117.135465487604,150.740797267078
Brie_Thoc6_2,Thoc6,216.22402717673,212.290223463767,87.279954677038,118.427763805031
Brie_Thoc6_3,Thoc6,202.496152435351,204.434605438194,76.5625918219632,25.8604267696375
Brie_Thoc6_4,Thoc6,132.483991254314,142.482345100156,65.2710845282236,21.1085100840424
Brie_Tuba1a_1,Tuba1a,187.395490219833,146.410154112943,588.125286672232,20.3482034143472
Brie_Tuba1a_2,Tuba1a,189.45467143104,174.261890749064,4.7945369888727,0.01
Brie_Tuba1a_3,Tuba1a,172.981221741384,155.872603098291,3.83762959109816,0.200076667423805
Brie_Tuba1a_4,Tuba1a,133.170384991383,107.489137531697,7.85664066175122,0.200076667423805
Brie_Ndufb4_1,Ndufb4,191.685451076514,240.677570419813,53.7881957549291,23.7695834279757
Brie_Ndufb4_2,Ndufb4,218.454806822205,233.357562714166,5.75144438664724,51.1406235370036
Brie_Ndufb4_3,Ndufb4,162.170520382548,156.586750191525,402.676632983526,373.13049815293
Brie_Ndufb4_4,Ndufb4,159.081748565737,168.548714003193,150.244461450603,110.254467105807
Brie_Sprtn_1,Sprtn,204.898530515092,210.147782184065,4.41177402976288,10.6542933757331
Brie_Sprtn_2,Sprtn,143.294692613151,163.728221123864,0.392762959109816,4.95199335301894
Brie_Sprtn_3,Sprtn,159.939740737074,201.578017065259,0.392762959109816,4.19168668332372
Brie_Sprtn_4,Sprtn,258.265643572206,217.824863436329,30.6310367287853,20.538280081771
Brie_Gtf3c3_1,Gtf3c3,116.182139998926,136.412094807669,4.7945369888727,0.01
Brie_Gtf3c3_2,Gtf3c3,233.555469037722,216.396569249862,18.765384996381,102.841477076279
Brie_Gtf3c3_3,Gtf3c3,256.206462360999,260.316615483745,8.81354805952576,0.01
Brie_Gtf3c3_4,Gtf3c3,193.916230721988,165.692125630257,0.775525918219632,21.8688167537376
Brie_Cfap20_1,Cfap20,293.614921031259,295.845433372129,201.343316491763,141.807193898159
Brie_Cfap20_2,Cfap20,287.26577896337,287.454205026631,63.7400326917843,131.35297718985
Brie_Cfap20_3,Cfap20,160.626134474143,164.085294670481,10.1532184164101,1.72069000681425
Brie_Cfap20_4,Cfap20,87.3536030420284,86.064724734681,100.293895286772,18.4474367401091
Brie_Rbm18_1,Rbm18,152.217811195048,158.015044377993,17.0429516803868,104.932320417941
Brie_Rbm18_2,Rbm18,140.20592079634,107.13206398508,20.4878183123752,20.7283567491948
Brie_Rbm18_3,Rbm18,276.455077604534,250.140019405162,105.461195234754,120.708683814116
Brie_Rbm18_4,Rbm18,122.702880501081,147.659911526102,271.963082447524,0.01
Brie_Eral1_1,Eral1,160.79773290841,204.97021575812,19.9136738737104,98.4697137255312
Brie_Eral1_2,Eral1,263.413596600223,240.499033646505,75.4143029446337,60.8345335756177
Brie_Eral1_3,Eral1,214.851239702592,193.186788719761,55.3192475913684,29.8520367855374
Brie_Eral1_4,Eral1,238.188626762938,218.539010529563,11.6842702528494,56.652846892294
Brie_Brpf1_1,Brpf1,221.543578639015,214.432664743469,51.6829994798251,101.130787069464
Brie_Brpf1_2,Brpf1,296.017299111,279.241513454442,130.149406097337,78.5116636460316
Brie_Brpf1_3,Brpf1,228.407516009705,199.435575785557,45.750173613623,189.32636075411
Brie_Brpf1_4,Brpf1,223.08796454742,220.324378262648,58.9554957029116,204.152340813167
Brie_B4galt7_1,B4galt7,230.295098786645,245.855136845759,102.016328602766,118.047610470183
Brie_B4galt7_2,B4galt7,300.822055270483,310.128375236807,66.4193734055531,57.4131535619892
Brie_B4galt7_3,B4galt7,141.578708270478,133.376969661425,28.9086034127911,26.8108101067566
Brie_B4galt7_4,B4galt7,268.218352759706,272.635652842029,54.3623401935938,218.218014202529
Brie_Pdcd2l_1,Pdcd2l,239.561414237076,254.781975511182,13.9808480075083,8.75352670149505
Brie_Pdcd2l_2,Pdcd2l,224.460752021558,202.64923770511,8.23940362086104,4.19168668332372
Brie_Pdcd2l_3,Pdcd2l,169.034457753238,152.480404405431,18.5740035168261,548.95141551995
Brie_Pdcd2l_4,Pdcd2l,210.389680411644,169.619934643043,3.26348515243343,491.168108623113
Brie_Smc6_1,Smc6,159.768142302806,179.082383628392,0.201381479554908,27.381040109028
Brie_Smc6_2,Smc6,177.957576335134,186.223854560731,125.364869108465,45.0581701794419
Brie_Smc6_3,Smc6,159.081748565737,164.799441763715,107.183628550748,284.554771133437
Brie_Smc6_4,Smc6,219.141200559274,212.111686690458,15.1291368848377,3.6214566810523
Brie_Eefsec_1,Eefsec,136.259156808194,139.447219953913,0.584144438664724,0.01
Brie_Eefsec_2,Eefsec,165.945685936427,154.444308911824,4.60315550931779,3.24130334620469
Brie_Eefsec_3,Eefsec,196.490207235997,215.860958929936,1.92381479554908,7.61306669695222
Brie_Eefsec_4,Eefsec,228.06431914117,237.820982046878,26.8034071376871,29.0917301158422
Brie_Adgrl2_1,Adgrl2,113.264966616383,123.378910356151,175.88957971096,413.236674979353
Brie_Adgrl2_2,Adgrl2,246.082154739231,266.208329002924,436.35977338519,236.465374275214
Brie_Adgrl2_3,Adgrl2,211.419271017248,201.578017065259,127.278683904014,226.011157566905
Brie_Adgrl2_4,Adgrl2,209.703286674575,230.322437567922,3.07210367287853,160.434707305692
Brie_Ythdc1_1,Ythdc1,200.265372789876,211.040466050608,0.584144438664724,277.331857771332
Brie_Ythdc1_2,Ythdc1,68.4777752726313,81.6013054019693,0.01,40.8764834961182
Brie_Ythdc1_3,Ythdc1,205.413325817894,188.723369387049,54.3623401935938,111.204850442926
Brie_Ythdc1_4,Ythdc1,132.998786557116,143.375028966699,124.982106149355,332.454091324236
Brie_Mocs3_1,Mocs3,245.738957870697,237.463908500261,10.5359813755199,87.0651136801029
Brie_Mocs3_2,Mocs3,222.229972376084,212.468760237075,6.13420734575705,5.33214668786655
Brie_Mocs3_3,Mocs3,206.099719554963,235.857077540485,39.0518218292012,18.4474367401091
Brie_Mocs3_4,Mocs3,85.4660202650887,104.989622705378,0.392762959109816,2.10084334166186
Brie_Arfrp1_1,Arfrp1,172.981221741384,201.042406745334,322.296411570465,0.01
Brie_Arfrp1_2,Arfrp1,154.276992406254,156.765286964834,0.201381479554908,316.297574593212
Brie_Arfrp1_3,Arfrp1,186.880694917031,197.114597732547,0.775525918219632,5.14207002044275
Brie_Arfrp1_4,Arfrp1,133.685180294185,153.016014725356,0.775525918219632,12.5550600499712
Brie_Mrps36_1,Mrps36,167.146874976298,188.544832613741,555.781816627453,388.716784881682
Brie_Mrps36_2,Mrps36,180.188355980609,145.160396699783,158.282483591909,0.01
Brie_Mrps36_3,Mrps36,186.022702745695,165.156515310332,10.7273628550748,32.1329567946231
Brie_Mrps36_4,Mrps36,199.40738061854,198.542891919015,0.392762959109816,68.0574469377223
Brie_Terf1_1,Terf1,174.182410781255,141.232587686997,0.96690739777454,7.2329133621046
Brie_Terf1_2,Terf1,221.200381770481,209.790708637448,293.206426678119,27.7611934438756
Brie_Terf1_3,Terf1,205.070128949359,175.511648162223,0.96690739777454,11.4146000454283
Brie_Terf1_4,Terf1,144.152684784487,119.094027796747,0.392762959109816,29.6619601181136
Brie_Nelfa_1,Nelfa,204.040538343756,186.759464880656,1.92381479554908,10.4642167083093
Brie_Nelfa_2,Nelfa,171.780032701514,164.263831443789,228.13672362945,347.470148050716
Brie_Nelfa_3,Nelfa,182.762332494617,201.756553838567,55.8933920300331,95.4284870467503
Brie_Nelfa_4,Nelfa,279.20065255281,226.751702101753,45.9415550931779,45.0581701794419
Brie_Pnkp_1,Pnkp,264.786384074361,214.789738290085,7.66525918219632,0.200076667423805
Brie_Pnkp_2,Pnkp,262.38400599462,236.928298180335,47.0898439705073,10.4642167083093
Brie_Pnkp_3,Pnkp,236.129445551731,181.224824908094,39.2432033087561,8.94360336891885
Brie_Pnkp_4,Pnkp,147.413055035565,134.983800621201,0.96690739777454,6.09245335756177
Brie_Polr3d_1,Polr3d,184.821513705824,141.411124460306,0.775525918219632,14.645903391633
Brie_Polr3d_2,Polr3d,194.945821327592,205.148752531428,106.418102632529,375.791571496863
Brie_Polr3d_3,Polr3d,279.372250987077,216.57510602317,75.9884473832985,49.2398568627656
Brie_Polr3d_4,Polr3d,102.282666823279,119.094027796747,11.8756517324043,68.0574469377223
Brie_Zfp574_1,Zfp574,167.146874976298,180.867751361477,19.9136738737104,17.8772067378377
Brie_Zfp574_2,Zfp574,243.67977665949,248.176114898769,2.88072219332362,50.0001635324608
Brie_Zfp574_3,Zfp574,190.312663602376,185.331170694188,89.5765324316969,93.7177970399361
Brie_Zfp574_4,Zfp574,197.862994710135,188.723369387049,427.556225325664,105.692627087636
Brie_Ncoa2_1,Ncoa2,218.798003690739,254.424901964565,107.566391509858,183.624060731396
Brie_Ncoa2_2,Ncoa2,87.3536030420284,62.1407971113464,57.6158253460273,526.902522098788
Brie_Ncoa2_3,Ncoa2,222.573169244619,223.895113728817,181.439642618053,293.678451169779
Brie_Ncoa2_4,Ncoa2,228.407516009705,197.828744825781,396.935188596879,192.367587432891
Brie_Chmp7_1,Chmp7,193.916230721988,216.57510602317,6.51697030486687,49.6200101976132
Brie_Chmp7_2,Chmp7,200.436971224144,155.158456005058,5.75144438664724,14.645903391633
Brie_Chmp7_3,Chmp7,182.762332494617,187.295075200582,217.419360774375,97.3292537209884
Brie_Chmp7_4,Chmp7,160.79773290841,193.722399039686,4.22039255020797,0.01
Brie_Pinx1_1,Pinx1,252.259698372852,265.315645136382,19.5309109146006,247.869974320642
Brie_Pinx1_2,Pinx1,180.70315128341,199.257039012249,26.0378812194675,14.0756733893616
Brie_Pinx1_3,Pinx1,129.052022568969,123.557447129459,64.1227956508942,10.4642167083093
Brie_Pinx1_4,Pinx1,176.584788860997,193.722399039686,557.121486984337,172.789690688239
Brie_Tmem135_1,Tmem135,265.47277781143,244.605379432599,225.074619956572,68.6276769399937
Brie_Tmem135_2,Tmem135,182.247537191816,206.934120264513,122.494146915141,386.62594154002
Brie_Tmem135_3,Tmem135,167.490071844832,181.046288134785,244.404149391617,304.70289788036
Brie_Tmem135_4,Tmem135,148.442645641168,111.238409771175,31.5879441265598,70.338366946808
Brie_Sirt6_1,Sirt6,219.827594296343,167.834566909959,50.1519476433859,60.0742269059225
Brie_Sirt6_2,Sirt6,281.259833764017,272.992726388646,94.7438323796794,177.541607373834
Brie_Sirt6_3,Sirt6,240.934201711214,308.521544277031,157.134194714579,11.0344467105807
Brie_Sirt6_4,Sirt6,193.744632287721,208.005340904364,37.329388513207,24.3398134302471
Brie_Rps27rt_1,Rps27rt,125.27685701509,112.131093637717,0.201381479554908,0.01
Brie_Rps27rt_2,Rps27rt,135.915959939659,120.522321983215,36.1810996358776,0.01
Brie_Rps27rt_3,Rps27rt,163.543307856686,172.655059789287,10.344599895965,3.4313800136285
Brie_Rps27rt_4,Rps27rt,178.643970072203,158.550654697918,9.00492953908067,51.5207768718513
Brie_Kifc1_1,Kifc1,210.389680411644,248.533188445386,280.192486068385,124.700293830016
Brie_Kifc1_2,Kifc1,199.40738061854,206.398509944588,0.392762959109816,7.99322003179983
Brie_Kifc1_3,Kifc1,269.934337102379,255.496122604416,332.63101146643,38.9757168218801
Brie_Kifc1_4,Kifc1,191.685451076514,179.617993948318,210.912390469509,4.38176335074752
Brie_Orc4_1,Orc4,257.064454532335,270.493211562327,131.489076454222,16.3565933984473
Brie_Orc4_2,Orc4,155.134984577591,111.416946544483,0.201381479554908,496.49025531098
Brie_Orc4_3,Orc4,176.584788860997,146.231617339634,34.8414292789932,13.695520054514
Brie_Orc4_4,Orc4,162.68531568535,144.981859926475,0.775525918219632,0.200076667423805
Brie_Trmt5_1,Trmt5,149.300637812504,154.801382458441,12.2584146915141,463.606991846661
Brie_Trmt5_2,Trmt5,241.963792316817,240.499033646505,144.69439854351,18.2573600726853
Brie_Trmt5_3,Trmt5,258.952037309275,191.579957759985,13.9808480075083,111.775080445198
Brie_Trmt5_4,Trmt5,147.06985816703,125.521351635852,35.415573717658,3.6214566810523
Brie_Gtf3c5_1,Gtf3c5,186.537498048497,228.715606608146,0.201381479554908,0.200076667423805
Brie_Gtf3c5_2,Gtf3c5,163.028512553884,225.144871141977,120.197569160482,72.6192869558937
Brie_Gtf3c5_3,Gtf3c5,139.347928625004,148.374058619336,0.775525918219632,3.81153334847611
Brie_Gtf3c5_4,Gtf3c5,150.673425286642,165.156515310332,6.89973326397669,0.01
Brie_Rapgef1_1,Rapgef1,133.685180294185,114.630608464036,15.7032813235024,8.94360336891885
Brie_Rapgef1_2,Rapgef1,146.898259732763,136.769168354286,52.065762438935,9.89398670603788
Brie_Rapgef1_3,Rapgef1,278.514258815741,212.468760237075,17.4257146394966,354.122831410549
Brie_Rapgef1_4,Rapgef1,176.241591992462,171.762375922745,185.267272209151,95.2384103793265
Brie_Cog7_1,Cog7,164.744496896557,148.016985072719,6.51697030486687,13.695520054514
Brie_Cog7_2,Cog7,227.549523838369,218.360473756255,61.0606919780156,170.508770679153
Brie_Cog7_3,Cog7,199.064183750006,256.21026969765,30.0568922901205,165.756853993558
Brie_Cog7_4,Cog7,98.6790997036667,143.017955420082,6.32558882531196,47.909320190799
Brie_Arhgef7_1,Arhgef7,180.359954414876,190.865810666751,28.7172219332362,34.4138768037088
Brie_Arhgef7_2,Arhgef7,289.496558608845,202.292164158493,77.1367362606279,56.8429235597178
Brie_Arhgef7_3,Arhgef7,307.514394206905,288.525425666482,68.1418067215472,277.521934438756
Brie_Arhgef7_4,Arhgef7,236.987437723067,188.187759067124,140.101243034193,103.221630411126
Brie_Gtf3c4_1,Gtf3c4,179.50196224354,182.296045547945,4.98591846842761,0.01
Brie_Gtf3c4_2,Gtf3c4,202.667750869618,257.995637430734,233.686786536543,77.5612803089126
Brie_Gtf3c4_3,Gtf3c4,206.957711726299,301.380073344692,0.584144438664724,0.200076667423805
Brie_Gtf3c4_4,Gtf3c4,130.768006911642,120.522321983215,39.434584788311,18.4474367401091
Brie_Cog2_1,Cog2,253.289288978456,226.216091781827,15.5118998439475,14.4558267242092
Brie_Cog2_2,Cog2,158.052157960134,157.300897284759,240.576519800519,56.652846892294
Brie_Cog2_3,Cog2,193.573033853454,245.67660007245,70.8211474353159,77.7513569763364
Brie_Cog2_4,Cog2,205.928121120696,234.607320127325,35.415573717658,0.200076667423805
Brie_Dhx36_1,Dhx36,183.620324665954,192.472641626527,175.88957971096,55.5123868877512
Brie_Dhx36_2,Dhx36,150.673425286642,135.876484487743,30.4396552492304,14.0756733893616
Brie_Dhx36_3,Dhx36,137.11714897953,104.454012385453,19.5309109146006,23.1993534257043
Brie_Dhx36_4,Dhx36,244.366170396559,256.745880017575,61.4434549371254,80.4124303202697
Brie_Zw10_1,Zw10,346.46723878557,358.333304030093,1.34967035688436,13.5054433870902
Brie_Zw10_2,Zw10,193.916230721988,196.936060959239,328.994763354887,38.4054868196087
Brie_Zw10_3,Zw10,103.827052731684,119.272564570056,5.94282586620215,0.01
Brie_Zw10_4,Zw10,300.99365370475,277.456145721357,13.4067035688436,52.4711602089703
Brie_Wdr24_1,Wdr24,140.892314533409,117.308660063663,36.9466255540972,235.705067605519
Brie_Wdr24_2,Wdr24,214.679641268325,138.018925767445,79.6246954948417,22.439046756009
Brie_Wdr24_3,Wdr24,120.986896158409,112.309630411026,371.290070336521,38.0253334847611
Brie_Wdr24_4,Wdr24,199.578979052808,152.837477952048,215.696927458381,137.815583882259
Brie_Fnbp4_1,Fnbp4,260.839620086215,259.602468390511,236.748890209421,12.3649833825474
Brie_Fnbp4_2,Fnbp4,205.928121120696,237.820982046878,39.8173477474208,108.923930433841
Brie_Fnbp4_3,Fnbp4,210.04648354311,220.324378262648,141.440913391077,605.974415747092
Brie_Fnbp4_4,Fnbp4,199.235782184273,209.790708637448,12.449796171069,96.1887937164455
Brie_Dcaf1_1,Dcaf1,192.715041682118,188.187759067124,0.775525918219632,109.684237103536
Brie_Dcaf1_2,Dcaf1,157.02256735453,158.015044377993,14.1722294870632,7.99322003179983
Brie_Dcaf1_3,Dcaf1,230.638295655179,212.111686690458,0.392762959109816,0.390153334847611
Brie_Dcaf1_4,Dcaf1,176.413190426729,153.908698591898,0.584144438664724,22.439046756009
Brie_Zc3h4_1,Zc3h4,158.395354828668,117.66573361028,113.116454416951,8.37337336664744
Brie_Zc3h4_2,Zc3h4,159.424945434272,185.688244240805,162.110113183007,272.960094420585
Brie_Zc3h4_3,Zc3h4,242.650186053886,206.577046717896,65.8452289668883,161.385090642811
Brie_Zc3h4_4,Zc3h4,162.342118816815,139.447219953913,89.1937694725871,29.0917301158422
Brie_Ltn1_1,Ltn1,242.135390751085,230.322437567922,342.965611362395,84.974270338441
Brie_Ltn1_2,Ltn1,231.667886260783,190.687273893442,274.642423161293,132.303360526969
Brie_Ltn1_3,Ltn1,148.614244075435,130.877454835106,112.925072937396,61.7849169127367
Brie_Ltn1_4,Ltn1,162.513717251082,214.432664743469,238.66270500497,23.7695834279757
Brie_Ercc1_1,Ercc1,183.963521534488,235.678540767176,31.3965626470049,16.7367467332949
Brie_Ercc1_2,Ercc1,157.708961091599,231.929268527698,85.9402843201537,326.561714634098
Brie_Ercc1_3,Ercc1,186.194301179962,208.362414450981,425.259647571005,58.5536135665321
Brie_Ercc1_4,Ercc1,127.679235094831,136.412094807669,0.392762959109816,166.517160663254
Brie_Rcc1l_1,Rcc1l,271.993518313585,237.820982046878,115.0302692125,17.4970534029901
Brie_Rcc1l_2,Rcc1l,196.661805670264,214.968275063394,0.392762959109816,0.01
Brie_Rcc1l_3,Rcc1l,183.448726231686,156.0511398716,0.775525918219632,16.9268234007187
Brie_Rcc1l_4,Rcc1l,198.892585315739,183.188729414487,173.018857517637,18.2573600726853
Brie_Med24_1,Med24,204.212136778023,213.897054423543,47.855369888727,165.946930660982
Brie_Med24_2,Med24,296.188897545267,349.406465364669,86.5144287588184,82.8834269967792
Brie_Med24_3,Med24,161.827323514013,152.123330858814,69.6728585579865,20.9184334166186
Brie_Med24_4,Med24,253.804084281257,237.642445273569,175.88957971096,43.3474801726276
Brie_Cbll1_1,Cbll1,84.0932327909507,74.8169080162476,11.8756517324043,76.4208203043698
Brie_Cbll1_2,Cbll1,156.336173617461,164.442368217098,40.9656366247503,41.8268668332372
Brie_Cbll1_3,Cbll1,213.650050662722,193.543862266378,289.187415607466,84.974270338441
Brie_Cbll1_4,Cbll1,177.271182598065,149.266742485878,77.5194992197377,57.0330002271416
Brie_Cog1_1,Cog1,120.30050242134,161.942853390779,0.775525918219632,57.2230768945654
Brie_Cog1_2,Cog1,176.927985729531,154.087235365207,0.96690739777454,60.0742269059225
Brie_Cog1_3,Cog1,221.715177073282,183.010192641178,118.475135844488,195.408814111672
Brie_Cog1_4,Cog1,188.253482391169,196.043377092696,8.23940362086104,10.2741400408855
Brie_Bptf_1,Bptf,182.762332494617,135.162337394509,0.96690739777454,68.2475236051461
Brie_Bptf_2,Bptf,151.188220589444,206.041436397971,398.849003392428,7.0428366946808
Brie_Bptf_3,Bptf,188.425080825437,185.331170694188,6.13420734575705,62.7353002498558
Brie_Bptf_4,Bptf,199.235782184273,211.397539597225,5.56006290709233,18.6375134075329
Brie_Cdk13_1,Cdk13,265.129580942896,235.857077540485,43.4535958589641,3.6214566810523
Brie_Cdk13_2,Cdk13,216.738822479532,205.684362851354,214.931401540162,25.2901967673661
Brie_Cdk13_3,Cdk13,215.194436571127,208.005340904364,489.3724432219,122.799527155778
Brie_Cdk13_4,Cdk13,295.159306939664,260.85222580367,0.201381479554908,246.539437648676
Brie_Mrps18a_1,Mrps18a,201.123364961213,164.620904990406,118.283754364933,11.0344467105807
Brie_Mrps18a_2,Mrps18a,177.271182598065,200.506796425408,129.383880179118,421.600048346
Brie_Mrps18a_3,Mrps18a,255.005273321128,262.994667083372,8.04802214130613,44.6780168445943
Brie_Mrps18a_4,Mrps18a,223.431161415955,227.465849194987,397.892095994654,61.0246102430415
Brie_Smc5_1,Smc5,173.839213912721,142.660881873465,0.392762959109816,82.5032736619315
Brie_Smc5_2,Smc5,206.957711726299,214.789738290085,0.584144438664724,12.3649833825474
Brie_Smc5_3,Smc5,169.377654621772,171.583839149437,0.201381479554908,6.47260669240938
Brie_Smc5_4,Smc5,218.626405256472,277.813219267974,4.7945369888727,2.67107334393328
Brie_Prpf4b_1,Prpf4b,182.59073406035,204.434605438194,0.775525918219632,84.4040403361696
Brie_Prpf4b_2,Prpf4b,204.555333646558,243.891232339366,98.1886990116678,174.120227360206
Brie_Prpf4b_3,Prpf4b,157.02256735453,165.513588856949,32.9276144834442,195.028660776824
Brie_Prpf4b_4,Prpf4b,63.3298222446139,62.8549442045803,0.01,0.01
Brie_Surf6_1,Surf6,205.756522686428,165.33505208364,319.425689377141,0.01
Brie_Surf6_2,Surf6,206.614514857765,176.761405575382,18.5740035168261,15.4062100613282
Brie_Surf6_3,Surf6,185.336309008626,173.726280429138,102.207710082321,146.749187251178
Brie_Surf6_4,Surf6,287.437377397638,259.423931617202,152.732420684817,63.8757602543986
Brie_Mtif2_1,Mtif2,174.868804518324,234.785856900634,0.775525918219632,102.271247074007
Brie_Mtif2_2,Mtif2,252.088099938585,219.788767942723,80.9643658517261,164.236240654168
Brie_Mtif2_3,Mtif2,184.306718403023,183.188729414487,162.492876142117,69.7681369445366
Brie_Mtif2_4,Mtif2,195.117419761859,197.650208052473,102.016328602766,26.2405801044851
Brie_Exosc1_1,Exosc1,134.714770899788,126.414035502394,0.775525918219632,4.95199335301894
Brie_Exosc1_2,Exosc1,223.945956718757,264.422961269839,103.930143398315,15.9764400635997
Brie_Exosc1_3,Exosc1,204.040538343756,234.785856900634,228.13672362945,80.4124303202697
Brie_Exosc1_4,Exosc1,314.893126880397,324.411317101484,6.13420734575705,253.76235101078
Brie_Bcl6_1,Bcl6,255.52006862393,242.284401379589,133.594272729326,117.097227133064
Brie_Bcl6_2,Bcl6,222.401570810351,211.397539597225,46.3243180522877,124.510217162593
Brie_Bcl6_3,Bcl6,267.703557456904,244.069769112674,328.994763354887,29.6619601181136
Brie_Bcl6_4,Bcl6,161.484126645479,188.009222293815,0.775525918219632,230.953150919924
Brie_Mrps30_1,Mrps30,209.531688240308,197.114597732547,16.0860442826123,170.508770679153
Brie_Mrps30_2,Mrps30,105.028241771555,105.168159478687,137.804665279534,131.733130524697
Brie_Mrps30_3,Mrps30,153.419000234918,182.653119094561,129.192498699563,9.13368003634266
Brie_Mrps30_4,Mrps30,206.614514857765,204.434605438194,5.17729994798251,153.972100613282
Brie_Srrd_1,Srrd,241.448997014016,219.788767942723,47.6639884091721,11.7947533802759
Brie_Srrd_2,Srrd,259.981627914878,288.168352119865,46.3243180522877,13.5054433870902
Brie_Srrd_3,Srrd,244.709367265093,219.610231169414,214.357257101497,84.5941170035934
Brie_Srrd_4,Srrd,257.579249835137,285.490300520238,19.5309109146006,388.716784881682
Brie_Mfap1a_1,Mfap1a,148.785842509703,122.129152942991,0.96690739777454,6.85276002725699
Brie_Mfap1a_2,Mfap1a,264.443187205827,277.277608948049,121.345858037812,68.8177536074176
Brie_Mfap1a_3,Mfap1a,127.336038226297,165.156515310332,44.6018847362935,68.2475236051461
Brie_Mfap1a_4,Mfap1a,218.454806822205,169.084324323118,19.5309109146006,0.200076667423805
Brie_Mrpl11_1,Mrpl11,164.916095330824,218.717547302872,128.618354260898,83.073503664203
Brie_Mrpl11_2,Mrpl11,240.762603276947,216.57510602317,19.9136738737104,79.4620469831507
Brie_Mrpl11_3,Mrpl11,290.869346082983,276.206388308198,4.7945369888727,13.3153667196664
Brie_Mrpl11_4,Mrpl11,133.513581859918,163.728221123864,119.623424721817,111.965157112621
Brie_Cnot10_1,Cnot10,196.490207235997,183.188729414487,13.4067035688436,61.9749935801606
Brie_Cnot10_2,Cnot10,189.797868299574,163.371147577247,105.652576714309,88.9658803543409
Brie_Cnot10_3,Cnot10,224.289153587291,217.289253116404,0.201381479554908,137.245353879987
Brie_Cnot10_4,Cnot10,184.993112140092,175.154574615606,42.3053069816347,166.897313998101
Brie_Med26_1,Med26,206.099719554963,149.445279259187,37.9035329518718,0.01
Brie_Med26_2,Med26,352.301585550657,287.454205026631,197.70706838022,160.054553970844
Brie_Med26_3,Med26,220.685586467679,168.191640456576,32.7362330038893,59.1238435688035
Brie_Med26_4,Med26,273.194707353456,281.205417960835,65.2710845282236,245.208900976709
Brie_Jmjd6_1,Jmjd6,211.762467885782,248.890261992003,341.625941005511,309.074661231108
Brie_Jmjd6_2,Jmjd6,151.531417457979,175.154574615606,33.8845218812187,124.130063827745
Brie_Jmjd6_3,Jmjd6,173.496017044186,194.793619679537,151.201368848377,131.923207192121
Brie_Jmjd6_4,Jmjd6,253.63248584699,230.500974341231,144.120254104846,101.130787069464
Brie_Btaf1_1,Btaf1,210.732877280179,213.897054423543,8.04802214130613,33.4634934665897
Brie_Btaf1_2,Btaf1,187.223891785566,178.725310081775,26.0378812194675,123.939987160321
Brie_Btaf1_3,Btaf1,213.650050662722,192.294104853219,158.856628030574,128.311750511069
Brie_Btaf1_4,Btaf1,199.064183750006,165.513588856949,346.410477994383,65.2062969263653
Brie_Znhit6_1,Znhit6,211.076074148713,189.258979706975,173.018857517637,284.74484780086
Brie_Znhit6_2,Znhit6,19.9154183750006,5.9017135191794,0.01,0.01
Brie_Znhit6_3,Znhit6,158.395354828668,166.763346270108,0.392762959109816,23.1993534257043
Brie_Znhit6_4,Znhit6,236.8158392888,240.677570419813,0.584144438664724,4.19168668332372
Brie_Efl1_1,Efl1,142.436700441814,151.587720538888,33.310377442554,0.01
Brie_Efl1_2,Efl1,392.284020734925,334.409376406758,0.775525918219632,0.200076667423805
Brie_Efl1_3,Efl1,136.087558373926,123.378910356151,9.19631101863558,0.01
Brie_Efl1_4,Efl1,58.6966645193983,111.595483317792,0.201381479554908,2.29092000908566
Brie_Acvr2a_1,Acvr2a,254.147281149792,215.682422156628,181.439642618053,77.181126974065
Brie_Acvr2a_2,Acvr2a,175.72679668966,200.3282596521,139.527098595528,457.904691823947
Brie_Acvr2a_3,Acvr2a,183.620324665954,214.075591196852,95.700739777454,62.7353002498558
Brie_Acvr2a_4,Acvr2a,113.779761919184,97.3125414531144,70.4383844762061,1249.76408831152
Brie_E130309D02Rik_1,E130309D02Rik,233.040673734921,306.022029450712,62.7831252940098,69.7681369445366
Brie_E130309D02Rik_2,E130309D02Rik,255.863265492464,251.925387138247,109.288824825852,35.7444134756754
Brie_E130309D02Rik_3,E130309D02Rik,190.312663602376,249.425872311928,15.1291368848377,20.7283567491948
Brie_E130309D02Rik_4,E130309D02Rik,299.449267796345,276.741998628123,80.1988399335064,137.055277212564
Brie_Alg5_1,Alg5,169.034457753238,131.59160192834,1.15828887732945,32.3230334620469
Brie_Alg5_2,Alg5,153.247401800651,133.019896114808,28.1430774945715,9.89398670603788
Brie_Alg5_3,Alg5,145.525472258625,169.441397869735,40.3914921860856,10.8443700431569
Brie_Alg5_4,Alg5,156.507772051729,123.200373582842,0.392762959109816,16.1665167310235
Brie_Nufip1_1,Nufip1,237.845429894403,226.930238875061,250.145593778265,110.444543773231
Brie_Nufip1_2,Nufip1,169.892449924574,213.004370557001,142.589202268406,206.243184154829
Brie_Nufip1_3,Nufip1,189.283072996773,220.502915035956,412.819851399936,189.706514088958
Brie_Nufip1_4,Nufip1,261.011218520482,231.215121434464,42.6880699407445,68.2475236051461
Brie_Mre11a_1,Mre11a,212.105664754317,224.430724048743,24.889592342138,15.596286728752
Brie_Mre11a_2,Mre11a,164.229701593755,223.5380401822,11.3015072937396,4.95199335301894
Brie_Mre11a_3,Mre11a,309.230378549578,313.520573929668,56.6589179482527,23.7695834279757
Brie_Mre11a_4,Mre11a,146.726661298496,159.443338564461,17.8084775986064,67.2971402680271
Brie_Lars2_1,Lars2,196.833404104532,183.367266187795,7.66525918219632,5.90237669013797
Brie_Lars2_2,Lars2,175.555198255393,185.688244240805,80.1988399335064,6.47260669240938
Brie_Lars2_3,Lars2,307.342795772638,276.02785153489,6.51697030486687,30.4222667878089
Brie_Lars2_4,Lars2,219.312798993541,196.578987412622,0.201381479554908,24.1497367628233
Brie_Atp5l_1,Atp5l,181.217946586212,167.120419816725,30.6310367287853,226.581387569176
Brie_Atp5l_2,Atp5l,147.756251904099,144.803323153167,0.392762959109816,214.7966341889
Brie_Atp5l_3,Atp5l,152.904204932117,143.732102513316,22.0188701488144,25.1001200999423
Brie_Atp5l_4,Atp5l,132.483991254314,118.022807156897,159.622153948793,172.789690688239
Brie_Zfp335_1,Zfp335,124.590463278021,143.017955420082,126.513157985794,0.01
Brie_Zfp335_2,Zfp335,200.608569658411,153.373088271973,0.584144438664724,0.01
Brie_Zfp335_3,Zfp335,112.750171313581,101.418887239209,0.584144438664724,76.0406669695222
Brie_Zfp335_4,Zfp335,202.839349303885,167.834566909959,35.6069551972129,12.9352133848188
Brie_Mrpl13_1,Mrpl13,118.241321210133,129.627697421947,0.01,13.5054433870902
Brie_Mrpl13_2,Mrpl13,235.957847117464,241.03464396643,48.0467513682819,196.549274116215
Brie_Mrpl13_3,Mrpl13,82.5488468825455,109.810115584707,20.4878183123752,27.381040109028
Brie_Mrpl13_4,Mrpl13,196.661805670264,192.11556807991,107.949154468968,125.650677167135
Brie_Trappc5_1,Trappc5,245.56735943643,238.535129140112,194.644964707341,37.2650268150659
Brie_Trappc5_2,Trappc5,201.638160264014,164.442368217098,228.90224954767,44.8680935120181
Brie_Trappc5_3,Trappc5,219.484397427808,192.472641626527,90.9162027885813,141.236963895887
Brie_Trappc5_4,Trappc5,265.987573114232,229.072680154763,0.775525918219632,0.01
Brie_Med16_1,Med16,294.472913202595,277.09907217474,202.491605369093,260.605111038037
Brie_Med16_2,Med16,258.094045137939,223.895113728817,0.775525918219632,84.5941170035934
Brie_Med16_3,Med16,210.904475714446,208.898024770906,84.4092324837144,46.3887068514085
Brie_Med16_4,Med16,260.153226349145,250.497092951779,53.7881957549291,229.052384245685
Brie_Tubd1_1,Tubd1,164.058103159488,117.487196836971,166.703268692325,191.417204095772
Brie_Tubd1_2,Tubd1,160.626134474143,168.370177229884,76.945354781073,196.169120781367
Brie_Tubd1_3,Tubd1,216.22402717673,234.785856900634,149.096172573273,27.0008867741804
Brie_Tubd1_4,Tubd1,223.08796454742,199.435575785557,316.937730142928,293.678451169779
Brie_Heatr3_1,Heatr3,244.022973528024,234.785856900634,377.031514723169,266.497487728175
Brie_Heatr3_2,Heatr3,235.271453380395,235.500003993868,35.7983366767678,140.096503891345
Brie_Heatr3_3,Heatr3,74.6553189062522,118.915491023439,14.7463739257279,160.624783973116
Brie_Heatr3_4,Heatr3,206.099719554963,182.83165586787,5.94282586620215,256.423424354713
Brie_Ccdc137_1,Ccdc137,83.4068390538817,91.420827933935,9.19631101863558,40.4963301612705
Brie_Ccdc137_2,Ccdc137,266.159171548499,258.174174204043,489.181061742345,45.0581701794419
Brie_Ccdc137_3,Ccdc137,216.738822479532,214.25412797016,170.148135324313,45.2482468468657
Brie_Ccdc137_4,Ccdc137,140.892314533409,104.81108593207,278.852815711501,15.4062100613282
Brie_Nkapd1_1,Nkapd1,109.832997931038,111.238409771175,0.201381479554908,105.88270375506
Brie_Nkapd1_2,Nkapd1,221.543578639015,253.532218098023,494.539743169882,313.636501249279
Brie_Nkapd1_3,Nkapd1,89.7559811217699,101.954497559135,37.9035329518718,2.29092000908566
Brie_Nkapd1_4,Nkapd1,198.549388447204,155.872603098291,13.0239406097337,24.1497367628233
Brie_Lsg1_1,Lsg1,161.140929776944,203.898995118269,0.201381479554908,0.200076667423805
Brie_Lsg1_2,Lsg1,229.780303483843,234.607320127325,39.2432033087561,359.63505476584
Brie_Lsg1_3,Lsg1,153.075803366384,162.657000484013,0.584144438664724,3.24130334620469
Brie_Lsg1_4,Lsg1,124.418864843754,137.483315447519,20.2964368328202,11.4146000454283
Brie_Wdr70_1,Wdr70,199.578979052808,186.402391334039,5.56006290709233,19.3978200772282
Brie_Wdr70_2,Wdr70,188.768277693971,174.261890749064,0.775525918219632,9.70391003861407
Brie_Wdr70_3,Wdr70,218.969602125006,269.779064469093,81.9212732495006,12.9352133848188
Brie_Wdr70_4,Wdr70,140.034322362073,133.734043208042,0.392762959109816,0.200076667423805
Brie_Swsap1_1,Swsap1,193.573033853454,228.894143381454,110.628495182737,15.2161333939044
Brie_Swsap1_2,Swsap1,239.561414237076,243.534158792749,240.576519800519,186.855364077601
Brie_Swsap1_3,Swsap1,198.20619157867,201.39948029195,167.660176090099,42.5871735029324
Brie_Swsap1_4,Swsap1,184.649915271557,182.117508774636,12.2584146915141,187.615670747296
Brie_Sema5a_1,Sema5a,169.549253056039,172.119449469362,137.804665279534,28.9016534484184
Brie_Sema5a_2,Sema5a,168.691260884703,183.902876507721,51.6829994798251,63.8757602543986
Brie_Sema5a_3,Sema5a,206.27131798923,237.642445273569,0.392762959109816,484.895578598128
Brie_Sema5a_4,Sema5a,184.649915271557,194.079472586303,0.584144438664724,154.542330615554
Brie_Chd8_1,Chd8,126.821242923495,164.263831443789,6.70835178442178,0.01
Brie_Chd8_2,Chd8,233.898665906257,182.474582321253,266.413019540432,15.9764400635997
Brie_Chd8_3,Chd8,235.443051814662,194.972156452846,0.201381479554908,9.70391003861407
Brie_Chd8_4,Chd8,146.040267561427,123.735983902767,4.41177402976288,34.9841068059802
Brie_Sos1_1,Sos1,176.584788860997,176.939942348691,76.7539733015181,61.9749935801606
Brie_Sos1_2,Sos1,211.24767258298,192.472641626527,123.642435792471,22.2489700885852
Brie_Sos1_3,Sos1,119.442510250003,120.343785209907,3.83762959109816,41.066560163542
Brie_Sos1_4,Sos1,279.372250987077,296.202506918746,28.9086034127911,306.413587887174
Brie_Ccnc_1,Ccnc,122.531282066814,101.775960785826,194.070820268677,515.49792205336
Brie_Ccnc_2,Ccnc,98.3359028351322,80.35154798881,286.316693414142,187.045440745025
Brie_Ccnc_3,Ccnc,184.993112140092,191.937031306602,36.5638625949874,207.003490824524
Brie_Ccnc_4,Ccnc,144.152684784487,130.698918061798,78.0936436584024,55.3223102203274
Brie_Rnaseh2a_1,Rnaseh2a,191.34225420798,221.931209222424,37.1380070336521,43.1574035052038
Brie_Rnaseh2a_2,Rnaseh2a,177.6143794666,153.016014725356,12.449796171069,27.5711167764518
Brie_Rnaseh2a_3,Rnaseh2a,152.561008063582,127.842329688862,52.2571439184899,0.01
Brie_Rnaseh2a_4,Rnaseh2a,192.886640116385,178.368236535158,34.4586663198834,215.747017526019
Brie_Tfb2m_1,Tfb2m,188.081883956902,134.269653527967,11.3015072937396,8.37337336664744
Brie_Tfb2m_2,Tfb2m,197.691396275868,257.281490337501,0.201381479554908,168.798080672339
Brie_Tfb2m_3,Tfb2m,108.975005759701,85.3505776414471,18.5740035168261,0.01
Brie_Tfb2m_4,Tfb2m,96.105123189658,75.352518336173,0.201381479554908,8.94360336891885
Brie_Polr3e_1,Polr3e,103.655454297417,108.560358171548,0.584144438664724,5.71230002271416
Brie_Polr3e_2,Polr3e,179.330363809272,210.147782184065,0.392762959109816,623.461469150082
Brie_Polr3e_3,Polr3e,148.95744094397,148.731132165953,0.775525918219632,81.1727369899649
Brie_Polr3e_4,Polr3e,302.366441178888,241.391717513047,175.124053792741,243.498210969895
Brie_Vars2_1,Vars2,157.194165788798,150.873573445654,35.0328107585481,42.2070201680848
Brie_Vars2_2,Vars2,194.087829156256,199.614112558866,63.7400326917843,32.3230334620469
Brie_Vars2_3,Vars2,172.123229570048,205.505826078045,7.09111474353159,92.3872603679694
Brie_Vars2_4,Vars2,241.963792316817,195.864840319388,65.2710845282236,44.2978635097467
Brie_Tfap4_1,Tfap4,212.963656925653,218.717547302872,112.350928498731,18.4474367401091
Brie_Tfap4_2,Tfap4,189.283072996773,156.586750191525,287.273600811917,19.3978200772282
Brie_Tfap4_3,Tfap4,188.253482391169,223.180966635583,167.660176090099,272.770017753161
Brie_Tfap4_4,Tfap4,227.206326969834,251.56831359163,726.685477869985,95.2384103793265
Brie_Slc25a37_1,Slc25a37,149.987031549573,133.91257998135,21.2533442305948,14.0756733893616
Brie_Slc25a37_2,Slc25a37,178.129174769402,144.44624960655,9.00492953908067,11.7947533802759
Brie_Slc25a37_3,Slc25a37,137.631944282332,163.01407403063,94.9352138592343,2.29092000908566
Brie_Slc25a37_4,Slc25a37,116.868533735995,121.236469076449,0.201381479554908,0.200076667423805
Brie_Cep350_1,Cep350,362.425893172424,318.519603582305,0.01,101.701017071736
Brie_Cep350_2,Cep350,305.283614561431,321.37619195524,243.255860514288,250.531047664576
Brie_Cep350_3,Cep350,183.105529363152,188.366295840432,271.771700967969,84.4040403361696
Brie_Cep350_4,Cep350,180.70315128341,192.651178399836,76.7539733015181,19.7779734120758
Brie_Ahctf1_1,Ahctf1,170.922040530177,162.478463710705,0.775525918219632,0.01
Brie_Ahctf1_2,Ahctf1,242.993382922421,261.744909670212,0.392762959109816,27.381040109028
Brie_Ahctf1_3,Ahctf1,119.614108684271,112.131093637717,0.584144438664724,0.01
Brie_Ahctf1_4,Ahctf1,194.259427590523,214.789738290085,48.8122772865015,56.652846892294
Brie_Gle1_1,Gle1,174.52560764979,170.512618509586,76.7539733015181,49.2398568627656
Brie_Gle1_2,Gle1,184.993112140092,171.762375922745,126.704539465349,61.2146869104653
Brie_Gle1_3,Gle1,125.963250752159,162.835537257322,9.19631101863558,0.200076667423805
Brie_Gle1_4,Gle1,264.786384074361,279.42005022775,424.876884611896,186.095057407905
Brie_Wdr83_1,Wdr83,273.537904221991,281.562491507452,88.0454805952576,228.482154243414
Brie_Wdr83_2,Wdr83,188.768277693971,212.111686690458,14.7463739257279,221.639394216157
Brie_Wdr83_3,Wdr83,221.371980204748,180.153604268243,86.5144287588184,88.0154970172219
Brie_Wdr83_4,Wdr83,203.18254617242,160.514559204312,22.5930145874791,27.0008867741804
Brie_Gtf2a1_1,Gtf2a1,177.6143794666,167.477493363342,37.7121514723169,72.0490569536223
Brie_Gtf2a1_2,Gtf2a1,205.928121120696,237.463908500261,115.0302692125,7.0428366946808
Brie_Gtf2a1_3,Gtf2a1,213.650050662722,262.816130310063,0.392762959109816,185.144674070786
Brie_Gtf2a1_4,Gtf2a1,239.046618934274,255.674659377724,139.527098595528,50.0001635324608
Brie_Ino80_1,Ino80,112.921769747848,110.881336224558,3.64624811154325,54.3719268832083
Brie_Ino80_2,Ino80,131.454400648711,103.918402065528,5.75144438664724,61.0246102430415
Brie_Ino80_3,Ino80,228.579114443972,215.682422156628,0.775525918219632,46.9589368536799
Brie_Ino80_4,Ino80,147.927850338366,151.587720538888,27.3775515763518,154.35225394813
Brie_Naa80_1,Naa80,111.892179142245,138.197462540753,102.97323600054,122.799527155778
Brie_Naa80_2,Naa80,181.904340323281,208.719487997598,10.9187443346298,95.8086403815979
Brie_Naa80_3,Naa80,284.348605580827,296.738117238672,2644.51928448972,120.708683814116
Brie_Naa80_4,Naa80,246.253753173499,286.918594706706,24.3154479034733,224.490544227514
Brie_Adat2_1,Adat2,316.094315920268,296.559580465363,176.27234267007,163.666010651896
Brie_Adat2_2,Adat2,119.785707118538,80.708621535427,0.201381479554908,5.33214668786655
Brie_Adat2_3,Adat2,149.129039378237,173.904817202447,3.45486663198834,13.8855967219378
Brie_Adat2_4,Adat2,163.714906290953,196.75752418593,12.0670332119592,38.5955634870325
Brie_Exoc5_1,Exoc5,177.442781032333,159.621875337769,19.3395294350457,65.3963735937891
Brie_Exoc5_2,Exoc5,70.365358049571,78.2091067091084,23.5499219852537,8.94360336891885
Brie_Exoc5_3,Exoc5,139.00473175647,185.331170694188,4.41177402976288,184.194290733667
Brie_Exoc5_4,Exoc5,270.792329273715,239.070739460037,24.889592342138,157.393480626911
Brie_Cep120_1,Cep120,194.774222893325,163.01407403063,142.015057829742,83.073503664203
Brie_Cep120_2,Cep120,233.72706747199,210.683392503991,393.873084924,291.397531160694
Brie_Cep120_3,Cep120,224.460752021558,233.000489167549,129.766643138228,118.807917139878
Brie_Cep120_4,Cep120,132.655589688581,147.659911526102,183.162075934047,238.7462942843
Brie_Ctu1_1,Ctu1,201.466561829747,222.288282769041,0.201381479554908,16.5466700658711
Brie_Ctu1_2,Ctu1,201.466561829747,191.044347440059,0.392762959109816,7.61306669695222
Brie_Ctu1_3,Ctu1,296.703692848069,284.954690200313,122.876909874251,20.7283567491948
Brie_Ctu1_4,Ctu1,157.880559525867,166.406272723491,14.3636109666181,35.5543368082516
Brie_H2ac6_1,H2ac6,153.075803366384,166.763346270108,9.19631101863558,4.38176335074752
Brie_H2ac6_2,H2ac6,232.697476866386,236.035614313793,12.6411776506239,88.0154970172219
Brie_H2ac6_3,H2ac6,130.081613174573,115.880365877195,0.201381479554908,7.42299002952841
Brie_H2ac6_4,H2ac6,241.963792316817,190.330200346826,45.9415550931779,4.57184001817133
Brie_Toe1_1,Toe1,227.034728535567,229.786827247997,111.776784060066,310.405197903074
Brie_Toe1_2,Toe1,240.762603276947,234.0717098074,0.584144438664724,28.7115767809946
Brie_Toe1_3,Toe1,234.070264340524,180.153604268243,32.1620885652245,0.01
Brie_Toe1_4,Toe1,394.686398814667,378.150885867333,130.914932015557,88.5857270194933
Brie_Trp53rka_1,Trp53rka,88.8979889504336,112.488167184334,5.75144438664724,0.200076667423805
Brie_Trp53rka_2,Trp53rka,203.697341475221,290.310793399567,0.392762959109816,34.6039534711326
Brie_Trp53rka_3,Trp53rka,177.785977900867,191.937031306602,189.860427718469,136.104893875445
Brie_Trp53rka_4,Trp53rka,165.087693765091,141.232587686997,17.0429516803868,0.01
Brie_Ddx59_1,Ddx59,193.573033853454,239.070739460037,0.201381479554908,15.596286728752
Brie_Ddx59_2,Ddx59,133.170384991383,119.629638116673,67.5676622828825,30.9924967900803
Brie_Ddx59_3,Ddx59,208.673696068972,219.967304716031,147.947883695944,4.00161001589991
Brie_Ddx59_4,Ddx59,154.276992406254,152.301867632122,36.9466255540972,26.8108101067566
Brie_Taf2_1,Taf2,149.129039378237,79.2803273489592,0.201381479554908,8.94360336891885
Brie_Taf2_2,Taf2,113.608163484917,96.776931133189,0.584144438664724,2.86115001135708
Brie_Taf2_3,Taf2,171.436835832979,170.869692056203,4.02901107065307,10.2741400408855
Brie_Taf2_4,Taf2,114.294557221986,114.273534917419,5.56006290709233,0.200076667423805
Brie_Trmt6_1,Trmt6,217.768413085136,181.581898454711,0.01,4.57184001817133
Brie_Trmt6_2,Trmt6,103.655454297417,115.34475555727,69.8642400375414,0.01
Brie_Trmt6_3,Trmt6,224.117555153024,251.389776818321,479.229224805489,5.71230002271416
Brie_Trmt6_4,Trmt6,255.52006862393,248.711725218694,9.38769249819049,3.81153334847611
Brie_Dlg5_1,Dlg5,213.650050662722,274.599557348422,30.2482737696755,266.877641063023
Brie_Dlg5_2,Dlg5,157.02256735453,177.475552668616,31.20518116745,269.72879107438
Brie_Dlg5_3,Dlg5,105.199840205822,133.019896114808,41.1570181043052,158.533940631454
Brie_Dlg5_4,Dlg5,211.590869451515,194.43654613292,61.0606919780156,26.2405801044851
Brie_Ess2_1,Ess2,191.513852642247,209.255098317523,1.15828887732945,7.99322003179983
Brie_Ess2_2,Ess2,145.010676955823,117.66573361028,19.7222923941555,7.61306669695222
Brie_Ess2_3,Ess2,225.490342627162,175.154574615606,0.392762959109816,18.2573600726853
Brie_Ess2_4,Ess2,85.1228233965542,84.9935040948302,0.01,0.960383337119027
Brie_Eny2_1,Eny2,183.277127797419,139.447219953913,26.0378812194675,7.99322003179983
Brie_Eny2_2,Eny2,234.241862774791,245.498063299142,6.51697030486687,14.0756733893616
Brie_Eny2_3,Eny2,280.745038461215,266.922476096158,0.584144438664724,454.863465145166
Brie_Eny2_4,Eny2,161.140929776944,193.543862266378,12.0670332119592,24.3398134302471
Brie_Exoc8_1,Exoc8,175.72679668966,197.650208052473,78.2850251379573,172.789690688239
Brie_Exoc8_2,Exoc8,188.768277693971,179.439457175009,24.889592342138,129.452210515611
Brie_Exoc8_3,Exoc8,231.667886260783,247.640504578843,9.19631101863558,102.841477076279
Brie_Exoc8_4,Exoc8,170.922040530177,123.735983902767,157.134194714579,52.0910068741227
Brie_Gemin2_1,Gemin2,166.975276542031,206.041436397971,38.2862959109816,252.811967673661
Brie_Gemin2_2,Gemin2,171.265237398712,171.048228829511,0.96690739777454,30.9924967900803
Brie_Gemin2_3,Gemin2,199.578979052808,188.901906160358,0.392762959109816,3.24130334620469
Brie_Gemin2_4,Gemin2,235.271453380395,269.957601242402,193.688057309567,45.6284001817133
Brie_Cenph_1,Cenph,338.573710809277,280.134197320984,422.771688336792,70.5284436142318
Brie_Cenph_2,Cenph,187.223891785566,203.363384798344,140.866768952412,39.1657934893039
Brie_Cenph_3,Cenph,125.27685701509,169.262861096426,0.584144438664724,8.94360336891885
Brie_Cenph_4,Cenph,101.767871520477,96.776931133189,4.60315550931779,0.960383337119027
Brie_Nemf_1,Nemf,273.023108919189,254.424901964565,100.868039725436,215.937094193443
Brie_Nemf_2,Nemf,156.336173617461,179.082383628392,21.8274886692595,167.84769733522
Brie_Nemf_3,Nemf,168.86285931897,176.761405575382,95.1265953387892,544.579652169202
Brie_Nemf_4,Nemf,142.265102007547,118.73695425013,137.421902320424,33.8436468014374
Brie_Arglu1_1,Arglu1,160.282937605608,99.454982732816,84.7919954428242,80.4124303202697
Brie_Arglu1_2,Arglu1,273.366305787723,274.599557348422,26.8034071376871,57.603230229413
Brie_Arglu1_3,Arglu1,135.915959939659,168.191640456576,0.584144438664724,11.4146000454283
Brie_Arglu1_4,Arglu1,206.957711726299,194.079472586303,97.614554573003,39.5459468241515
Brie_Htra2_1,Htra2,193.916230721988,202.470700931801,15.7032813235024,89.1559570217647
Brie_Htra2_2,Htra2,165.945685936427,177.832626215233,37.329388513207,107.973547096721
Brie_Htra2_3,Htra2,83.4068390538817,77.673496389183,24.889592342138,31.9428801271993
Brie_Htra2_4,Htra2,269.934337102379,279.241513454442,86.7058102383733,89.7261870240362
Brie_Nme6_1,Nme6,223.259562981688,172.833596562596,6.70835178442178,7.80314336437602
Brie_Nme6_2,Nme6,210.389680411644,176.225795255457,123.451054312916,27.1909634416042
Brie_Nme6_3,Nme6,176.927985729531,171.583839149437,23.9326849443635,0.580230002271416
Brie_Nme6_4,Nme6,194.945821327592,173.369206882521,1.34967035688436,10.0840633734617
Brie_Gtf2h2_1,Gtf2h2,178.129174769402,258.888321297277,20.2964368328202,76.8009736392174
Brie_Gtf2h2_2,Gtf2h2,119.785707118538,153.016014725356,0.584144438664724,0.01
Brie_Gtf2h2_3,Gtf2h2,262.555604428887,241.213180739739,0.775525918219632,48.6696268604942
Brie_Gtf2h2_4,Gtf2h2,160.454536039875,178.546773308467,6.51697030486687,2.48099667650947
Brie_Carnmt1_1,Carnmt1,263.756793468758,251.389776818321,107.183628550748,187.995824082144
Brie_Carnmt1_2,Carnmt1,305.455212995699,264.780034816456,66.4193734055531,54.9421568854798
Brie_Carnmt1_3,Carnmt1,59.7262551250017,86.4217982812979,49.7691846842761,16.7367467332949
Brie_Carnmt1_4,Carnmt1,179.158765375005,188.366295840432,392.342033087561,452.392468468657
Brie_Rrp15_1,Rrp15,194.43102602479,222.823893088966,4.7945369888727,6.66268335983319
Brie_Rrp15_2,Rrp15,212.105664754317,261.030762576978,252.059408573814,9.32375670376646
Brie_Rrp15_3,Rrp15,221.715177073282,209.61217186414,6.70835178442178,7.80314336437602
Brie_Rrp15_4,Rrp15,203.010947738152,252.460997458172,7.09111474353159,167.277467332949
Brie_Gpr89_1,Gpr89,224.97554732436,244.248305885982,0.96690739777454,9.70391003861407
Brie_Gpr89_2,Gpr89,146.040267561427,128.556476782096,31.3965626470049,11.0344467105807
Brie_Gpr89_3,Gpr89,195.460616630394,183.724339734412,267.178545458651,129.262133848188
Brie_Gpr89_4,Gpr89,169.377654621772,197.650208052473,30.8224182083402,7.42299002952841
Brie_Exoc4_1,Exoc4,215.709231873929,228.537069834837,0.392762959109816,47.909320190799
Brie_Exoc4_2,Exoc4,262.38400599462,229.072680154763,205.745090521526,189.136284086686
Brie_Exoc4_3,Exoc4,258.780438875008,252.63953423148,177.612013026955,35.7444134756754
Brie_Exoc4_4,Exoc4,187.223891785566,151.40918376558,212.634823785503,158.914093966301
Brie_Orc3_1,Orc3,157.537362657332,158.193581151302,4.7945369888727,42.3970968355086
Brie_Orc3_2,Orc3,183.963521534488,209.969245410757,0.584144438664724,29.4718834506898
Brie_Orc3_3,Orc3,220.685586467679,181.760435228019,4.22039255020797,9.32375670376646
Brie_Orc3_4,Orc3,255.52006862393,242.462938152898,0.392762959109816,34.223800136285
Brie_Ddx31_1,Ddx31,170.75044209591,126.056961955778,0.392762959109816,0.390153334847611
Brie_Ddx31_2,Ddx31,232.697476866386,213.361444103618,159.048009510128,9.32375670376646
Brie_Ddx31_3,Ddx31,134.371574031254,161.228706297545,0.201381479554908,169.178234007187
Brie_Ddx31_4,Ddx31,109.146604193969,152.480404405431,0.392762959109816,0.01
Brie_Ikzf5_1,Ikzf5,153.93379553772,148.016985072719,31.7793256061147,161.955320645082
Brie_Ikzf5_2,Ikzf5,183.620324665954,156.408213418217,115.0302692125,107.023163759602
Brie_Ikzf5_3,Ikzf5,269.934337102379,256.21026969765,677.117674665264,367.808351465063
Brie_Ikzf5_4,Ikzf5,216.395625610998,188.366295840432,194.453583227786,797.571696510287
Brie_Mrpl16_1,Mrpl16,160.626134474143,123.914520676076,50.7260920820506,35.174183473404
Brie_Mrpl16_2,Mrpl16,228.922311312507,245.319526525833,181.631024097608,59.8841502384987
Brie_Mrpl16_3,Mrpl16,141.063912967677,113.380851050876,0.584144438664724,53.8016968809369
Brie_Mrpl16_4,Mrpl16,212.277263188584,189.973126800209,0.775525918219632,23.5795067605519
Brie_H4c9_1,H4c9,151.874614326513,149.980889579112,38.6690588700914,13.8855967219378
Brie_H4c9_2,H4c9,209.703286674575,202.64923770511,1329.15437550884,197.689734120758
Brie_H4c9_3,H4c9,234.241862774791,172.119449469362,8.62216657997086,12.9352133848188
Brie_H4c9_4,H4c9,169.720851490307,196.043377092696,352.53468534014,590.007975683492
Brie_Prkrip1_1,Prkrip1,206.099719554963,250.497092951779,57.2330623869175,12.3649833825474
Brie_Prkrip1_2,Prkrip1,209.188491371773,210.504855730682,133.977035688436,36.124566810523
Brie_Prkrip1_3,Prkrip1,192.715041682118,206.934120264513,613.00487901437,45.6284001817133
Brie_Prkrip1_4,Prkrip1,170.922040530177,145.5174702464,43.4535958589641,94.0979503747837
Brie_Twnk_1,Twnk,182.59073406035,206.755583491204,44.7932662158485,19.587896744652
Brie_Twnk_2,Twnk,214.508042834058,173.012133335904,32.5448515243343,5.71230002271416
Brie_Twnk_3,Twnk,192.886640116385,216.039495703245,26.2292626990224,82.5032736619315
Brie_Twnk_4,Twnk,210.904475714446,192.829715173144,23.9326849443635,50.3803168673084
Brie_Ext1_1,Ext1,146.555062864228,184.081413281029,48.2381328478368,29.281806783266
Brie_Ext1_2,Ext1,97.1347137952614,116.951586517046,9.19631101863558,132.113283859545
Brie_Ext1_3,Ext1,315.922717486001,301.022999798075,0.96690739777454,127.171290506526
Brie_Ext1_4,Ext1,206.786113292032,219.253157622797,27.7603145354616,117.857533802759
Brie_Cdc40_1,Cdc40,148.442645641168,107.667674305005,368.610729622753,126.601060504254
Brie_Cdc40_2,Cdc40,290.354550780181,294.774212732279,0.96690739777454,30.0421134529613
Brie_Cdc40_3,Cdc40,97.6495090980632,121.593542623066,0.201381479554908,74.3299769627079
Brie_Cdc40_4,Cdc40,172.981221741384,139.090146407296,1.34967035688436,146.749187251178
Brie_Usp16_1,Usp16,171.265237398712,178.18969976185,25.4637367808028,19.587896744652
Brie_Usp16_2,Usp16,163.200110988151,188.009222293815,6.51697030486687,213.27602084951
Brie_Usp16_3,Usp16,153.93379553772,135.697947714435,8.62216657997086,7.99322003179983
Brie_Usp16_4,Usp16,205.584924252161,152.480404405431,336.841404016638,355.833521417364
Chopchop_Tbce_1,Tbce,188.768277693971,178.18969976185,20.870581271485,8.94360336891885
Chopchop_Tbce_2,Tbce,203.010947738152,227.287312421678,0.96690739777454,2.86115001135708
Chopchop_Tbce_3,Tbce,158.223756394401,221.038525355882,14.554992446173,372.560268150659
Chopchop_Tbce_4,Tbce,172.466426438583,154.801382458441,0.392762959109816,7.80314336437602
Brie_Zwilch_1,Zwilch,165.77408750216,166.049199176874,11.1101258141847,48.859703527918
Brie_Zwilch_2,Zwilch,116.868533735995,84.6364305482132,0.392762959109816,9.13368003634266
Brie_Zwilch_3,Zwilch,153.590598669185,167.298956590033,4.7945369888727,22.0588934211614
Brie_Zwilch_4,Zwilch,244.880965699361,214.432664743469,465.258376797981,155.302637285249
Brie_Nsmce3_1,Nsmce3,221.88677550755,240.856107193122,11.6842702528494,1.72069000681425
Brie_Nsmce3_2,Nsmce3,346.46723878557,302.629830757851,1.73243331599417,26.6207334393328
Brie_Nsmce3_3,Nsmce3,107.773816719831,106.239380118538,2.30657775465889,15.7863633961758
Brie_Nsmce3_4,Nsmce3,269.934337102379,238.71366591342,6.70835178442178,14.2657500567854
Brie_Ndufab1_1,Ndufab1,261.526013823283,244.605379432599,95.5093582978991,90.6765703611552
Brie_Ndufab1_2,Ndufab1,257.064454532335,234.964393673942,71.7780548330905,202.061497471505
Brie_Ndufab1_3,Ndufab1,199.235782184273,204.613142211503,13.7894665279534,88.9658803543409
Brie_Ndufab1_4,Ndufab1,94.3891388469855,114.987682010653,0.01,4.38176335074752
Brie_Gigyf2_1,Gigyf2,153.762197103453,150.516499899037,144.503017063955,770.200656401259
Brie_Gigyf2_2,Gigyf2,63.1582238103467,62.1407971113464,61.2520734575705,187.045440745025
Brie_Gigyf2_3,Gigyf2,138.146739585133,149.445279259187,11.1101258141847,155.492713952673
Brie_Gigyf2_4,Gigyf2,226.176736364231,216.932179569787,91.1075842681362,163.475933984473
Brie_Cwc25_1,Cwc25,66.0753971928899,73.0315402831629,0.201381479554908,0.01
Brie_Cwc25_2,Cwc25,196.833404104532,217.824863436329,39.434584788311,55.8925402225988
Brie_Cwc25_3,Cwc25,188.939876128238,215.682422156628,495.496650567657,188.946207419263
Brie_Cwc25_4,Cwc25,209.016892937506,195.150693226154,116.944084008049,147.509493920873
Brie_Bdp1_1,Bdp1,150.673425286642,197.114597732547,478.08093592816,105.88270375506
Brie_Bdp1_2,Bdp1,236.129445551731,266.565402549541,104.50428783698,6.85276002725699
Brie_Bdp1_3,Bdp1,124.075667975219,93.3847324403281,0.584144438664724,0.01
Brie_Bdp1_4,Bdp1,213.650050662722,185.331170694188,54.1709587140389,4.19168668332372
Brie_Setdb1_1,Setdb1,112.235376010779,142.660881873465,74.2660140673043,14.0756733893616
Brie_Setdb1_2,Setdb1,202.839349303885,228.715606608146,15.7032813235024,59.3139202362273
Brie_Setdb1_3,Setdb1,178.987166940738,209.076561544215,51.87438095938,248.440204322914
Brie_Setdb1_4,Setdb1,124.247266409486,158.729191471227,0.584144438664724,46.1986301839847
Brie_Fignl1_1,Fignl1,164.572898462289,190.687273893442,12.0670332119592,123.179680490626
Brie_Fignl1_2,Fignl1,195.803813498928,189.973126800209,3.83762959109816,0.01
Brie_Fignl1_3,Fignl1,118.927714947202,149.980889579112,168.234320528764,26.0505034370613
Brie_Fignl1_4,Fignl1,211.590869451515,223.716576955509,308.516945042512,324.470871292436
Brie_Sap130_1,Sap130,125.620053883624,147.302837979485,0.775525918219632,140.096503891345
Brie_Sap130_2,Sap130,197.176600973066,188.009222293815,466.406665675311,170.698847346577
Brie_Sap130_3,Sap130,173.839213912721,169.798471416352,0.201381479554908,10.0840633734617
Brie_Sap130_4,Sap130,220.342389599144,210.326318957374,0.392762959109816,45.0581701794419
Brie_Nol12_1,Nol12,111.54898227371,151.587720538888,11.8756517324043,146.939263918602
Brie_Nol12_2,Nol12,241.277398579748,239.784886553271,117.709609926268,10.2741400408855
Brie_Nol12_3,Nol12,236.644240854533,215.503885383319,0.392762959109816,22.6291234234328
Brie_Nol12_4,Nol12,90.4423748588388,134.269653527967,13.4067035688436,48.2894735256466
Brie_Tefm_1,Tefm,139.691125493539,126.235498729086,7.09111474353159,99.9903270649216
Brie_Tefm_2,Tefm,223.08796454742,201.935090611876,43.2622143794092,105.312473752788
Brie_Tefm_3,Tefm,210.561278845911,201.935090611876,84.6006139632693,96.1887937164455
Brie_Tefm_4,Tefm,151.016622155177,179.260920401701,2.30657775465889,40.6864068286944
Brie_Ctdspl2_1,Ctdspl2,167.318473410565,156.0511398716,87.8540991157027,21.2985867514662
Brie_Ctdspl2_2,Ctdspl2,81.1760594084075,96.776931133189,38.6690588700914,0.390153334847611
Brie_Ctdspl2_3,Ctdspl2,268.389951193973,266.922476096158,54.5537216731488,103.221630411126
Brie_Ctdspl2_4,Ctdspl2,252.774493675654,208.362414450981,258.94914183779,121.849143818659
Brie_Rbm34_1,Rbm34,148.271047206901,151.40918376558,61.8262178962353,95.9987170490217
Brie_Rbm34_2,Rbm34,155.478181446125,182.474582321253,36.7552440745423,55.3223102203274
Brie_Rbm34_3,Rbm34,185.164710574359,167.477493363342,1474.22153701146,100.750633734617
Brie_Rbm34_4,Rbm34,82.89204375108,72.1388564166206,55.7020105504782,132.303360526969
Brie_Tsen54_1,Tsen54,237.845429894403,272.100042522103,87.6627176361478,226.391310901752
Brie_Tsen54_2,Tsen54,179.50196224354,179.082383628392,0.01,0.01
Brie_Tsen54_3,Tsen54,203.868939909489,200.506796425408,36.9466255540972,3.81153334847611
Brie_Tsen54_4,Tsen54,241.620595448283,230.858047887847,48.2381328478368,254.522657680475
Brie_Dhx29_1,Dhx29,224.117555153024,235.500003993868,5.94282586620215,140.666733893616
Brie_Dhx29_2,Dhx29,129.910014740305,122.486226489608,6.70835178442178,99.9903270649216
Brie_Dhx29_3,Dhx29,187.052293351299,200.149722878791,37.329388513207,104.932320417941
Brie_Dhx29_4,Dhx29,245.910556304964,213.182907330309,53.4054327958193,0.01
Brie_Mrps18c_1,Mrps18c,123.732471106685,104.632549158762,246.317964187167,0.01
Brie_Mrps18c_2,Mrps18c,128.880424134702,117.130123290354,102.97323600054,15.2161333939044
Brie_Mrps18c_3,Mrps18c,99.3654934407356,102.133034332443,89.9592953908067,20.538280081771
Brie_Mrps18c_4,Mrps18c,237.330634591602,208.183877677672,42.1139255020797,385.10532820063
Brie_Leng1_1,Leng1,219.827594296343,213.897054423543,206.127853480636,60.0742269059225
Brie_Leng1_2,Leng1,168.004867147634,190.865810666751,1.15828887732945,238.556217616876
Brie_Leng1_3,Leng1,193.916230721988,228.17999628822,0.584144438664724,70.338366946808
Brie_Leng1_4,Leng1,208.330499200437,229.42975370138,121.920002476476,71.0986736165032
Brie_Dolk_1,Dolk,190.312663602376,186.759464880656,56.4675364686978,9.13368003634266
Brie_Dolk_2,Dolk,97.6495090980632,132.484285794882,169.191227926539,23.9596600953995
Brie_Dolk_3,Dolk,140.377519230608,205.327289304737,0.775525918219632,4.00161001589991
Brie_Dolk_4,Dolk,273.709502656258,207.112657037821,0.584144438664724,0.390153334847611
Brie_H4c8_1,H4c8,225.318744192894,189.437516480283,0.96690739777454,16.7367467332949
Brie_H4c8_2,H4c8,156.164575183194,202.827774478418,19.3395294350457,11.4146000454283
Brie_H4c8_3,H4c8,195.803813498928,182.474582321253,32.7362330038893,7.80314336437602
Brie_H4c8_4,H4c8,160.282937605608,148.909668939261,0.96690739777454,21.1085100840424
Chopchop_Erdr1_1,Erdr1,174.697206084057,144.803323153167,4.41177402976288,0.200076667423805
Chopchop_Erdr1_2,Erdr1,185.336309008626,213.361444103618,2.88072219332362,20.7283567491948
Chopchop_Erdr1_3,Erdr1,211.762467885782,175.154574615606,1.34967035688436,203.201957476048
Chopchop_Erdr1_4,Erdr1,286.750983660569,314.41325779621,22.975777546589,176.020994034444
Brie_Selenoi_1,Selenoi,237.673831460136,214.432664743469,57.0416809073626,30.4222667878089
Brie_Selenoi_2,Selenoi,214.164845965523,168.727250776501,480.377513682819,30.6123434552327
Brie_Selenoi_3,Selenoi,109.66139949677,120.165248436598,0.201381479554908,5.33214668786655
Brie_Selenoi_4,Selenoi,169.034457753238,196.043377092696,40.7742551451954,6.47260669240938
Brie_Urm1_1,Urm1,149.129039378237,125.699888409161,4.7945369888727,25.2901967673661
Brie_Urm1_2,Urm1,178.129174769402,176.939942348691,3.07210367287853,16.1665167310235
Brie_Urm1_3,Urm1,73.2825314321142,112.131093637717,0.392762959109816,2.10084334166186
Brie_Urm1_4,Urm1,246.253753173499,279.598587001059,82.6867991677202,35.5543368082516
Chopchop_Mecom_1,Mecom,243.508178225223,228.001459514912,171.679187160752,142.187347233006
Chopchop_Mecom_2,Mecom,154.791787709056,178.903846855084,222.969423681468,59.5039969036511
Chopchop_Mecom_3,Mecom,179.330363809272,172.833596562596,40.5828736656405,70.9085969490794
Chopchop_Mecom_4,Mecom,210.218081977377,163.906757897172,263.925060306218,94.2880270422075
Brie_Ttf1_1,Ttf1,221.715177073282,219.431694396106,284.977023057258,90.866647028579
Brie_Ttf1_2,Ttf1,231.153090957981,219.610231169414,57.2330623869175,222.399700885852
Brie_Ttf1_3,Ttf1,185.679505877161,203.720458344961,4.7945369888727,0.01
Brie_Ttf1_4,Ttf1,166.632079673496,172.119449469362,166.12912425366,298.430367855374
Chopchop_Leng8_1,Leng8,192.886640116385,192.294104853219,124.02519875158,16.3565933984473
Chopchop_Leng8_2,Leng8,125.27685701509,166.941883043416,162.875639101227,109.684237103536
Chopchop_Leng8_3,Leng8,253.975682715525,284.062006333771,435.402865987416,162.525550647354
Chopchop_Leng8_4,Leng8,322.100261119621,255.139049057799,57.2330623869175,190.846974093501
Brie_Atf7ip_1,Atf7ip,252.774493675654,171.762375922745,599.034031006862,210.234794170729
Brie_Atf7ip_2,Atf7ip,232.011083129317,264.065887723222,265.838875101767,56.4627702248702
Brie_Atf7ip_3,Atf7ip,147.584653469832,143.017955420082,93.2127805432402,10.4642167083093
Brie_Atf7ip_4,Atf7ip,163.543307856686,159.086265017844,169.956753844758,222.969930888124
Brie_Fam210a_1,Fam210a,160.111339171341,133.555506434733,0.01,0.01
Brie_Fam210a_2,Fam210a,121.330093026943,140.696977367072,0.584144438664724,5.52222335529036
Brie_Fam210a_3,Fam210a,162.342118816815,137.840388994136,0.96690739777454,20.7283567491948
Brie_Fam210a_4,Fam210a,197.519797841601,203.006311251727,202.300223889538,125.650677167135
Brie_Mrpl15_1,Mrpl15,205.241727383627,249.24733553862,61.2520734575705,409.435141630877
Brie_Mrpl15_2,Mrpl15,108.631808891167,151.230646992271,7.2824962230865,15.596286728752
Brie_Mrpl15_3,Mrpl15,127.850833529099,128.735013555404,10.344599895965,17.3069767355663
Brie_Mrpl15_4,Mrpl15,145.353873824358,186.223854560731,1.15828887732945,36.3146434779468
Brie_Sprr2a2_1,Sprr2a2,260.49642321768,206.934120264513,363.252048195215,71.8589802861984
Brie_Sprr2a2_2,Sprr2a2,172.63802487285,182.83165586787,7.85664066175122,70.7185202816556
Brie_Sprr2a2_3,Sprr2a2,223.602759850222,223.716576955509,74.4573955468592,52.2810835415465
Brie_Sprr2a2_4,Sprr2a2,240.762603276947,225.501944688593,1.54105183643926,84.2139636687458
Brie_Ankrd17_1,Ankrd17,229.780303483843,163.371147577247,484.205143273917,162.33547397993
Brie_Ankrd17_2,Ankrd17,191.170655773712,229.786827247997,136.847757881759,175.83091736702
Brie_Ankrd17_3,Ankrd17,230.809894089446,206.219973171279,76.7539733015181,69.7681369445366
Brie_Ankrd17_4,Ankrd17,177.442781032333,191.222884213368,34.0759033607736,85.3544236732886
Chopchop_Surf2_1,Surf2,125.448455449357,119.272564570056,376.074607325394,67.1070636006033
Chopchop_Surf2_2,Surf2,132.14079438578,141.411124460306,214.740020060607,120.89876048154
Chopchop_Surf2_3,Surf2,108.975005759701,169.619934643043,152.349657725707,27.1909634416042
Chopchop_Surf2_4,Surf2,226.519933232765,220.681451809265,341.051796566846,29.0917301158422
Brie_Dis3_1,Dis3,200.608569658411,154.444308911824,0.775525918219632,0.200076667423805
Brie_Dis3_2,Dis3,93.7027451099165,129.092087102021,0.201381479554908,0.01
Brie_Dis3_3,Dis3,217.768413085136,184.438486827646,88.2368620748126,5.52222335529036
Brie_Dis3_4,Dis3,198.377790012937,227.10877564837,0.584144438664724,7.61306669695222
Brie_Sgms1_1,Sgms1,193.744632287721,187.830685520507,38.6690588700914,48.6696268604942
Brie_Sgms1_2,Sgms1,165.259292199358,136.947705127594,19.5309109146006,0.200076667423805
Brie_Sgms1_3,Sgms1,220.513988033412,212.468760237075,9.19631101863558,14.645903391633
Brie_Sgms1_4,Sgms1,180.874749717678,198.185818372398,8.81354805952576,0.01
Brie_Rbm33_1,Rbm33,115.667344696124,104.81108593207,15.7032813235024,4.19168668332372
Brie_Rbm33_2,Rbm33,208.845294503239,233.000489167549,33.1189959629991,20.1581267469234
Brie_Rbm33_3,Rbm33,108.4602104569,92.1349750271688,120.963095078702,53.9917735483607
Brie_Rbm33_4,Rbm33,140.034322362073,168.90578754981,237.897179086751,220.118780876767
Brie_Mrps5_1,Mrps5,203.010947738152,170.334081736277,27.5689330559067,35.3642601408278
Brie_Mrps5_2,Mrps5,153.93379553772,119.451101343364,235.026456893427,3.81153334847611
Brie_Mrps5_3,Mrps5,298.419677190741,292.453234679269,306.985893206072,211.375254175272
Brie_Mrps5_4,Mrps5,205.241727383627,235.678540767176,51.1088550411604,68.8177536074176
Brie_Uba6_1,Uba6,180.874749717678,198.364355145707,272.919989845299,64.2559135892462
Brie_Uba6_2,Uba6,169.892449924574,146.053080566326,0.584144438664724,177.161454038987
Brie_Uba6_3,Uba6,94.73233571552,89.6354602008503,139.335717115973,105.692627087636
Brie_Uba6_4,Uba6,177.957576335134,169.619934643043,35.7983366767678,94.0979503747837
Brie_Acd_1,Acd,178.643970072203,163.549684350556,0.392762959109816,0.01
Brie_Acd_2,Acd,215.194436571127,136.769168354286,54.5537216731488,148.649953925416
Brie_Acd_3,Acd,195.632215064661,154.622845685132,105.078432275644,0.770306669695222
Brie_Acd_4,Acd,270.277533970913,296.559580465363,0.584144438664724,65.3963735937891
Brie_Mrpl23_1,Mrpl23,212.792058491385,282.276638600686,25.2723553012478,13.1252900522426
Brie_Mrpl23_2,Mrpl23,226.348334798498,238.356592366803,357.319222329013,45.8184768491371
Brie_Mrpl23_3,Mrpl23,131.111203780176,138.911609633987,4.60315550931779,19.0176667423805
Brie_Mrpl23_4,Mrpl23,186.537498048497,169.084324323118,67.3762808033276,24.5298900976709
Brie_Dido1_1,Dido1,222.916366113153,214.611201516777,210.912390469509,171.459154016272
Brie_Dido1_2,Dido1,136.602353676728,159.264801791152,97.805936052558,20.538280081771
Brie_Dido1_3,Dido1,288.123771134707,262.101983216829,101.824947123211,163.666010651896
Brie_Dido1_4,Dido1,178.987166940738,214.968275063394,123.068291353806,69.0078302748414
Brie_Taf8_1,Taf8,281.946227501086,289.775183079642,12.2584146915141,8.75352670149505
Brie_Taf8_2,Taf8,177.271182598065,148.374058619336,114.073361814725,5.71230002271416
Brie_Taf8_3,Taf8,223.774358284489,237.463908500261,0.584144438664724,218.218014202529
Brie_Taf8_4,Taf8,139.176330190737,128.377940008788,17.8084775986064,240.456984291114
Brie_Fkbpl_1,Fkbpl,178.472371637936,186.402391334039,0.775525918219632,261.175341040309
Brie_Fkbpl_2,Fkbpl,157.708961091599,204.077531891577,2.88072219332362,31.7528034597755
Brie_Fkbpl_3,Fkbpl,270.620730839448,257.460027110809,92.2558731454656,112.91554044974
Brie_Fkbpl_4,Fkbpl,149.643834681039,154.801382458441,6.13420734575705,0.390153334847611
Brie_Tada2a_1,Tada2a,215.02283813686,219.788767942723,10.5359813755199,230.002767582805
Brie_Tada2a_2,Tada2a,149.129039378237,96.5983943598805,26.8034071376871,20.3482034143472
Brie_Tada2a_3,Tada2a,126.478046054961,146.76722765956,3.07210367287853,15.9764400635997
Brie_Tada2a_4,Tada2a,233.72706747199,219.788767942723,17.2343331599417,10.6542933757331
Brie_Xrcc4_1,Xrcc4,110.690990102374,142.839418646773,0.201381479554908,64.8261435915176
Brie_Xrcc4_2,Xrcc4,291.898936688586,263.708814176605,193.305294350457,155.492713952673
Brie_Xrcc4_3,Xrcc4,206.614514857765,155.872603098291,0.584144438664724,213.656174184357
Brie_Xrcc4_4,Xrcc4,215.709231873929,215.682422156628,0.584144438664724,140.85681056104
Brie_Sepsecs_1,Sepsecs,263.413596600223,268.172233509317,0.96690739777454,9.13368003634266
Brie_Sepsecs_2,Sepsecs,202.152955566816,245.855136845759,0.775525918219632,0.200076667423805
Brie_Sepsecs_3,Sepsecs,223.431161415955,240.141960099888,33.5017589221089,33.8436468014374
Brie_Sepsecs_4,Sepsecs,292.070535122853,197.114597732547,9.00492953908067,0.200076667423805
Chopchop_Rpl37rt_1,Rpl37rt,187.395490219833,197.828744825781,0.201381479554908,38.4054868196087
Chopchop_Rpl37rt_2,Rpl37rt,131.111203780176,117.130123290354,6.70835178442178,4.76191668559513
Chopchop_Rpl37rt_3,Rpl37rt,130.939605345909,163.906757897172,5.36868142753742,12.3649833825474
Chopchop_Rpl37rt_4,Rpl37rt,188.425080825437,180.689214588168,21.8274886692595,5.33214668786655
Brie_Zswim7_1,Zswim7,170.235646793108,188.901906160358,20.6791997919301,240.647060958538
Brie_Zswim7_2,Zswim7,285.892991489232,275.135167668347,205.745090521526,406.964144954367
Brie_Zswim7_3,Zswim7,145.697070692892,100.704740145975,0.392762959109816,41.8268668332372
Brie_Zswim7_4,Zswim7,265.644376245697,245.498063299142,67.1848993237727,53.8016968809369
Brie_Igf1r_1,Igf1r,179.330363809272,212.290223463767,33.8845218812187,37.2650268150659
Brie_Igf1r_2,Igf1r,175.898395123928,190.865810666751,37.1380070336521,43.917710174899
Brie_Igf1r_3,Igf1r,238.188626762938,238.178055593495,58.189969784692,16.5466700658711
Brie_Igf1r_4,Igf1r,123.560872672417,188.723369387049,16.8515702008319,3.6214566810523
Brie_Rsph3b_1,Rsph3b,145.868669127159,171.940912696053,112.733691457841,109.684237103536
Brie_Rsph3b_2,Rsph3b,203.354144606687,168.90578754981,13.7894665279534,241.977597630504
Brie_Rsph3b_3,Rsph3b,202.667750869618,161.585779844162,250.528356737374,31.9428801271993
Brie_Rsph3b_4,Rsph3b,120.30050242134,133.376969661425,44.7932662158485,11.4146000454283
Brie_Dicer1_1,Dicer1,253.289288978456,310.485448783424,63.7400326917843,0.01
Brie_Dicer1_2,Dicer1,223.774358284489,226.037555008519,904.861635335605,197.689734120758
Brie_Dicer1_3,Dicer1,195.460616630394,184.617023600955,29.4827478514558,0.200076667423805
Brie_Dicer1_4,Dicer1,192.028647945049,211.754613143842,36.7552440745423,20.1581267469234
Brie_Zfc3h1_1,Zfc3h1,200.436971224144,193.008251946453,251.485264135149,32.3230334620469
Brie_Zfc3h1_2,Zfc3h1,194.602624459057,214.968275063394,164.215309458111,6.66268335983319
Brie_Zfc3h1_3,Zfc3h1,247.283343779102,256.924416790884,94.5524509001245,266.497487728175
Brie_Zfc3h1_4,Zfc3h1,72.9393345635797,89.2783866542334,212.060679346838,5.90237669013797
Brie_Dynlt1b_1,Dynlt1b,194.602624459057,196.221913866005,48.8122772865015,36.124566810523
Brie_Dynlt1b_2,Dynlt1b,130.081613174573,91.063754387318,158.665246551019,271.24940441377
Brie_Dynlt1b_3,Dynlt1b,157.880559525867,106.060843345229,79.4333140152868,548.95141551995
Brie_Dynlt1b_4,Dynlt1b,231.496287826515,271.564432202178,40.2001107065307,126.030830501983
Brie_Tsc2_1,Tsc2,252.774493675654,244.426842659291,495.688032047211,902.874170263076
Brie_Tsc2_2,Tsc2,241.963792316817,221.931209222424,509.084735616055,59.3139202362273
Brie_Tsc2_3,Tsc2,251.230107767249,232.107805301007,673.098663594611,151.120950601925
Brie_Tsc2_4,Tsc2,338.745309243544,313.520573929668,84.0264695246046,1119.94172446106
Brie_Tgs1_1,Tgs1,189.797868299574,200.149722878791,0.392762959109816,84.7841936710172
Brie_Tgs1_2,Tgs1,229.093909746774,218.89608407618,346.410477994383,74.3299769627079
Brie_Tgs1_3,Tgs1,170.407245227376,179.617993948318,392.533414567116,47.3390901885275
Brie_Tgs1_4,Tgs1,273.537904221991,230.143900794614,23.7413034648086,93.7177970399361
Brie_Gtf2h3_1,Gtf2h3,172.466426438583,178.546773308467,131.680457933777,9.70391003861407
Brie_Gtf2h3_2,Gtf2h3,203.354144606687,201.578017065259,0.584144438664724,8.75352670149505
Brie_Gtf2h3_3,Gtf2h3,199.064183750006,225.680481461902,47.4726069296172,87.0651136801029
Brie_Gtf2h3_4,Gtf2h3,181.904340323281,162.478463710705,0.96690739777454,0.390153334847611
Brie_Gcn1_1,Gcn1,207.300908594834,203.363384798344,3.26348515243343,33.6535701340135
Brie_Gcn1_2,Gcn1,229.265508181041,233.714636260783,189.286283279804,301.091441199308
Brie_Gcn1_3,Gcn1,314.035134709061,317.626919715762,294.546097035003,169.938540676882
Brie_Gcn1_4,Gcn1,143.294692613151,129.092087102021,19.9136738737104,24.3398134302471
Brie_Cdk12_1,Cdk12,223.259562981688,271.921505748795,46.8984624909524,39.7360234915753
Brie_Cdk12_2,Cdk12,258.265643572206,252.282460684863,94.5524509001245,299.570827859917
Brie_Cdk12_3,Cdk12,91.6435638987096,107.846211078314,0.01,1.72069000681425
Brie_Cdk12_4,Cdk12,224.289153587291,273.885410255188,210.146864551289,237.605834279757
Brie_Slc25a28_1,Slc25a28,209.703286674575,147.481374752794,16.0860442826123,20.7283567491948
Brie_Slc25a28_2,Slc25a28,130.424810043107,131.59160192834,14.9377554052828,4.00161001589991
Brie_Slc25a28_3,Slc25a28,266.330769982766,258.352710977351,212.252060826393,22.0588934211614
Brie_Slc25a28_4,Slc25a28,196.490207235997,233.000489167549,0.392762959109816,61.4047635778891
Brie_Nup35_1,Nup35,108.975005759701,129.27062387533,133.594272729326,74.7101302975555
Brie_Nup35_2,Nup35,220.342389599144,185.15263392088,1.73243331599417,0.200076667423805
Brie_Nup35_3,Nup35,234.413461209059,186.759464880656,186.03279812737,200.540884132115
Brie_Nup35_4,Nup35,148.099448772634,123.200373582842,128.235591301788,0.390153334847611
Brie_Polrmt_1,Polrmt,208.330499200437,151.052110218963,7.09111474353159,35.174183473404
Brie_Polrmt_2,Polrmt,247.798139081904,253.175144551406,31.3965626470049,63.1154535847034
Brie_Polrmt_3,Polrmt,192.371844813583,231.75073175439,8.04802214130613,1.34053667196664
Brie_Polrmt_4,Polrmt,188.425080825437,263.530277403297,5.75144438664724,0.390153334847611
Chopchop_Taf1a_1,Taf1a,87.3536030420284,68.5681209504512,0.392762959109816,42.2070201680848
Chopchop_Taf1a_2,Taf1a,134.886369334056,141.946734780231,16.660188721277,0.200076667423805
Chopchop_Taf1a_3,Taf1a,233.898665906257,261.387836123595,53.2140513162644,4.19168668332372
Chopchop_Taf1a_4,Taf1a,184.47831683729,218.360473756255,11.1101258141847,4.76191668559513
Brie_Ipo4_1,Ipo4,322.78665485669,321.37619195524,155.22037991903,113.105617117164
Brie_Ipo4_2,Ipo4,268.561549628241,229.965364021305,122.111383956031,76.230743636946
Brie_Ipo4_3,Ipo4,210.732877280179,231.929268527698,14.1722294870632,181.153064054887
Brie_Ipo4_4,Ipo4,274.052699524792,306.736176543946,30.0568922901205,103.031553743703
Brie_Vrk1_1,Vrk1,339.260104546346,425.820204340693,8.43078510041595,25.6703501022137
Brie_Vrk1_2,Vrk1,221.543578639015,207.648267357747,7.09111474353159,148.84003059284
Brie_Vrk1_3,Vrk1,271.821919879318,252.996607778097,45.5587921340681,287.025767809946
Brie_Vrk1_4,Vrk1,192.886640116385,200.149722878791,33.6931404016638,9.32375670376646
Brie_Mdm4_1,Mdm4,167.490071844832,152.480404405431,0.775525918219632,59.6940735710749
Brie_Mdm4_2,Mdm4,129.052022568969,133.376969661425,0.775525918219632,7.61306669695222
Brie_Mdm4_3,Mdm4,169.377654621772,229.965364021305,383.347103548481,19.587896744652
Brie_Mdm4_4,Mdm4,201.981357132549,185.509707467497,15.7032813235024,3.4313800136285
Brie_Msto1_1,Msto1,114.122958787719,122.843300036225,0.392762959109816,6.85276002725699
Brie_Msto1_2,Msto1,209.016892937506,139.090146407296,229.667775465889,4.76191668559513
Brie_Msto1_3,Msto1,136.602353676728,148.909668939261,4.60315550931779,14.4558267242092
Brie_Msto1_4,Msto1,249.514123424576,234.250246580708,22.0188701488144,8.37337336664744
Brie_Caskin2_1,Caskin2,337.544120203674,351.013296324446,107.183628550748,340.817464690883
Brie_Caskin2_2,Caskin2,214.508042834058,222.109745995733,154.646235480366,57.7933068968368
Brie_Caskin2_3,Caskin2,139.176330190737,183.724339734412,86.7058102383733,220.30885754419
Brie_Caskin2_4,Caskin2,233.040673734921,236.571224633718,105.461195234754,115.956767128521
Brie_Ankrd49_1,Ankrd49,96.6199184924597,96.5983943598805,4.41177402976288,3.05122667878089
Brie_Ankrd49_2,Ankrd49,222.229972376084,195.68630354608,392.724796046671,81.9330436596601
Brie_Ankrd49_3,Ankrd49,163.543307856686,195.68630354608,1.15828887732945,3.6214566810523
Brie_Ankrd49_4,Ankrd49,178.300773203669,206.577046717896,0.392762959109816,0.200076667423805
Brie_Urb2_1,Urb2,126.992841357762,97.4910782264228,5.36868142753742,0.01
Brie_Urb2_2,Urb2,320.555875211216,276.02785153489,212.060679346838,379.403028177916
Brie_Urb2_3,Urb2,153.93379553772,154.087235365207,12.449796171069,0.01
Brie_Urb2_4,Urb2,200.093774355609,193.543862266378,0.96690739777454,0.580230002271416
Brie_Med27_1,Med27,187.052293351299,221.574135675807,106.035339673419,3.24130334620469
Brie_Med27_2,Med27,214.164845965523,182.296045547945,77.9022621788475,317.057881262907
Brie_Med27_3,Med27,188.939876128238,152.301867632122,8.81354805952576,26.6207334393328
Brie_Med27_4,Med27,192.028647945049,215.146811836702,115.413032171609,132.683513861816
Brie_Utp23_1,Utp23,151.188220589444,141.411124460306,0.775525918219632,4.19168668332372
Brie_Utp23_2,Utp23,162.68531568535,190.508737120134,5.56006290709233,257.944037694104
Brie_Utp23_3,Utp23,163.200110988151,201.578017065259,16.0860442826123,18.2573600726853
Brie_Utp23_4,Utp23,124.762061712288,106.953527211772,35.0328107585481,0.01
Brie_Hlcs_1,Hlcs,238.70342206574,242.820011699515,46.1329365727328,63.1154535847034
Brie_Hlcs_2,Hlcs,277.999463512939,280.312734094293,457.41173613623,456.574155151981
Brie_Hlcs_3,Hlcs,207.644105463368,182.83165586787,182.970694454492,31.3726501249279
Brie_Hlcs_4,Hlcs,275.940282301732,279.777123774367,214.740020060607,114.056000454283
Brie_Mrrf_1,Mrrf,190.484262036643,155.694066324983,46.1329365727328,7.80314336437602
Brie_Mrrf_2,Mrrf,199.922175921342,221.574135675807,286.316693414142,270.869251078923
Brie_Mrrf_3,Mrrf,159.768142302806,194.615082906229,0.584144438664724,0.01
Brie_Mrrf_4,Mrrf,160.111339171341,176.761405575382,93.9783064614598,373.13049815293
Brie_Mrps10_1,Mrps10,206.099719554963,222.645356315658,15.3205183643926,219.358474207071
Brie_Mrps10_2,Mrps10,145.868669127159,141.768198006923,353.874355697025,437.376411742176
Brie_Mrps10_3,Mrps10,208.845294503239,202.113627385184,17.9998590781613,34.6039534711326
Brie_Mrps10_4,Mrps10,227.377925404101,169.262861096426,74.4573955468592,126.410983836831
Brie_Fbxw7_1,Fbxw7,151.359819023711,192.11556807991,6.13420734575705,155.87286728752
Brie_Fbxw7_2,Fbxw7,242.650186053886,239.070739460037,0.775525918219632,0.01
Brie_Fbxw7_3,Fbxw7,255.863265492464,240.856107193122,19.9136738737104,3.81153334847611
Brie_Fbxw7_4,Fbxw7,163.543307856686,127.663792915554,45.750173613623,262.315801044851
Brie_E4f1_1,E4f1,148.614244075435,185.331170694188,25.6551182603577,335.875471337864
Brie_E4f1_2,E4f1,166.117284370694,177.475552668616,951.175953387892,39.3558701567277
Brie_E4f1_3,E4f1,188.253482391169,202.292164158493,65.4624660077785,256.993654356985
Brie_E4f1_4,E4f1,170.064048358841,167.477493363342,11.8756517324043,40.6864068286944
Brie_Dph6_1,Dph6,152.904204932117,142.12527155354,8.04802214130613,12.5550600499712
Brie_Dph6_2,Dph6,198.892585315739,164.977978537023,59.7210216211313,23.5795067605519
Brie_Dph6_3,Dph6,239.218217368541,232.107805301007,27.7603145354616,0.01
Brie_Dph6_4,Dph6,149.815433115306,220.502915035956,1.34967035688436,1.34053667196664
Brie_Elp4_1,Elp4,225.318744192894,244.962452979216,120.388950640037,55.8925402225988
Brie_Elp4_2,Elp4,134.371574031254,174.61896429568,27.9516960150166,0.01
Brie_Elp4_3,Elp4,185.507907442893,199.792649332174,0.584144438664724,91.4368770308504
Brie_Elp4_4,Elp4,146.726661298496,122.3076897163,132.445983851996,64.6360669240938
Brie_Ctu2_1,Ctu2,209.874885108842,193.186788719761,5.36868142753742,25.8604267696375
Brie_Ctu2_2,Ctu2,214.679641268325,187.652148747199,15.8946628030574,6.09245335756177
Brie_Ctu2_3,Ctu2,175.555198255393,183.724339734412,402.676632983526,17.6871300704139
Brie_Ctu2_4,Ctu2,90.2707764245716,103.561328518911,0.392762959109816,7.99322003179983
Brie_Nom1_1,Nom1,339.774899849148,363.867944002655,377.031514723169,12.745136717395
Brie_Nom1_2,Nom1,167.490071844832,133.376969661425,161.344587264787,1.91076667423805
Brie_Nom1_3,Nom1,141.235511401944,149.266742485878,0.201381479554908,16.5466700658711
Brie_Nom1_4,Nom1,219.484397427808,200.506796425408,292.440900759899,73.9498236278603
Brie_Srek1_1,Srek1,208.502097634704,166.406272723491,6.51697030486687,11.9848300476997
Brie_Srek1_2,Srek1,144.839078521556,164.977978537023,15.5118998439475,6.47260669240938
Brie_Srek1_3,Srek1,189.111474562505,171.048228829511,0.96690739777454,7.0428366946808
Brie_Srek1_4,Srek1,158.91015013147,184.081413281029,10.344599895965,87.0651136801029
Brie_Kif20b_1,Kif20b,181.904340323281,181.224824908094,45.750173613623,663.567645976505
Brie_Kif20b_2,Kif20b,144.324283218754,156.229676644908,56.4675364686978,124.700293830016
Brie_Kif20b_3,Kif20b,182.59073406035,151.230646992271,9.38769249819049,115.576613793674
Brie_Kif20b_4,Kif20b,138.318338019401,160.514559204312,91.2989657476911,137.815583882259
Brie_Dbf4_1,Dbf4,126.992841357762,117.487196836971,0.201381479554908,9.70391003861407
Brie_Dbf4_2,Dbf4,133.685180294185,118.915491023439,21.4447257101497,19.3978200772282
Brie_Dbf4_3,Dbf4,150.673425286642,202.292164158493,315.215296826933,156.823250624639
Brie_Dbf4_4,Dbf4,76.3713032489246,116.41597619712,0.584144438664724,0.200076667423805
Brie_Ccdc86_1,Ccdc86,158.223756394401,149.266742485878,147.182357777724,211.565330842695
Brie_Ccdc86_2,Ccdc86,83.578437488149,68.5681209504512,55.7020105504782,48.0993968582228
Brie_Ccdc86_3,Ccdc86,63.6730191131484,54.2851790857739,45.750173613623,19.2077434098043
Brie_Ccdc86_4,Ccdc86,130.25321160884,153.551625045281,126.130395026684,11.7947533802759
Brie_Taf7_1,Taf7,174.697206084057,161.585779844162,248.231778982716,122.419373820931
Brie_Taf7_2,Taf7,173.667615478453,128.735013555404,0.201381479554908,5.90237669013797
Brie_Taf7_3,Taf7,213.478452228454,215.146811836702,10.344599895965,84.7841936710172
Brie_Taf7_4,Taf7,235.099854946128,236.035614313793,154.646235480366,310.595274570498
Brie_Trmt61a_1,Trmt61a,329.993789095915,283.526396013845,19.5309109146006,18.0672834052615
Brie_Trmt61a_2,Trmt61a,143.466291047418,178.011162988541,55.5106290709233,14.0756733893616
Brie_Trmt61a_3,Trmt61a,224.803948890093,198.721428692323,39.434584788311,42.96732683778
Brie_Trmt61a_4,Trmt61a,184.306718403023,203.363384798344,8.62216657997086,28.5215001135708
Chopchop_Banp_1,Banp,221.88677550755,282.633712147303,179.525827822504,35.9344901430992
Chopchop_Banp_2,Banp,180.874749717678,228.358533061529,7.09111474353159,0.200076667423805
Chopchop_Banp_3,Banp,114.809352524788,113.559387824185,0.392762959109816,0.200076667423805
Chopchop_Banp_4,Banp,155.992976748927,163.906757897172,0.775525918219632,8.56345003407124
Brie_Dcaf13_1,Dcaf13,102.797462126081,109.988652358016,0.392762959109816,13.5054433870902
Brie_Dcaf13_2,Dcaf13,105.371438640089,122.843300036225,0.775525918219632,0.200076667423805
Brie_Dcaf13_3,Dcaf13,221.88677550755,203.184848025035,0.392762959109816,9.51383337119027
Brie_Dcaf13_4,Dcaf13,159.939740737074,191.758494533293,51.4916180002702,333.404474661355
Brie_Kdsr_1,Kdsr,294.644511636862,280.491270867601,0.775525918219632,31.3726501249279
Brie_Kdsr_2,Kdsr,233.383870603455,292.988844999194,31.9707070856696,20.3482034143472
Brie_Kdsr_3,Kdsr,114.980950959055,105.703769798612,16.2774257621672,0.200076667423805
Brie_Kdsr_4,Kdsr,195.460616630394,237.106834953644,17.4257146394966,14.4558267242092
Brie_B3galt6_1,B3galt6,305.283614561431,324.589853874792,75.6056844241886,94.0979503747837
Brie_B3galt6_2,B3galt6,223.602759850222,253.353681324714,61.4434549371254,103.41170707855
Brie_B3galt6_3,B3galt6,146.555062864228,129.27062387533,20.6791997919301,43.5375568400514
Brie_B3galt6_4,B3galt6,214.336444399791,265.49418190969,91.490347227246,40.6864068286944
Brie_Tsen15_1,Tsen15,157.880559525867,218.717547302872,67.9504252419923,95.4284870467503
Brie_Tsen15_2,Tsen15,183.620324665954,159.264801791152,329.568907793551,7.2329133621046
Brie_Tsen15_3,Tsen15,255.348470189663,259.602468390511,6.32558882531196,41.4467134983896
Brie_Tsen15_4,Tsen15,194.602624459057,188.187759067124,29.099984892346,158.533940631454
Brie_Ccdc174_1,Ccdc174,196.661805670264,229.965364021305,218.950412610815,45.2482468468657
Brie_Ccdc174_2,Ccdc174,222.401570810351,231.215121434464,29.2913663719009,10.4642167083093
Brie_Ccdc174_3,Ccdc174,212.792058491385,247.283431032226,206.510616439746,393.278624899853
Brie_Ccdc174_4,Ccdc174,159.768142302806,163.371147577247,103.547380439205,14.645903391633
Brie_Ints13_1,Ints13,222.744767678886,235.321467220559,49.960566163831,21.1085100840424
Brie_Ints13_2,Ints13,215.709231873929,189.080442933666,1.34967035688436,45.2482468468657
Brie_Ints13_3,Ints13,194.43102602479,224.430724048743,11.4928887732945,34.9841068059802
Brie_Ints13_4,Ints13,149.472236246772,158.550654697918,87.4713361565929,23.7695834279757
Brie_Nbas_1,Nbas,159.253347000005,187.830685520507,97.805936052558,118.237687137607
Brie_Nbas_2,Nbas,119.099313381469,153.373088271973,82.4954176881653,10.6542933757331
Brie_Nbas_3,Nbas,105.543037074357,152.837477952048,9.19631101863558,80.4124303202697
Brie_Nbas_4,Nbas,164.401300028022,207.29119381113,137.996046759089,81.3628136573887
Brie_Rad54l2_1,Rad54l2,205.070128949359,227.287312421678,106.418102632529,212.515714179814
Brie_Rad54l2_2,Rad54l2,88.3831936476319,86.064724734681,29.6741293310107,28.7115767809946
Brie_Rad54l2_3,Rad54l2,154.448590840522,152.301867632122,17.4257146394966,5.14207002044275
Brie_Rad54l2_4,Rad54l2,276.111880735999,210.147782184065,124.216580231135,170.128617344306
Brie_Kif4_1,Kif4,189.626269865307,142.660881873465,0.775525918219632,28.1413467787232
Brie_Kif4_2,Kif4,150.158629983841,163.728221123864,170.339516803868,5.90237669013797
Brie_Kif4_3,Kif4,237.159036157334,284.954690200313,4.02901107065307,103.41170707855
Brie_Kif4_4,Kif4,40.3356320528029,59.9983558316448,0.201381479554908,13.3153667196664
Brie_Ascc3_1,Ascc3,231.153090957981,277.634682494666,0.584144438664724,16.1665167310235
Brie_Ascc3_2,Ascc3,177.957576335134,177.475552668616,0.584144438664724,0.200076667423805
Brie_Ascc3_3,Ascc3,222.744767678886,181.581898454711,9.96183693685521,6.47260669240938
Brie_Ascc3_4,Ascc3,56.1226880053896,33.2178398353748,5.75144438664724,0.01
Brie_Znhit3_1,Znhit3,146.211865995694,215.146811836702,851.27482106023,103.221630411126
Brie_Znhit3_2,Znhit3,253.117690544188,258.709784523968,21.0619627510399,298.810521190222
Brie_Znhit3_3,Znhit3,205.756522686428,149.623816032495,79.050551056177,133.633897198935
Brie_Znhit3_4,Znhit3,165.602489067893,192.829715173144,12.449796171069,62.545223582432
Brie_Cdc26_1,Cdc26,172.294828004315,190.865810666751,0.392762959109816,5.14207002044275
Brie_Cdc26_2,Cdc26,246.596950042033,261.209299350287,114.838887732945,5.71230002271416
Brie_Cdc26_3,Cdc26,309.916772286647,288.525425666482,19.1481479554908,293.488374502356
Brie_Cdc26_4,Cdc26,290.697747648715,244.783916205908,8.62216657997086,84.2139636687458
Brie_Tprkb_1,Tprkb,252.946092109921,233.714636260783,21.6361071897046,30.4222667878089
Brie_Tprkb_2,Tprkb,145.353873824358,148.731132165953,5.94282586620215,17.4970534029901
Brie_Tprkb_3,Tprkb,219.655995862075,194.793619679537,0.96690739777454,4.19168668332372
Brie_Tprkb_4,Tprkb,116.52533686746,136.947705127594,0.392762959109816,6.09245335756177
Brie_Med12_1,Med12,160.626134474143,170.869692056203,81.7298917699457,182.863754061701
Brie_Med12_2,Med12,166.288882804962,202.470700931801,72.9263437104199,325.991484631826
Brie_Med12_3,Med12,148.099448772634,170.155544962969,86.3230472792635,112.725463782317
Brie_Med12_4,Med12,165.430890633625,215.146811836702,91.8731101863558,187.235517412448
Chopchop_Sema4c_1,Sema4c,317.638701828673,369.224047201909,89.5765324316969,52.2810835415465
Chopchop_Sema4c_2,Sema4c,203.868939909489,156.943823738142,119.432043242263,37.6451801499135
Chopchop_Sema4c_3,Sema4c,226.691531667032,189.7945900269,176.846487108735,6.09245335756177
Chopchop_Sema4c_4,Sema4c,53.5487114913809,63.7476280711226,279.809723109275,5.90237669013797
Brie_Siah1b_1,Siah1b,197.005002538799,236.214151087101,410.331892165723,195.408814111672
Brie_Siah1b_2,Siah1b,92.673154504313,126.592572275703,49.3864217251662,62.9253769172796
Brie_Siah1b_3,Siah1b,182.762332494617,155.694066324983,50.5347106024957,106.452933757331
Brie_Siah1b_4,Siah1b,183.620324665954,152.123330858814,77.7108806992926,67.2971402680271
Brie_Dhx35_1,Dhx35,244.366170396559,246.390747165684,158.473865071464,63.1154535847034
Brie_Dhx35_2,Dhx35,186.022702745695,207.826804131055,83.8350880450497,159.104170633725
Brie_Dhx35_3,Dhx35,176.069993558195,149.623816032495,127.278683904014,61.5948402453129
Brie_Dhx35_4,Dhx35,170.407245227376,137.483315447519,35.0328107585481,108.543777098993
Brie_Meaf6_1,Meaf6,180.359954414876,165.156515310332,258.183615919571,582.975138988811
Brie_Meaf6_2,Meaf6,135.572763071125,134.626727074584,82.8781806472751,245.969207646404
Brie_Meaf6_3,Meaf6,328.277804753242,367.795753015441,246.126582707612,616.998862457672
Brie_Meaf6_4,Meaf6,173.324418609919,163.906757897172,78.4764066175123,443.648941767162
Brie_Dusp12_1,Dusp12,224.632350455826,214.432664743469,0.584144438664724,6.47260669240938
Brie_Dusp12_2,Dusp12,207.815703897635,222.288282769041,183.353457413602,67.8673702702985
Brie_Dusp12_3,Dusp12,269.076344931042,277.456145721357,37.9035329518718,2.48099667650947
Brie_Dusp12_4,Dusp12,281.603030632551,331.731324807131,49.1950402456113,175.070610697325
Brie_Wdr4_1,Wdr4,144.667480087289,157.300897284759,0.584144438664724,15.9764400635997
Brie_Wdr4_2,Wdr4,183.620324665954,191.044347440059,30.6310367287853,24.9100434325185
Brie_Wdr4_3,Wdr4,182.762332494617,113.380851050876,0.775525918219632,13.1252900522426
Brie_Wdr4_4,Wdr4,190.141065168109,173.190670109213,7.2824962230865,7.61306669695222
Brie_Taf11_1,Taf11,78.0872875915971,98.0266885463482,0.201381479554908,15.596286728752
Brie_Taf11_2,Taf11,280.058644724146,262.101983216829,14.1722294870632,148.84003059284
Brie_Taf11_3,Taf11,304.425622390095,271.742968975486,116.561321048939,19.9680500794996
Brie_Taf11_4,Taf11,190.141065168109,162.657000484013,86.5144287588184,2.29092000908566
Brie_Dolpp1_1,Dolpp1,208.330499200437,184.795560374263,129.192498699563,228.862307578262
Brie_Dolpp1_2,Dolpp1,130.768006911642,141.411124460306,25.6551182603577,151.881257271621
Brie_Dolpp1_3,Dolpp1,191.857049510781,185.509707467497,57.4244438664724,42.7772501703562
Brie_Dolpp1_4,Dolpp1,190.484262036643,227.287312421678,53.0226698367095,46.1986301839847
Brie_Acaca_1,Acaca,174.354009215522,151.230646992271,0.96690739777454,0.200076667423805
Brie_Acaca_2,Acaca,185.164710574359,197.650208052473,0.392762959109816,0.200076667423805
Brie_Acaca_3,Acaca,145.010676955823,98.7408356395821,10.5359813755199,12.745136717395
Brie_Acaca_4,Acaca,117.898124341598,94.098879533562,5.94282586620215,0.01
Brie_Rptor_1,Rptor,212.792058491385,247.640504578843,276.939000915952,82.5032736619315
Brie_Rptor_2,Rptor,275.42548699893,307.628860410488,77.9022621788475,90.6765703611552
Brie_Rptor_3,Rptor,154.105393971987,167.65603013665,37.1380070336521,16.9268234007187
Brie_Rptor_4,Rptor,180.016757546341,153.73016181859,124.216580231135,22.439046756009
Brie_Rint1_1,Rint1,135.915959939659,163.906757897172,36.3724811154325,63.495606919551
Brie_Rint1_2,Rint1,202.667750869618,201.935090611876,1.34967035688436,23.5795067605519
Brie_Rint1_3,Rint1,230.466697220912,231.75073175439,17.8084775986064,148.459877257992
Brie_Rint1_4,Rint1,153.93379553772,188.544832613741,116.369939569384,31.9428801271993
Brie_Pik3r4_1,Pik3r4,177.957576335134,186.938001653965,17.0429516803868,14.0756733893616
Brie_Pik3r4_2,Pik3r4,122.702880501081,205.505826078045,0.392762959109816,3.4313800136285
Brie_Pik3r4_3,Pik3r4,268.046754325439,296.202506918746,7.2824962230865,51.7108535392751
Brie_Pik3r4_4,Pik3r4,169.034457753238,188.366295840432,40.9656366247503,7.80314336437602
Brie_Rev1_1,Rev1,161.312528211212,182.117508774636,20.2964368328202,513.97730871397
Brie_Rev1_2,Rev1,146.555062864228,154.979919231749,6.70835178442178,119.188070474726
Brie_Rev1_3,Rev1,225.147145758627,205.684362851354,725.919951951766,206.623337489676
Brie_Rev1_4,Rev1,132.312392820047,108.203284624931,40.7742551451954,0.01
Brie_Mettl3_1,Mettl3,291.384141385784,281.026881187527,367.271059265868,168.798080672339
Brie_Mettl3_2,Mettl3,170.064048358841,222.288282769041,66.9935178442178,472.160441880733
Brie_Mettl3_3,Mettl3,260.49642321768,301.022999798075,505.448487504512,219.928704209343
Brie_Mettl3_4,Mettl3,234.756658077593,251.211240045013,0.392762959109816,87.6353436823743
Brie_Birc6_1,Birc6,225.147145758627,194.615082906229,158.091102112354,161.195013975387
Brie_Birc6_2,Birc6,182.247537191816,180.153604268243,161.727350223897,17.1169000681425
Brie_Birc6_3,Birc6,293.100125728457,368.152826562058,249.380067860045,399.171001589991
Brie_Birc6_4,Birc6,140.720716099142,142.303808326848,27.9516960150166,4.76191668559513
Brie_Cenpc1_1,Cenpc1,196.661805670264,157.479434058068,20.4878183123752,49.4299335301894
Brie_Cenpc1_2,Cenpc1,153.247401800651,125.164278089235,106.418102632529,38.4054868196087
Brie_Cenpc1_3,Cenpc1,234.070264340524,293.345918545811,840.174695246046,88.9658803543409
Brie_Cenpc1_4,Cenpc1,91.1287685959078,104.454012385453,0.392762959109816,59.3139202362273
Chopchop_Vezt_1,Vezt,161.312528211212,153.73016181859,0.201381479554908,7.42299002952841
Chopchop_Vezt_2,Vezt,189.969466733842,178.903846855084,25.6551182603577,367.61827479764
Chopchop_Vezt_3,Vezt,225.833539495696,247.461967805535,90.3420583499165,12.1749067151235
Chopchop_Vezt_4,Vezt,230.466697220912,264.244424496531,17.4257146394966,50.9505468695798
Brie_Cmtr2_1,Cmtr2,210.218081977377,225.680481461902,56.6589179482527,13.695520054514
Brie_Cmtr2_2,Cmtr2,238.875020500007,290.310793399567,13.5980850483985,11.2245233780045
Brie_Cmtr2_3,Cmtr2,300.478858401948,306.557639770637,9.00492953908067,228.102000908566
Brie_Cmtr2_4,Cmtr2,184.306718403023,189.258979706975,0.775525918219632,39.3558701567277
Brie_Casp8ap2_1,Casp8ap2,224.117555153024,230.858047887847,175.315435272296,322.380027950774
Brie_Casp8ap2_2,Casp8ap2,103.827052731684,135.340874167818,7.66525918219632,121.468990483812
Brie_Casp8ap2_3,Casp8ap2,163.543307856686,165.692125630257,72.734962230865,15.2161333939044
Brie_Casp8ap2_4,Casp8ap2,169.377654621772,139.982830273838,63.5486512122294,67.4872169354509
Brie_Dgcr8_1,Dgcr8,196.147010367463,199.792649332174,82.3040362086104,146.749187251178
Brie_Dgcr8_2,Dgcr8,160.969331342677,126.771109049011,230.050538424999,123.559833825474
Brie_Dgcr8_3,Dgcr8,279.715447855612,231.215121434464,2.11519627510399,13.695520054514
Brie_Dgcr8_4,Dgcr8,221.028783336213,159.086265017844,161.727350223897,47.7192435233751
Brie_Nktr_1,Nktr,237.502233025869,260.85222580367,245.169675309837,170.128617344306
Brie_Nktr_2,Nktr,159.253347000005,195.507766772771,289.952941525686,95.6185637141741
Brie_Nktr_3,Nktr,186.880694917031,151.230646992271,316.554967183818,261.74557104258
Brie_Nktr_4,Nktr,277.827865078672,264.601498043148,238.27994204586,499.721558657184
Brie_Arntl_1,Arntl,146.211865995694,158.37211792461,94.9352138592343,115.38653712625
Brie_Arntl_2,Arntl,215.880830308196,165.156515310332,135.125324565765,67.8673702702985
Brie_Arntl_3,Arntl,90.0991779903044,97.8481517730398,0.392762959109816,11.7947533802759
Brie_Arntl_4,Arntl,190.312663602376,239.606349779962,37.7121514723169,333.214397993931
Brie_Ppp2r3c_1,Ppp2r3c,97.4779106637959,124.62866776931,0.392762959109816,0.200076667423805
Brie_Ppp2r3c_2,Ppp2r3c,249.342524990309,242.462938152898,319.234307897586,23.7695834279757
Brie_Ppp2r3c_3,Ppp2r3c,205.413325817894,249.24733553862,20.4878183123752,3.6214566810523
Brie_Ppp2r3c_4,Ppp2r3c,124.247266409486,130.341844515181,0.584144438664724,6.47260669240938
Brie_Ska3_1,Ska3,170.75044209591,163.728221123864,14.7463739257279,187.425594079872
Brie_Ska3_2,Ska3,209.188491371773,197.293134505856,25.0809738216929,88.2055736846457
Brie_Ska3_3,Ska3,138.489936453668,158.550654697918,56.6589179482527,10.6542933757331
Brie_Ska3_4,Ska3,185.851104311428,207.112657037821,109.671587784962,14.8359800590568
Brie_Ube2v2_1,Ube2v2,218.969602125006,188.723369387049,144.120254104846,203.582110810896
Brie_Ube2v2_2,Ube2v2,159.424945434272,193.008251946453,25.4637367808028,56.8429235597178
Brie_Ube2v2_3,Ube2v2,148.785842509703,182.117508774636,9.7704554573003,11.9848300476997
Brie_Ube2v2_4,Ube2v2,182.075938757548,179.082383628392,9.7704554573003,8.37337336664744
Brie_Paxip1_1,Paxip1,217.596814650868,271.921505748795,4.60315550931779,68.6276769399937
Brie_Paxip1_2,Paxip1,130.596408477374,180.332141041551,141.058150431967,38.4054868196087
Brie_Paxip1_3,Paxip1,104.513446468753,99.8120562794329,225.648764395236,24.7199667650947
Brie_Paxip1_4,Paxip1,177.271182598065,116.951586517046,15.1291368848377,263.076107714547
Brie_Med18_1,Med18,207.815703897635,185.15263392088,26.0378812194675,317.247957930331
Brie_Med18_2,Med18,284.17700714656,291.203477266109,105.269813755199,389.287014883953
Brie_Med18_3,Med18,191.170655773712,272.992726388646,1.34967035688436,63.495606919551
Brie_Med18_4,Med18,190.999057339445,206.219973171279,0.775525918219632,14.645903391633
Brie_Zfp995_1,Zfp995,202.667750869618,194.972156452846,857.590409885542,409.245064963453
Brie_Zfp995_2,Zfp995,143.98108635022,168.90578754981,13.0239406097337,537.356738807098
Brie_Zfp995_3,Zfp995,116.182139998926,173.012133335904,102.97323600054,189.136284086686
Brie_Zfp995_4,Zfp995,113.608163484917,143.910639286624,139.335717115973,129.642287183035
Brie_Nol8_1,Nol8,151.016622155177,117.130123290354,8.62216657997086,509.605545363222
Brie_Nol8_2,Nol8,175.72679668966,208.898024770906,26.994788617242,33.8436468014374
Brie_Nol8_3,Nol8,129.052022568969,117.844270383588,0.392762959109816,98.659790392955
Brie_Nol8_4,Nol8,254.833674886861,283.526396013845,126.513157985794,108.353700431569
Brie_Fxn_1,Fxn,265.301179377163,225.144871141977,56.8502994278076,177.35153070641
Brie_Fxn_2,Fxn,175.898395123928,207.648267357747,43.0708328998543,28.7115767809946
Brie_Fxn_3,Fxn,147.584653469832,203.363384798344,0.392762959109816,13.8855967219378
Brie_Fxn_4,Fxn,155.306583011858,149.08820571257,0.392762959109816,12.9352133848188
Brie_Clasrp_1,Clasrp,234.756658077593,248.711725218694,18.9567664759359,31.7528034597755
Brie_Clasrp_2,Clasrp,272.508313616387,218.003400209638,25.8464997399126,154.35225394813
Brie_Clasrp_3,Clasrp,128.022431963366,168.727250776501,0.201381479554908,119.37814714215
Brie_Clasrp_4,Clasrp,212.620460057118,196.578987412622,169.573990885648,144.468267242092
Brie_Hus1_1,Hus1,75.3417126433212,70.5320254568444,9.19631101863558,0.01
Brie_Hus1_2,Hus1,265.47277781143,229.965364021305,51.1088550411604,203.772187478319
Brie_Hus1_3,Hus1,142.436700441814,116.41597619712,21.4447257101497,6.47260669240938
Brie_Hus1_4,Hus1,200.265372789876,227.822922741604,1.15828887732945,63.1154535847034
Brie_Rsl1_1,Rsl1,176.069993558195,166.941883043416,133.785654208881,88.2055736846457
Brie_Rsl1_2,Rsl1,157.02256735453,159.086265017844,87.8540991157027,2.67107334393328
Brie_Rsl1_3,Rsl1,159.596543868539,152.658941178739,285.742548975478,285.695231137979
Brie_Rsl1_4,Rsl1,131.797597517245,136.055021261052,136.08223196354,246.349360981252
Brie_Rnaseh2b_1,Rnaseh2b,185.679505877161,248.890261992003,136.08223196354,104.172013748245
Brie_Rnaseh2b_2,Rnaseh2b,307.342795772638,290.132256626258,49.960566163831,259.654727700918
Brie_Rnaseh2b_3,Rnaseh2b,198.377790012937,170.691155282894,0.584144438664724,0.01
Brie_Rnaseh2b_4,Rnaseh2b,215.366035005394,175.690184935531,0.775525918219632,12.1749067151235
Brie_Cep192_1,Cep192,160.454536039875,178.18969976185,240.385138320964,1.53061333939044
Brie_Cep192_2,Cep192,211.590869451515,206.755583491204,1.92381479554908,68.8177536074176
Brie_Cep192_3,Cep192,194.087829156256,212.647297010384,1.15828887732945,17.3069767355663
Brie_Cep192_4,Cep192,225.833539495696,254.424901964565,232.347116179658,96.9491003861408
Brie_LTO1_1,LTO1,153.247401800651,143.017955420082,0.392762959109816,3.81153334847611
Brie_LTO1_2,LTO1,189.45467143104,151.587720538888,0.584144438664724,0.01
Brie_LTO1_3,LTO1,176.584788860997,178.011162988541,46.5156995318426,0.01
Brie_LTO1_4,LTO1,124.075667975219,122.129152942991,64.3141771304491,641.328675887919
Brie_Ncbp3_1,Ncbp3,212.448861622851,246.747820712301,102.590473041431,90.6765703611552
Brie_Ncbp3_2,Ncbp3,161.998921948281,174.976037842297,141.632294870632,522.720835415465
Brie_Ncbp3_3,Ncbp3,178.472371637936,143.553565740007,72.734962230865,168.037774002644
Brie_Ncbp3_4,Ncbp3,198.377790012937,195.329229999463,149.670317011938,104.362090415669
Brie_Orc5_1,Orc5,193.401435419187,179.439457175009,0.775525918219632,8.94360336891885
Brie_Orc5_2,Orc5,244.194571962292,255.496122604416,3.64624811154325,24.3398134302471
Brie_Orc5_3,Orc5,248.827729687507,244.426842659291,7.66525918219632,10.0840633734617
Brie_Orc5_4,Orc5,144.152684784487,98.7408356395821,0.584144438664724,7.2329133621046
Brie_Ttf2_1,Ttf2,166.632079673496,219.967304716031,13.4067035688436,3.81153334847611
Brie_Ttf2_2,Ttf2,198.720986881471,187.47361197389,53.0226698367095,88.0154970172219
Brie_Ttf2_3,Ttf2,215.880830308196,270.13613801571,2.30657775465889,66.1566802634843
Brie_Ttf2_4,Ttf2,181.904340323281,249.604409085236,46.3243180522877,98.4697137255312
Brie_Taf3_1,Taf3,205.070128949359,197.650208052473,1.34967035688436,26.6207334393328
Brie_Taf3_2,Taf3,274.739093261861,264.422961269839,55.5106290709233,25.6703501022137
Brie_Taf3_3,Taf3,311.461158195052,262.994667083372,174.358527874521,496.870408645827
Brie_Taf3_4,Taf3,124.590463278021,153.551625045281,5.56006290709233,401.261844931653
Brie_Sprr2e_1,Sprr2e,225.833539495696,236.035614313793,1017.01118235478,568.529312264602
Brie_Sprr2e_2,Sprr2e,256.206462360999,291.382014039418,239.42823092319,120.518607146693
Brie_Sprr2e_3,Sprr2e,175.212001386859,206.041436397971,9.7704554573003,28.7115767809946
Brie_Sprr2e_4,Sprr2e,223.259562981688,182.474582321253,12.0670332119592,199.780577462419
Brie_Usp37_1,Usp37,184.135119968755,189.7945900269,8.43078510041595,10.2741400408855
Brie_Usp37_2,Usp37,158.052157960134,115.166218783961,65.4624660077785,24.1497367628233
Brie_Usp37_3,Usp37,116.010541564659,69.1037312703766,0.01,0.01
Brie_Usp37_4,Usp37,169.720851490307,128.913550328713,28.9086034127911,8.56345003407124
Brie_Mybl2_1,Mybl2,213.993247531256,209.790708637448,122.302765435586,36.6947968127944
Brie_Mybl2_2,Mybl2,233.72706747199,264.065887723222,1.15828887732945,5.52222335529036
Brie_Mybl2_3,Mybl2,248.141335950438,219.074620849489,29.4827478514558,149.220183927687
Brie_Mybl2_4,Mybl2,231.667886260783,235.142930447251,13.0239406097337,23.7695834279757
Brie_Dph2_1,Dph2,332.224568741389,255.139049057799,77.7108806992926,272.199787750889
Brie_Dph2_2,Dph2,213.650050662722,230.679511114539,57.9985883051371,115.006383791402
Brie_Dph2_3,Dph2,161.140929776944,139.268683180604,5.94282586620215,12.745136717395
Brie_Dph2_4,Dph2,181.389545020479,165.870662403566,38.4776773905365,56.4627702248702
Brie_Cwf19l2_1,Cwf19l2,172.123229570048,220.145841489339,28.7172219332362,104.742243750517
Brie_Cwf19l2_2,Cwf19l2,206.957711726299,203.006311251727,9.38769249819049,12.745136717395
Brie_Cwf19l2_3,Cwf19l2,114.637754090521,149.802352805804,139.527098595528,297.479984518255
Brie_Cwf19l2_4,Cwf19l2,119.099313381469,125.342814862544,9.38769249819049,124.700293830016
Brie_Yeats2_1,Yeats2,130.939605345909,230.500974341231,383.155722068926,294.058604504627
Brie_Yeats2_2,Yeats2,200.951766526946,248.890261992003,348.898437228597,91.0567236960028
Brie_Yeats2_3,Yeats2,155.306583011858,149.980889579112,0.96690739777454,30.0421134529613
Brie_Yeats2_4,Yeats2,290.526149214448,319.769360995464,226.414290313456,1993.91424127572
Brie_Nars2_1,Nars2,276.283479170267,297.095190785289,33.310377442554,142.37742390043
Brie_Nars2_2,Nars2,148.614244075435,158.015044377993,17.8084775986064,29.8520367855374
Brie_Nars2_3,Nars2,304.76881925863,250.675629725087,0.01,24.3398134302471
Brie_Nars2_4,Nars2,306.828000469837,287.63274179994,37.329388513207,1.91076667423805
Brie_Htt_1,Htt,262.727202863154,233.179025940858,439.230495578514,68.2475236051461
Brie_Htt_2,Htt,213.13525535992,268.707843829242,339.520744730407,108.923930433841
Brie_Htt_3,Htt,253.117690544188,303.701051397702,186.224179606925,152.451487273892
Brie_Htt_4,Htt,274.739093261861,257.638563884118,787.736169848001,508.275008691256
Brie_Ssbp1_1,Ssbp1,99.0222965722012,102.133034332443,4.02901107065307,4.19168668332372
Brie_Ssbp1_2,Ssbp1,240.247807974145,198.721428692323,81.9212732495006,48.2894735256466
Brie_Ssbp1_3,Ssbp1,177.6143794666,177.297015895307,34.2672848403285,14.8359800590568
Brie_Ssbp1_4,Ssbp1,151.703015892246,146.588690886251,0.201381479554908,15.2161333939044
Brie_Dynlt1f_1,Dynlt1f,161.312528211212,171.940912696053,1.34967035688436,23.9596600953995
Brie_Dynlt1f_2,Dynlt1f,122.359683632547,156.229676644908,0.96690739777454,80.2223536528459
Brie_Dynlt1f_3,Dynlt1f,195.460616630394,203.898995118269,37.329388513207,403.732841608163
Brie_Dynlt1f_4,Dynlt1f,197.862994710135,167.834566909959,291.29261188257,285.695231137979
Brie_Mtrf1l_1,Mtrf1l,267.875155891172,197.114597732547,299.904778462541,53.2314668786655
Brie_Mtrf1l_2,Mtrf1l,302.194842744621,290.846403719492,45.3674106545132,120.328530479269
Brie_Mtrf1l_3,Mtrf1l,130.596408477374,104.989622705378,0.775525918219632,39.7360234915753
Brie_Mtrf1l_4,Mtrf1l,94.5607372812528,81.9583789485862,19.1481479554908,0.01
Brie_Zfp991_1,Zfp991,132.827188122849,146.76722765956,0.201381479554908,19.2077434098043
Brie_Zfp991_2,Zfp991,147.756251904099,120.165248436598,95.1265953387892,6.66268335983319
Brie_Zfp991_3,Zfp991,125.448455449357,123.200373582842,17.9998590781613,114.436153789131
Brie_Zfp991_4,Zfp991,118.756116512935,105.882306571921,9.5790739777454,5.14207002044275
Brie_Fars2_1,Fars2,317.981898697208,321.019118408623,13.9808480075083,10.0840633734617
Brie_Fars2_2,Fars2,182.933930928885,156.0511398716,0.392762959109816,14.4558267242092
Brie_Fars2_3,Fars2,107.773816719831,134.805263847892,0.201381479554908,0.390153334847611
Brie_Fars2_4,Fars2,65.2174050215536,47.6793184733606,50.9174735616055,0.01
Brie_Mrps25_1,Mrps25,263.241998165956,229.965364021305,13.2153220892886,183.81413739882
Brie_Mrps25_2,Mrps25,152.04621276078,168.370177229884,27.9516960150166,30.6123434552327
Brie_Mrps25_3,Mrps25,174.697206084057,188.723369387049,12.2584146915141,10.4642167083093
Brie_Mrps25_4,Mrps25,206.786113292032,228.537069834837,15.3205183643926,7.42299002952841
Brie_Dpy19l1_1,Dpy19l1,226.8631301013,242.998548472823,57.2330623869175,44.4879401771705
Brie_Dpy19l1_2,Dpy19l1,162.342118816815,222.288282769041,314.641152388269,109.114007101264
Brie_Dpy19l1_3,Dpy19l1,158.91015013147,116.058902650503,135.890850483985,45.0581701794419
Brie_Dpy19l1_4,Dpy19l1,171.093638964445,189.616053253592,17.0429516803868,280.563161117537
Brie_Prim2_1,Prim2,264.786384074361,253.353681324714,12.449796171069,19.9680500794996
Brie_Prim2_2,Prim2,140.720716099142,141.411124460306,0.584144438664724,0.200076667423805
Brie_Prim2_3,Prim2,200.265372789876,234.0717098074,0.775525918219632,32.7031867968945
Brie_Prim2_4,Prim2,244.709367265093,191.758494533293,70.4383844762061,16.1665167310235
Brie_Esco2_1,Esco2,255.348470189663,296.023970145438,7.2824962230865,41.4467134983896
Brie_Esco2_2,Esco2,235.786248683197,231.393658207773,8.23940362086104,350.701451396921
Brie_Esco2_3,Esco2,195.117419761859,233.000489167549,477.124028530385,11.2245233780045
Brie_Esco2_4,Esco2,245.224162567895,200.3282596521,607.263434627723,24.5298900976709
Brie_Rtel1_1,Rtel1,226.519933232765,267.279549642775,0.584144438664724,27.9512701112994
Brie_Rtel1_2,Rtel1,253.460887412723,228.537069834837,1.15828887732945,85.3544236732886
Brie_Rtel1_3,Rtel1,76.3713032489246,71.2461725500782,0.01,0.01
Brie_Rtel1_4,Rtel1,266.502368417034,233.179025940858,25.0809738216929,24.1497367628233
Chopchop_Ears2_1,Ears2,162.856914119617,186.223854560731,12.6411776506239,4.38176335074752
Chopchop_Ears2_2,Ears2,228.922311312507,209.790708637448,37.5207699927619,11.4146000454283
Chopchop_Ears2_3,Ears2,273.366305787723,249.425872311928,32.7362330038893,38.4054868196087
Chopchop_Ears2_4,Ears2,236.129445551731,235.142930447251,828.500424993196,21.8688167537376
Brie_Ttc14_1,Ttc14,216.052428742463,213.182907330309,11.1101258141847,0.200076667423805
Brie_Ttc14_2,Ttc14,182.59073406035,182.117508774636,66.2279919259981,10.6542933757331
Brie_Ttc14_3,Ttc14,227.377925404101,227.465849194987,12.2584146915141,0.01
Brie_Ttc14_4,Ttc14,110.862588536641,168.370177229884,33.1189959629991,32.8932634643183
Brie_Tubgcp6_1,Tubgcp6,188.939876128238,205.148752531428,17.9998590781613,39.1657934893039
Brie_Tubgcp6_2,Tubgcp6,241.277398579748,232.821952394241,0.392762959109816,12.1749067151235
Brie_Tubgcp6_3,Tubgcp6,204.555333646558,266.208329002924,181.631024097608,98.8498670603788
Brie_Tubgcp6_4,Tubgcp6,212.277263188584,190.508737120134,28.7172219332362,3.6214566810523
Brie_Cenpt_1,Cenpt,179.845159112074,201.39948029195,71.2039103944257,39.5459468241515
Brie_Cenpt_2,Cenpt,184.306718403023,188.009222293815,44.4105032567386,105.122397085364
Brie_Cenpt_3,Cenpt,158.223756394401,195.150693226154,3.07210367287853,4.57184001817133
Brie_Cenpt_4,Cenpt,248.65613125324,279.241513454442,661.041630382652,546.100265508593
Brie_Lig4_1,Lig4,155.478181446125,162.478463710705,79.050551056177,145.418650579211
Brie_Lig4_2,Lig4,280.401841592681,253.175144551406,249.18868638049,136.294970542868
Brie_Lig4_3,Lig4,173.839213912721,193.365325493069,149.478935532383,116.146843795945
Brie_Lig4_4,Lig4,270.792329273715,308.700081050339,107.949154468968,242.167674297928
Brie_Kifc5b_1,Kifc5b,266.159171548499,272.100042522103,52.4485253980448,210.995100840424
Brie_Kifc5b_2,Kifc5b,189.969466733842,176.225795255457,217.22797929482,175.640840699596
Brie_Kifc5b_3,Kifc5b,283.662211843758,272.814189615337,238.854086484525,295.579217844017
Brie_Kifc5b_4,Kifc5b,245.224162567895,233.714636260783,185.458653688706,3.05122667878089
Brie_Zfp932_1,Zfp932,183.105529363152,186.402391334039,18.3826220372712,22.0588934211614
Brie_Zfp932_2,Zfp932,154.105393971987,197.471671279164,612.813497534815,303.18228454097
Brie_Zfp932_3,Zfp932,208.330499200437,182.653119094561,188.329375882029,330.933477984845
Brie_Zfp932_4,Zfp932,179.330363809272,173.54774365583,0.392762959109816,7.42299002952841
Brie_Pot1a_1,Pot1a,176.241591992462,189.973126800209,14.554992446173,82.5032736619315
Brie_Pot1a_2,Pot1a,259.981627914878,256.924416790884,11.6842702528494,54.9421568854798
Brie_Pot1a_3,Pot1a,137.803542716599,153.194551498664,61.4434549371254,5.14207002044275
Brie_Pot1a_4,Pot1a,176.584788860997,181.046288134785,27.9516960150166,26.2405801044851
Brie_Gatb_1,Gatb,88.5547920818991,78.0305699358,0.584144438664724,3.05122667878089
Brie_Gatb_2,Gatb,182.247537191816,181.046288134785,41.3483995838601,73.7597469604365
Brie_Gatb_3,Gatb,181.904340323281,195.68630354608,31.0137996878951,34.9841068059802
Brie_Gatb_4,Gatb,102.969060560348,89.9925337474672,69.4814770784316,12.1749067151235
Brie_Aars2_1,Aars2,271.135526142249,236.035614313793,0.584144438664724,11.9848300476997
Brie_Aars2_2,Aars2,145.868669127159,171.405302376128,19.1481479554908,0.01
Brie_Aars2_3,Aars2,260.153226349145,251.389776818321,1.34967035688436,26.2405801044851
Brie_Aars2_4,Aars2,254.318879584059,309.77130169019,13.7894665279534,60.2643035733463
Brie_Rad51c_1,Rad51c,281.946227501086,348.15670795151,6.13420734575705,9.13368003634266
Brie_Rad51c_2,Rad51c,117.383329038797,128.913550328713,0.584144438664724,4.00161001589991
Brie_Rad51c_3,Rad51c,209.531688240308,206.934120264513,141.632294870632,62.3551469150082
Brie_Rad51c_4,Rad51c,276.455077604534,260.85222580367,25.2723553012478,24.3398134302471
Brie_N6amt1_1,N6amt1,215.880830308196,237.999518820186,151.584131807487,439.467255083838
Brie_N6amt1_2,N6amt1,274.739093261861,218.539010529563,89.7679139112518,39.5459468241515
Brie_N6amt1_3,N6amt1,234.585059643326,219.788767942723,4.60315550931779,41.066560163542
Brie_N6amt1_4,N6amt1,273.366305787723,261.923446443521,13.0239406097337,36.124566810523
Brie_Gemin8_1,Gemin8,127.507636660564,148.016985072719,0.201381479554908,7.2329133621046
Brie_Gemin8_2,Gemin8,268.389951193973,364.225017549272,34.4586663198834,24.7199667650947
Brie_Gemin8_3,Gemin8,218.283208387937,226.930238875061,14.554992446173,183.81413739882
Brie_Gemin8_4,Gemin8,137.460345848064,95.7057104933382,0.96690739777454,0.01
Brie_Ercc4_1,Ercc4,163.88650472522,184.081413281029,52.065762438935,95.2384103793265
Brie_Ercc4_2,Ercc4,226.005137929963,194.258009359612,77.3281177401828,9.70391003861407
Brie_Ercc4_3,Ercc4,237.159036157334,249.24733553862,31.3965626470049,24.9100434325185
Brie_Ercc4_4,Ercc4,195.289018196126,253.532218098023,165.172216855886,49.2398568627656
Brie_Timm9_1,Timm9,250.715312464447,222.288282769041,9.5790739777454,5.90237669013797
Brie_Timm9_2,Timm9,114.466155656253,106.774990438463,0.392762959109816,5.71230002271416
Brie_Timm9_3,Timm9,112.578572879314,93.741805986945,0.392762959109816,0.01
Brie_Timm9_4,Timm9,215.194436571127,211.754613143842,5.56006290709233,0.390153334847611
Brie_Pars2_1,Pars2,288.123771134707,218.003400209638,53.2140513162644,74.5200536301317
Brie_Pars2_2,Pars2,236.129445551731,257.460027110809,15.3205183643926,54.9421568854798
Brie_Pars2_3,Pars2,189.797868299574,215.860958929936,60.6779290189058,65.0162202589414
Brie_Pars2_4,Pars2,205.241727383627,228.17999628822,22.4016331079242,51.1406235370036
Brie_Qrsl1_1,Qrsl1,186.36589961423,184.259950054338,15.1291368848377,114.626230456555
Brie_Qrsl1_2,Qrsl1,238.188626762938,201.042406745334,12.449796171069,33.2734167991659
Brie_Qrsl1_3,Qrsl1,288.981763306043,299.059095291682,41.9225440225248,25.2901967673661
Brie_Qrsl1_4,Qrsl1,134.886369334056,130.520381288489,0.584144438664724,4.19168668332372
Brie_Tedc1_1,Tedc1,200.951766526946,187.830685520507,604.392712434399,260.415034370613
Brie_Tedc1_2,Tedc1,205.756522686428,221.752672449116,11.8756517324043,65.2062969263653
Brie_Tedc1_3,Tedc1,203.525743040954,195.150693226154,102.781854520986,60.6444569081939
Brie_Tedc1_4,Tedc1,295.845700676733,239.249276233345,191.008716595798,63.1154535847034
Brie_H4c3_1,H4c3,157.708961091599,161.764316617471,272.345845406634,9.70391003861407
Brie_H4c3_2,H4c3,215.194436571127,191.758494533293,90.5334398294714,284.174617798589
Brie_H4c3_3,H4c3,135.057967768323,125.342814862544,7.47387770264141,0.390153334847611
Brie_H4c3_4,H4c3,169.549253056039,183.545802961104,53.7881957549291,110.824697108079
Brie_Brca1_1,Brca1,263.070399731689,226.037555008519,122.494146915141,144.088113907244
Brie_Brca1_2,Brca1,214.851239702592,163.371147577247,212.826205265058,170.508770679153
Brie_Brca1_3,Brca1,153.247401800651,133.734043208042,6.13420734575705,5.14207002044275
Brie_Brca1_4,Brca1,158.738551697203,149.802352805804,7.2824962230865,9.51383337119027
Brie_Haus8_1,Haus8,176.069993558195,152.837477952048,80.1988399335064,0.390153334847611
Brie_Haus8_2,Haus8,246.596950042033,240.856107193122,25.4637367808028,94.8582570444789
Brie_Haus8_3,Haus8,210.389680411644,218.181936982946,125.364869108465,0.200076667423805
Brie_Haus8_4,Haus8,143.809487915952,204.613142211503,85.5575213610438,15.596286728752
Brie_Zc3h3_1,Zc3h3,122.359683632547,111.952556864409,35.6069551972129,55.5123868877512
Brie_Zc3h3_2,Zc3h3,217.082019348067,220.145841489339,123.259672833361,38.2154101521849
Brie_Zc3h3_3,Zc3h3,158.738551697203,113.202314277568,245.361056789392,177.161454038987
Brie_Zc3h3_4,Zc3h3,188.939876128238,217.646326663021,4.41177402976288,417.228284995253
Chopchop_Pcgf1_1,Pcgf1,217.253617782334,256.745880017575,0.775525918219632,99.8002503974978
Chopchop_Pcgf1_2,Pcgf1,311.289559760785,298.344948198448,307.177274685627,391.567934893039
Chopchop_Pcgf1_3,Pcgf1,250.715312464447,243.177085246132,277.321763875062,83.4536569990506
Chopchop_Pcgf1_4,Pcgf1,200.780168092678,212.111686690458,152.158276246152,47.909320190799
Brie_Setd1a_1,Setd1a,126.649644489228,124.093057449384,11.6842702528494,16.7367467332949
Brie_Setd1a_2,Setd1a,180.874749717678,210.861929277299,14.3636109666181,13.1252900522426
Brie_Setd1a_3,Setd1a,233.72706747199,218.181936982946,0.584144438664724,75.6605136346746
Brie_Setd1a_4,Setd1a,310.088370720914,281.919565054069,4.98591846842761,20.9184334166186
Brie_Rad1_1,Rad1,213.650050662722,186.045317787422,1.34967035688436,18.6375134075329
Brie_Rad1_2,Rad1,174.52560764979,165.870662403566,9.5790739777454,33.6535701340135
Brie_Rad1_3,Rad1,204.898530515092,205.684362851354,0.96690739777454,18.0672834052615
Brie_Rad1_4,Rad1,240.591004842679,227.465849194987,78.6677880970672,19.0176667423805
Brie_Dph5_1,Dph5,212.620460057118,233.893173034091,235.983364291201,103.981937080822
Brie_Dph5_2,Dph5,288.981763306043,275.135167668347,240.002375361855,21.1085100840424
Brie_Dph5_3,Dph5,269.076344931042,254.96051228449,4.22039255020797,46.7688601862561
Brie_Dph5_4,Dph5,231.153090957981,174.261890749064,2.88072219332362,22.8192000908566
Brie_Tsc1_1,Tsc1,249.857320293111,243.891232339366,86.5144287588184,152.451487273892
Brie_Tsc1_2,Tsc1,186.537498048497,227.644385968295,173.018857517637,854.594696737429
Brie_Tsc1_3,Tsc1,187.223891785566,184.974097147572,141.823676350187,248.440204322914
Brie_Tsc1_4,Tsc1,157.708961091599,153.373088271973,50.5347106024957,1398.21396556951
Brie_Snrnp48_1,Snrnp48,259.123635743542,204.97021575812,119.432043242263,19.9680500794996
Brie_Snrnp48_2,Snrnp48,130.768006911642,123.914520676076,28.7172219332362,9.70391003861407
Brie_Snrnp48_3,Snrnp48,96.2767216239252,98.3837620929652,236.557508729866,167.84769733522
Brie_Snrnp48_4,Snrnp48,213.993247531256,152.658941178739,1.34967035688436,6.85276002725699
Brie_Mcm10_1,Mcm10,201.466561829747,192.294104853219,44.2191217771837,9.70391003861407
Brie_Mcm10_2,Mcm10,203.525743040954,197.650208052473,28.9086034127911,57.603230229413
Brie_Mcm10_3,Mcm10,156.507772051729,136.769168354286,78.6677880970672,17.8772067378377
Brie_Mcm10_4,Mcm10,172.981221741384,159.264801791152,6.70835178442178,15.9764400635997
Brie_Ints2_1,Ints2,167.6616702791,142.12527155354,0.01,184.574444068515
Brie_Ints2_2,Ints2,273.537904221991,240.141960099888,350.812252024146,313.636501249279
Brie_Ints2_3,Ints2,335.141742123932,304.593735264244,31.9707070856696,9.13368003634266
Brie_Ints2_4,Ints2,117.726525907331,104.989622705378,0.775525918219632,26.2405801044851
Brie_Dohh_1,Dohh,183.963521534488,200.685333198717,36.9466255540972,4.76191668559513
Brie_Dohh_2,Dohh,112.750171313581,88.5642395609995,0.01,4.19168668332372
Brie_Dohh_3,Dohh,139.00473175647,194.615082906229,0.201381479554908,15.2161333939044
Brie_Dohh_4,Dohh,243.851375093757,297.809337878523,26.2292626990224,7.2329133621046
Brie_Nsun5_1,Nsun5,311.632756629319,297.273727558597,240.002375361855,458.094768491371
Brie_Nsun5_2,Nsun5,207.644105463368,251.746850364938,185.458653688706,93.5277203725123
Brie_Nsun5_3,Nsun5,215.709231873929,272.278579295412,50.1519476433859,165.756853993558
Brie_Nsun5_4,Nsun5,169.549253056039,190.865810666751,23.9326849443635,20.3482034143472
Brie_H4c1_1,H4c1,179.673560677807,234.785856900634,64.3141771304491,191.417204095772
Brie_H4c1_2,H4c1,203.697341475221,208.183877677672,46.5156995318426,28.7115767809946
Brie_H4c1_3,H4c1,174.354009215522,137.483315447519,6.51697030486687,0.01
Brie_H4c1_4,H4c1,155.649779880392,152.301867632122,0.201381479554908,4.19168668332372
Brie_Utp25_1,Utp25,265.987573114232,258.709784523968,0.584144438664724,34.6039534711326
Brie_Utp25_2,Utp25,176.927985729531,152.301867632122,23.5499219852537,4.57184001817133
Brie_Utp25_3,Utp25,185.851104311428,210.147782184065,55.3192475913684,0.01
Brie_Utp25_4,Utp25,184.135119968755,173.012133335904,231.581590261439,31.3726501249279
Brie_BC055324_1,BC055324,191.170655773712,142.660881873465,12.0670332119592,8.94360336891885
Brie_BC055324_2,BC055324,160.626134474143,132.484285794882,0.392762959109816,31.5627267923517
Brie_BC055324_3,BC055324,73.4541298663815,77.673496389183,0.201381479554908,0.01
Brie_BC055324_4,BC055324,179.330363809272,181.046288134785,0.584144438664724,2.10084334166186
Brie_Stil_1,Stil,212.105664754317,271.207358655561,54.7451031527037,87.8254203497981
Brie_Stil_2,Stil,139.176330190737,166.763346270108,95.8921212570089,61.5948402453129
Brie_Stil_3,Stil,235.271453380395,207.648267357747,17.9998590781613,212.895867514662
Brie_Stil_4,Stil,215.709231873929,256.388806470958,18.5740035168261,88.3956503520695
Brie_Ercc6l_1,Ercc6l,190.484262036643,183.367266187795,55.3192475913684,96.5689470512932
Brie_Ercc6l_2,Ercc6l,162.170520382548,167.120419816725,2.30657775465889,241.407367628233
Brie_Ercc6l_3,Ercc6l,251.230107767249,198.00728159909,158.282483591909,61.0246102430415
Brie_Ercc6l_4,Ercc6l,123.732471106685,172.655059789287,3.26348515243343,48.2894735256466
Brie_Ing3_1,Ing3,234.585059643326,316.912772622528,707.35594843494,163.666010651896
Brie_Ing3_2,Ing3,128.537227266168,110.345725904632,33.8845218812187,19.0176667423805
Brie_Ing3_3,Ing3,197.862994710135,137.126241900902,51.4916180002702,547.43080218056
Brie_Ing3_4,Ing3,186.537498048497,199.792649332174,60.8693104984607,80.4124303202697
Brie_Ube2t_1,Ube2t,145.18227539009,163.371147577247,13.9808480075083,73.7597469604365
Brie_Ube2t_2,Ube2t,299.449267796345,285.490300520238,15.7032813235024,185.144674070786
Brie_Ube2t_3,Ube2t,194.087829156256,199.435575785557,0.201381479554908,18.2573600726853
Brie_Ube2t_4,Ube2t,208.673696068972,207.112657037821,29.6741293310107,86.8750370126791
Brie_Fancd2_1,Fancd2,206.27131798923,183.902876507721,80.0074584539515,6.66268335983319
Brie_Fancd2_2,Fancd2,213.306853794187,199.435575785557,16.2774257621672,183.433984063972
Brie_Fancd2_3,Fancd2,171.780032701514,145.5174702464,107.949154468968,35.3642601408278
Brie_Fancd2_4,Fancd2,228.06431914117,228.537069834837,135.31670604532,35.174183473404
Brie_Zfp59_1,Zfp59,221.200381770481,220.502915035956,4.98591846842761,5.90237669013797
Brie_Zfp59_2,Zfp59,150.330228418108,148.374058619336,6.89973326397669,91.0567236960028
Brie_Zfp59_3,Zfp59,207.472507029101,173.369206882521,587.168379274457,17.4970534029901
Brie_Zfp59_4,Zfp59,275.253888564663,209.076561544215,264.307823265328,907.436010281247
Brie_Prdm10_1,Prdm10,164.572898462289,153.908698591898,107.566391509858,139.336197221649
Brie_Prdm10_2,Prdm10,155.134984577591,129.984770968564,113.307835896505,78.3215869786078
Brie_Prdm10_3,Prdm10,54.5783020969843,55.8920100455501,0.01,0.01
Brie_Prdm10_4,Prdm10,243.851375093757,243.177085246132,44.0277402976288,8.18329669922363
Brie_Fut8_1,Fut8,186.36589961423,252.460997458172,111.585402580511,53.4215435460893
Brie_Fut8_2,Fut8,142.265102007547,163.01407403063,10.5359813755199,113.865923786859
Brie_Fut8_3,Fut8,264.443187205827,234.0717098074,27.1861700967969,158.34386396403
Brie_Fut8_4,Fut8,174.010812346988,150.516499899037,0.584144438664724,28.1413467787232
Brie_Fanci_1,Fanci,228.407516009705,249.604409085236,86.3230472792635,47.1490135211037
Brie_Fanci_2,Fanci,123.904069540952,133.555506434733,29.8655108105656,674.592092687085
Brie_Fanci_3,Fanci,211.419271017248,205.862899624662,149.670317011938,15.2161333939044
Brie_Fanci_4,Fanci,116.696935301728,188.544832613741,65.4624660077785,20.9184334166186
Brie_Tbp_1,Tbp,136.945550545263,141.411124460306,11.1101258141847,8.18329669922363
Brie_Tbp_2,Tbp,149.815433115306,181.224824908094,8.23940362086104,22.0588934211614
Brie_Tbp_3,Tbp,107.945415154098,144.803323153167,0.201381479554908,0.01
Brie_Tbp_4,Tbp,345.780845048501,307.628860410488,1.34967035688436,268.968484404685
Brie_Bard1_1,Bard1,259.466832612077,229.786827247997,141.249531911522,15.4062100613282
Brie_Bard1_2,Bard1,174.868804518324,222.645356315658,23.9326849443635,25.2901967673661
Brie_Bard1_3,Bard1,168.176465581901,214.075591196852,24.1240664239184,9.13368003634266
Brie_Bard1_4,Bard1,120.128903987072,124.093057449384,55.8933920300331,0.200076667423805
Brie_Rev3l_1,Rev3l,106.401029245693,128.377940008788,292.823663719009,129.452210515611
Brie_Rev3l_2,Rev3l,170.922040530177,160.514559204312,216.845216335711,191.79735743062
Brie_Rev3l_3,Rev3l,262.555604428887,236.39268786041,277.513145354616,27.9512701112994
Brie_Rev3l_4,Rev3l,99.3654934407356,86.4217982812979,4.41177402976288,85.3544236732886
Brie_Lin9_1,Lin9,131.797597517245,110.702799451249,74.0746325877494,16.5466700658711
Brie_Lin9_2,Lin9,118.069722775866,120.343785209907,0.201381479554908,267.637947732718
Brie_Lin9_3,Lin9,138.318338019401,103.204254972294,0.01,6.85276002725699
Brie_Lin9_4,Lin9,234.92825651186,224.252187275434,75.7970659037435,213.656174184357
Brie_Sars2_1,Sars2,196.661805670264,235.142930447251,28.9086034127911,18.0672834052615
Brie_Sars2_2,Sars2,223.259562981688,251.389776818321,25.0809738216929,13.695520054514
Brie_Sars2_3,Sars2,177.099584163798,161.228706297545,0.201381479554908,19.7779734120758
Brie_Sars2_4,Sars2,232.697476866386,227.822922741604,12.0670332119592,75.0902836324031
Brie_Atrip_1,Atrip,161.998921948281,117.487196836971,0.01,18.4474367401091
Brie_Atrip_2,Atrip,169.206056187505,235.857077540485,37.329388513207,0.200076667423805
Brie_Atrip_3,Atrip,175.383599821126,154.087235365207,26.2292626990224,18.0672834052615
Brie_Atrip_4,Atrip,220.513988033412,269.957601242402,4.41177402976288,81.7429669922363
Brie_Fancb_1,Fancb,43.7676007381478,65.1759222575904,0.392762959109816,11.6046767128521
Brie_Fancb_2,Fancb,169.034457753238,144.44624960655,42.8794514202994,46.3887068514085
Brie_Fancb_3,Fancb,224.803948890093,227.644385968295,142.780583747961,448.590935120181
Brie_Fancb_4,Fancb,185.851104311428,164.620904990406,427.747606805219,172.599614020815
Brie_Dclre1b_1,Dclre1b,205.070128949359,184.438486827646,0.392762959109816,0.200076667423805
Brie_Dclre1b_2,Dclre1b,223.774358284489,237.285371726952,7.2824962230865,116.336920463369
Brie_Dclre1b_3,Dclre1b,174.010812346988,159.978948884386,0.201381479554908,6.66268335983319
Brie_Dclre1b_4,Dclre1b,154.791787709056,148.016985072719,4.7945369888727,0.01
Brie_Thg1l_1,Thg1l,138.489936453668,168.727250776501,0.584144438664724,17.6871300704139
Brie_Thg1l_2,Thg1l,137.803542716599,203.898995118269,40.9656366247503,8.56345003407124
Brie_Thg1l_3,Thg1l,170.922040530177,126.94964582232,0.01,4.00161001589991
Brie_Thg1l_4,Thg1l,230.981492523714,224.78779759536,244.021386432508,66.3467569309081
Brie_Lsm11_1,Lsm11,249.685721858843,206.219973171279,1.15828887732945,128.121673843645
Brie_Lsm11_2,Lsm11,229.608705049576,269.421990922476,7.2824962230865,64.0658369218224
Brie_Lsm11_3,Lsm11,147.241456601297,138.911609633987,0.584144438664724,19.587896744652
Brie_Lsm11_4,Lsm11,244.022973528024,243.35562201944,13.2153220892886,13.1252900522426
Brie_Xrcc2_1,Xrcc2,209.703286674575,254.781975511182,0.392762959109816,78.8918169808792
Brie_Xrcc2_2,Xrcc2,239.733012671343,241.213180739739,47.0898439705073,19.0176667423805
Brie_Xrcc2_3,Xrcc2,234.413461209059,206.755583491204,84.2178510041595,35.174183473404
Brie_Xrcc2_4,Xrcc2,171.780032701514,171.048228829511,0.584144438664724,3.24130334620469
Brie_Ugt1a1_1,Ugt1a1,194.259427590523,174.440427522372,33.1189959629991,17.4970534029901
Brie_Ugt1a1_2,Ugt1a1,255.005273321128,233.893173034091,104.50428783698,145.228573911787
Brie_Ugt1a1_3,Ugt1a1,112.578572879314,131.770138701648,27.5689330559067,9.32375670376646
Brie_Ugt1a1_4,Ugt1a1,230.123500352377,263.351740629988,143.354728186626,131.543053857273
Brie_Telo2_1,Telo2,287.437377397638,232.107805301007,10.9187443346298,15.0260567264806
Brie_Telo2_2,Telo2,247.969737516171,272.635652842029,62.7831252940098,41.6367901658134
Brie_Telo2_3,Telo2,251.230107767249,180.51067781486,12.8325591301788,38.0253334847611
Brie_Telo2_4,Telo2,214.508042834058,304.772272037553,24.6982108625831,20.538280081771
Chopchop_Pikfyve_1,Pikfyve,183.448726231686,194.43654613292,0.584144438664724,16.9268234007187
Chopchop_Pikfyve_2,Pikfyve,126.478046054961,118.379880703513,321.7222671318,41.4467134983896
Chopchop_Pikfyve_3,Pikfyve,138.489936453668,135.876484487743,107.183628550748,16.9268234007187
Chopchop_Pikfyve_4,Pikfyve,183.963521534488,218.539010529563,278.278671272836,594.949969036511
Brie_Pou2f1_1,Pou2f1,111.377383839443,178.18969976185,69.4814770784316,302.421977871274
Brie_Pou2f1_2,Pou2f1,213.306853794187,226.394628555136,65.2710845282236,57.603230229413
Brie_Pou2f1_3,Pou2f1,231.324689392248,261.387836123595,272.919989845299,285.885307805403
Brie_Pou2f1_4,Pou2f1,187.395490219833,157.479434058068,114.838887732945,8.56345003407124
Brie_Zbed4_1,Zbed4,165.602489067893,185.688244240805,2.88072219332362,55.8925402225988
Brie_Zbed4_2,Zbed4,182.419135626083,153.73016181859,34.2672848403285,34.0337234688612
Brie_Zbed4_3,Zbed4,276.283479170267,242.105864606281,12.8325591301788,29.6619601181136
Brie_Zbed4_4,Zbed4,197.005002538799,185.331170694188,158.473865071464,346.519764713597
Brie_Kdm8_1,Kdm8,281.259833764017,254.424901964565,57.9985883051371,33.4634934665897
Brie_Kdm8_2,Kdm8,139.691125493539,86.064724734681,0.392762959109816,69.5780602771128
Brie_Kdm8_3,Kdm8,171.093638964445,183.010192641178,68.1418067215472,127.741520508797
Brie_Kdm8_4,Kdm8,258.437242006473,298.702021745065,87.0885731974831,308.314354561412
Brie_Ice2_1,Ice2,211.076074148713,172.476523015979,7.66525918219632,23.0092767582805
Brie_Ice2_2,Ice2,208.502097634704,226.930238875061,86.8971917179282,430.723728382343
Brie_Ice2_3,Ice2,217.425216216601,195.507766772771,160.004916907903,81.7429669922363
Brie_Ice2_4,Ice2,198.034593144402,189.437516480283,216.653834856156,42.5871735029324
Brie_Get1_1,Get1,211.934066320049,209.255098317523,0.584144438664724,41.8268668332372
Brie_Get1_2,Get1,219.312798993541,188.901906160358,9.5790739777454,59.5039969036511
Brie_Get1_3,Get1,159.424945434272,195.329229999463,2.88072219332362,20.3482034143472
Brie_Get1_4,Get1,244.194571962292,220.324378262648,11.8756517324043,35.3642601408278
Brie_Pstk_1,Pstk,245.56735943643,282.455175373994,99.5283693685521,99.610173730074
Brie_Pstk_2,Pstk,142.608298876082,129.984770968564,0.201381479554908,8.94360336891885
Brie_Pstk_3,Pstk,274.739093261861,301.737146891309,173.784383435856,123.36975715805
Brie_Pstk_4,Pstk,201.981357132549,188.187759067124,30.8224182083402,22.8192000908566
Brie_Cenpj_1,Cenpj,212.792058491385,253.175144551406,67.3762808033276,139.716350556497
Brie_Cenpj_2,Cenpj,179.330363809272,188.009222293815,572.04924238962,78.7017403134554
Brie_Cenpj_3,Cenpj,165.430890633625,177.475552668616,322.48779305002,46.9589368536799
Brie_Cenpj_4,Cenpj,238.360225197205,187.47361197389,7.2824962230865,23.5795067605519
Chopchop_Cenpl_1,Cenpl,89.0695873847009,56.4276203654755,0.201381479554908,0.01
Chopchop_Cenpl_2,Cenpl,201.638160264014,176.939942348691,13.7894665279534,0.01
Chopchop_Cenpl_3,Cenpl,213.306853794187,188.901906160358,13.0239406097337,42.2070201680848
Chopchop_Cenpl_4,Cenpl,208.502097634704,181.224824908094,9.7704554573003,21.1085100840424
Brie_Cenpo_1,Cenpo,154.791787709056,182.653119094561,26.4206441785773,10.0840633734617
Brie_Cenpo_2,Cenpo,185.679505877161,244.426842659291,0.392762959109816,11.2245233780045
Brie_Cenpo_3,Cenpo,130.25321160884,113.916461370802,0.584144438664724,0.01
Brie_Cenpo_4,Cenpo,200.608569658411,171.048228829511,53.2140513162644,35.174183473404
Brie_Sap18b_1,Sap18b,203.697341475221,270.493211562327,129.001117220008,490.217725285994
Brie_Sap18b_2,Sap18b,241.963792316817,255.674659377724,69.8642400375414,199.970654129843
Brie_Sap18b_3,Sap18b,224.97554732436,158.193581151302,0.96690739777454,44.6780168445943
Brie_Sap18b_4,Sap18b,172.123229570048,216.57510602317,7.47387770264141,14.4558267242092
Brie_Cenpu_1,Cenpu,246.082154739231,236.39268786041,129.001117220008,0.01
Brie_Cenpu_2,Cenpu,230.295098786645,212.825833783692,573.963057185169,298.430367855374
Brie_Cenpu_3,Cenpu,217.425216216601,154.087235365207,112.733691457841,254.142504345628
Brie_Cenpu_4,Cenpu,145.353873824358,221.752672449116,666.591693289744,53.0413902112417
Brie_Taf1d_1,Taf1d,142.951495744616,98.2052253196567,7.85664066175122,0.01
Brie_Taf1d_2,Taf1d,245.910556304964,243.177085246132,0.392762959109816,12.3649833825474
Brie_Taf1d_3,Taf1d,222.744767678886,261.209299350287,284.594260098148,28.1413467787232
Brie_Taf1d_4,Taf1d,205.241727383627,185.509707467497,0.584144438664724,2.86115001135708
Brie_Sprr2i_1,Sprr2i,310.94636289225,256.21026969765,62.9745067735647,123.559833825474
Brie_Sprr2i_2,Sprr2i,206.614514857765,263.887350949914,80.1988399335064,674.211939352238
Brie_Sprr2i_3,Sprr2i,163.714906290953,193.365325493069,155.22037991903,17.1169000681425
Brie_Sprr2i_4,Sprr2i,152.217811195048,153.373088271973,109.288824825852,18.6375134075329
Brie_Chtf18_1,Chtf18,187.395490219833,177.475552668616,11.3015072937396,448.590935120181
Brie_Chtf18_2,Chtf18,200.265372789876,201.042406745334,142.397820788851,65.3963735937891
Brie_Chtf18_3,Chtf18,155.478181446125,185.331170694188,81.155747331281,349.941144727226
Brie_Chtf18_4,Chtf18,137.631944282332,120.343785209907,61.0606919780156,37.4551034824897
Brie_Wdr25_1,Wdr25,188.596679259704,138.55453608737,64.3141771304491,357.544211424178
Brie_Wdr25_2,Wdr25,184.649915271557,183.902876507721,51.3002365207153,435.475645067938
Brie_Wdr25_3,Wdr25,335.313340558199,318.162530035688,0.775525918219632,40.3062534938467
Brie_Wdr25_4,Wdr25,259.295234177809,270.314674789019,10.9187443346298,44.8680935120181
Brie_Bora_1,Bora,328.964198490311,314.770331342827,70.0556215170963,249.010434325185
Brie_Bora_2,Bora,229.437106615308,205.505826078045,66.2279919259981,255.663117685018
Brie_Bora_3,Bora,113.608163484917,141.589661233614,0.584144438664724,118.617840472455
Brie_Bora_4,Bora,175.898395123928,226.394628555136,318.468781979367,114.626230456555
Brie_Blm_1,Blm,117.554927473064,149.802352805804,36.1810996358776,170.128617344306
Brie_Blm_2,Blm,139.691125493539,123.914520676076,8.04802214130613,15.7863633961758
Brie_Blm_3,Blm,140.034322362073,158.193581151302,274.451041681738,161.765243977658
Brie_Blm_4,Blm,290.354550780181,318.698140355613,441.718454812727,71.0986736165032
Brie_Wars2_1,Wars2,176.069993558195,160.157485657695,10.5359813755199,325.801407964402
Brie_Wars2_2,Wars2,232.869075300653,262.459056763446,105.269813755199,153.211793943587
Brie_Wars2_3,Wars2,320.727473645483,231.929268527698,86.7058102383733,78.8918169808792
Brie_Wars2_4,Wars2,180.70315128341,139.090146407296,86.1316657997086,287.405921144794
Brie_Recql4_1,Recql4,246.7685484763,234.250246580708,1.54105183643926,12.745136717395
Brie_Recql4_2,Recql4,152.904204932117,201.756553838567,26.2292626990224,0.200076667423805
Brie_Recql4_3,Recql4,146.726661298496,153.016014725356,0.584144438664724,7.99322003179983
Brie_Recql4_4,Recql4,214.336444399791,181.760435228019,24.5068293830282,13.8855967219378
Brie_H3c15_1,H3c15,227.034728535567,213.897054423543,15.8946628030574,30.2321901203851
Brie_H3c15_2,H3c15,196.833404104532,168.191640456576,0.392762959109816,0.01
Brie_H3c15_3,H3c15,155.992976748927,159.978948884386,0.96690739777454,0.01
Brie_H3c15_4,H3c15,188.425080825437,171.583839149437,0.96690739777454,87.8254203497981
Brie_H2bc3_1,H2bc3,212.792058491385,219.967304716031,885.340724421004,176.591224036715
Brie_H2bc3_2,H2bc3,96.6199184924597,97.3125414531144,0.201381479554908,0.01
Brie_H2bc3_3,H2bc3,255.176871755395,263.708814176605,247.657634544051,310.405197903074
Brie_H2bc3_4,H2bc3,130.596408477374,114.987682010653,0.201381479554908,8.75352670149505
Brie_Myl12b_1,Myl12b,215.366035005394,203.720458344961,1.15828887732945,620.040089136453
Brie_Myl12b_2,Myl12b,254.490478018326,323.161559688325,184.693127770486,267.25779439787
Brie_Myl12b_3,Myl12b,127.507636660564,148.374058619336,0.392762959109816,42.2070201680848
Brie_Myl12b_4,Myl12b,233.383870603455,244.783916205908,0.201381479554908,65.9666035960605
Brie_Dynlt1a_1,Dynlt1a,192.371844813583,149.980889579112,0.584144438664724,209.28441083361
Brie_Dynlt1a_2,Dynlt1a,212.620460057118,185.15263392088,12.8325591301788,0.01
Brie_Dynlt1a_3,Dynlt1a,143.637889481685,127.663792915554,35.6069551972129,0.200076667423805
Brie_Dynlt1a_4,Dynlt1a,218.283208387937,223.002429862275,390.236836812457,99.0399437278026
Brie_Brca2_1,Brca2,219.99919273061,194.972156452846,43.644977338519,209.664564168457
Brie_Brca2_2,Brca2,111.720580707977,115.880365877195,119.049280283153,117.477380467912
Brie_Brca2_3,Brca2,49.430349068967,42.858825594032,8.23940362086104,0.01
Brie_Brca2_4,Brca2,238.875020500007,188.723369387049,10.9187443346298,538.117045476793
Brie_H3c4_1,H3c4,260.153226349145,239.784886553271,5.75144438664724,0.01
Brie_H3c4_2,H3c4,200.608569658411,195.68630354608,0.775525918219632,4.38176335074752
Brie_H3c4_3,H3c4,156.850968920263,141.232587686997,9.96183693685521,22.2489700885852
Brie_H3c4_4,H3c4,159.081748565737,182.83165586787,0.584144438664724,0.200076667423805
Brie_Cenpp_1,Cenpp,178.472371637936,171.22676560282,7.66525918219632,4.57184001817133
Brie_Cenpp_2,Cenpp,181.904340323281,239.249276233345,108.331917428078,4.57184001817133
Brie_Cenpp_3,Cenpp,139.00473175647,153.73016181859,535.112616835523,139.906427223921
Brie_Cenpp_4,Cenpp,36.3888680646562,58.5700616451771,0.01,0.01
Chopchop_H3f3c_1,H3f3c,60.0694519935362,67.318363537292,61.4434549371254,58.5536135665321
Chopchop_H3f3c_2,H3f3c,143.294692613151,205.327289304737,185.841416647816,21.48866341889
Chopchop_H3f3c_3,H3f3c,213.478452228454,198.899965465632,157.325576194134,87.0651136801029
Chopchop_H3f3c_4,H3f3c,201.466561829747,174.083353975755,6.70835178442178,2.10084334166186
Brie_Rttn_1,Rttn,246.7685484763,283.883469560462,34.0759033607736,134.584280536054
Brie_Rttn_2,Rttn,192.028647945049,210.147782184065,138.378809718198,69.0078302748414
Brie_Rttn_3,Rttn,248.312934384706,316.555699075911,341.817322485066,571.000308941111
Brie_Rttn_4,Rttn,159.939740737074,148.731132165953,197.898449859775,24.7199667650947
Chopchop_Zfp993_1,Zfp993,175.898395123928,187.830685520507,14.3636109666181,4.76191668559513
Chopchop_Zfp993_2,Zfp993,91.3003670301751,88.0286292410741,127.470065383569,3.4313800136285
Chopchop_Zfp993_3,Zfp993,136.430755242461,137.126241900902,205.745090521526,97.8994837232598
Chopchop_Zfp993_4,Zfp993,160.969331342677,172.476523015979,0.392762959109816,44.6780168445943
Brie_H2ac7_1,H2ac7,230.295098786645,201.756553838567,73.8832511081945,202.8218041412
Brie_H2ac7_2,H2ac7,121.330093026943,133.198432888116,0.392762959109816,5.52222335529036
Brie_H2ac7_3,H2ac7,213.13525535992,206.041436397971,18.1912405577163,109.114007101264
Brie_H2ac7_4,H2ac7,159.768142302806,201.935090611876,61.0606919780156,260.22495770319
Brie_Zfp934_1,Zfp934,235.614650248929,213.539980876926,21.6361071897046,149.410260595111
Brie_Zfp934_2,Zfp934,156.336173617461,218.89608407618,0.392762959109816,84.2139636687458
Brie_Zfp934_3,Zfp934,112.750171313581,104.454012385453,132.637365331551,15.7863633961758
Brie_Zfp934_4,Zfp934,162.170520382548,173.54774365583,137.996046759089,144.088113907244
Brie_Hyls1_1,Hyls1,197.005002538799,196.578987412622,53.2140513162644,72.4292102884699
Brie_Hyls1_2,Hyls1,223.431161415955,238.892202686728,101.250802684546,92.5773370353932
Brie_Hyls1_3,Hyls1,148.271047206901,142.660881873465,79.6246954948417,22.6291234234328
Brie_Hyls1_4,Hyls1,163.371709422419,130.341844515181,181.439642618053,82.3131969945077
Brie_Tube1_1,Tube1,165.087693765091,194.258009359612,26.994788617242,165.376700658711
Brie_Tube1_2,Tube1,158.91015013147,154.979919231749,31.7793256061147,74.1399002952841
Brie_Tube1_3,Tube1,142.779897310349,186.045317787422,284.594260098148,197.119504118486
Brie_Tube1_4,Tube1,132.14079438578,136.590631580977,8.81354805952576,34.4138768037088
Brie_Slc25a26_1,Slc25a26,178.129174769402,167.298956590033,26.994788617242,7.80314336437602
Brie_Slc25a26_2,Slc25a26,283.833810278026,274.421020575113,0.96690739777454,115.956767128521
Brie_Slc25a26_3,Slc25a26,196.661805670264,180.867751361477,36.1810996358776,20.1581267469234
Brie_Slc25a26_4,Slc25a26,169.892449924574,192.651178399836,12.2584146915141,55.5123868877512
Brie_Dscc1_1,Dscc1,198.549388447204,203.541921571652,108.140535948523,33.2734167991659
Brie_Dscc1_2,Dscc1,105.199840205822,110.524262677941,21.2533442305948,69.1979069422652
Brie_Dscc1_3,Dscc1,135.915959939659,143.553565740007,100.868039725436,399.171001589991
Brie_Dscc1_4,Dscc1,255.691667058197,218.539010529563,17.6170961190515,103.221630411126
Chopchop_Eno1b_1,Eno1b,231.324689392248,217.110716343096,395.02137380133,125.840753834559
Chopchop_Eno1b_2,Eno1b,140.20592079634,168.013103683267,1.92381479554908,8.18329669922363
Chopchop_Eno1b_3,Eno1b,199.40738061854,240.499033646505,0.01,2.10084334166186
Chopchop_Eno1b_4,Eno1b,192.371844813583,180.332141041551,16.0860442826123,3.4313800136285
Brie_Zfp456_1,Zfp456,156.507772051729,180.332141041551,279.044197191056,181.34314072231
Brie_Zfp456_2,Zfp456,237.673831460136,163.01407403063,93.0213990636853,55.8925402225988
Brie_Zfp456_3,Zfp456,178.300773203669,158.37211792461,94.1696879410147,15.0260567264806
Brie_Zfp456_4,Zfp456,226.8631301013,192.651178399836,100.868039725436,189.706514088958
Brie_Xrcc3_1,Xrcc3,274.052699524792,269.421990922476,9.00492953908067,30.6123434552327
Brie_Xrcc3_2,Xrcc3,331.023379701518,348.513781498127,31.3965626470049,14.2657500567854
Brie_Xrcc3_3,Xrcc3,245.224162567895,243.177085246132,0.775525918219632,21.2985867514662
Brie_Xrcc3_4,Xrcc3,139.862723927806,121.415005849757,127.852828342678,66.3467569309081
Brie_Srp54a_1,Srp54a,145.18227539009,137.483315447519,199.238120216659,239.696677621419
Brie_Srp54a_2,Srp54a,213.478452228454,189.973126800209,0.96690739777454,6.28253002498558
Brie_Srp54a_3,Srp54a,163.371709422419,162.835537257322,0.392762959109816,0.200076667423805
Brie_Srp54a_4,Srp54a,233.383870603455,289.95371985295,45.3674106545132,2.29092000908566
Brie_Dna2_1,Dna2,207.300908594834,255.674659377724,0.775525918219632,11.7947533802759
Brie_Dna2_2,Dna2,191.857049510781,180.689214588168,0.775525918219632,15.0260567264806
Brie_Dna2_3,Dna2,152.217811195048,133.91257998135,4.02901107065307,4.76191668559513
Brie_Dna2_4,Dna2,135.744361505392,136.590631580977,0.201381479554908,10.4642167083093
Brie_Zfp992_1,Zfp992,123.732471106685,105.525233025304,0.01,71.0986736165032
Brie_Zfp992_2,Zfp992,115.32414782759,130.163307741872,0.201381479554908,82.1231203270839
Brie_Zfp992_3,Zfp992,115.495746261857,114.987682010653,4.41177402976288,3.24130334620469
Brie_Zfp992_4,Zfp992,143.98108635022,139.090146407296,0.775525918219632,0.01
Brie_Acat3_1,Acat3,139.862723927806,135.519410941126,44.9846476954034,5.90237669013797
Brie_Acat3_2,Acat3,245.910556304964,245.498063299142,355.788170492574,1601.97615304783
Brie_Acat3_3,Acat3,284.17700714656,283.704932787154,160.196298387458,323.140334620469
Brie_Acat3_4,Acat3,171.780032701514,134.805263847892,247.274871584941,74.9002069649793
Brie_Zfp808_1,Zfp808,207.815703897635,213.897054423543,51.1088550411604,516.638382057903
Brie_Zfp808_2,Zfp808,178.815568506471,194.793619679537,112.733691457841,2.48099667650947
Brie_Zfp808_3,Zfp808,128.708825700435,99.097909186199,24.3154479034733,18.0672834052615
Brie_Zfp808_4,Zfp808,124.933660146555,154.087235365207,6.32558882531196,208.334027496491
Brie_H2bc11_1,H2bc11,119.785707118538,96.5983943598805,0.201381479554908,0.01
Brie_H2bc11_2,H2bc11,113.951360353452,127.128182595628,1.15828887732945,0.01
Brie_H2bc11_3,H2bc11,118.4129196444,102.133034332443,0.584144438664724,0.200076667423805
Brie_H2bc11_4,H2bc11,156.507772051729,129.449160648638,0.392762959109816,25.4802734347899
Brie_Apex2_1,Apex2,253.804084281257,218.360473756255,605.541001311729,226.7714642366
Brie_Apex2_2,Apex2,124.075667975219,150.159426352421,68.7159511602119,37.6451801499135
Brie_Apex2_3,Apex2,180.531552849143,201.935090611876,200.577790573544,63.8757602543986
Brie_Apex2_4,Apex2,149.987031549573,131.055991608415,16.660188721277,2.10084334166186
Brie_H4c4_1,H4c4,174.697206084057,165.156515310332,0.01,13.695520054514
Brie_H4c4_2,H4c4,118.241321210133,130.163307741872,0.392762959109816,8.37337336664744
Brie_H4c4_3,H4c4,160.111339171341,163.371147577247,66.4193734055531,349.18083805753
Brie_H4c4_4,H4c4,142.608298876082,129.627697421947,0.392762959109816,39.3558701567277
Brie_H3c6_1,H3c6,162.170520382548,182.653119094561,2.4979592342138,10.0840633734617
Brie_H3c6_2,H3c6,157.708961091599,161.228706297545,40.7742551451954,8.56345003407124
Brie_H3c6_3,H3c6,179.158765375005,159.621875337769,7.2824962230865,9.13368003634266
Brie_H3c6_4,H3c6,81.1760594084075,71.9603196433121,0.201381479554908,3.4313800136285
Brie_Cstdc6_1,Cstdc6,228.579114443972,206.934120264513,201.726079450873,517.588765395022
Brie_Cstdc6_2,Cstdc6,164.744496896557,184.795560374263,114.456124773835,50.0001635324608
Brie_Cstdc6_3,Cstdc6,58.0102707823293,98.5622988662736,0.01,5.52222335529036
Brie_Cstdc6_4,Cstdc6,182.247537191816,156.586750191525,4.41177402976288,260.22495770319
Brie_H4c11_1,H4c11,234.413461209059,201.578017065259,84.4092324837144,10.6542933757331
Brie_H4c11_2,H4c11,141.235511401944,191.937031306602,125.939013547129,386.816018207444
Brie_H4c11_3,H4c11,169.892449924574,142.839418646773,146.608213339059,3.05122667878089
Brie_H4c11_4,H4c11,96.791516926727,97.6696149997313,0.201381479554908,0.200076667423805
Chopchop_Zfp972_1,Zfp972,187.738687088368,176.225795255457,253.207697451143,280.753237784961
Chopchop_Zfp972_2,Zfp972,175.555198255393,202.64923770511,24.6982108625831,54.5620035506321
Chopchop_Zfp972_3,Zfp972,117.554927473064,98.9193724128906,140.484005993302,8.56345003407124
Chopchop_Zfp972_4,Zfp972,127.336038226297,106.774990438463,228.13672362945,183.433984063972
Brie_Trp53rkb_1,Trp53rkb,124.590463278021,99.097909186199,0.392762959109816,22.6291234234328
Brie_Trp53rkb_2,Trp53rkb,125.791652317892,137.304778674211,0.392762959109816,3.24130334620469
Brie_Trp53rkb_3,Trp53rkb,130.939605345909,104.81108593207,372.438359213851,20.3482034143472
Brie_Trp53rkb_4,Trp53rkb,211.762467885782,175.154574615606,0.584144438664724,42.016943500661
Brie_Dpy19l3_1,Dpy19l3,193.229836984919,180.51067781486,418.178532827474,45.8184768491371
Brie_Dpy19l3_2,Dpy19l3,265.644376245697,192.294104853219,85.5575213610438,205.482877485134
Brie_Dpy19l3_3,Dpy19l3,139.00473175647,146.945764432868,18.1912405577163,222.019547551005
Brie_Dpy19l3_4,Dpy19l3,132.655589688581,180.153604268243,465.066995318426,311.545657907617
Brie_H3c3_1,H3c3,131.625999082978,166.227735950183,0.96690739777454,1.53061333939044
Brie_H3c3_2,H3c3,113.093368182115,133.376969661425,0.01,0.01
Brie_H3c3_3,H3c3,228.06431914117,198.364355145707,0.775525918219632,4.00161001589991
Brie_H3c3_4,H3c3,188.596679259704,180.153604268243,641.137956508942,47.1490135211037
Brie_Cep97_1,Cep97,151.188220589444,164.620904990406,115.413032171609,28.9016534484184
Brie_Cep97_2,Cep97,144.667480087289,158.193581151302,6.32558882531196,23.3894300931281
Brie_Cep97_3,Cep97,208.330499200437,276.563461854815,213.208968224167,536.786508804826
Brie_Cep97_4,Cep97,316.094315920268,354.04842147069,237.897179086751,239.506600953995
Brie_H2ac8_1,H2ac8,216.052428742463,171.762375922745,0.775525918219632,14.8359800590568
Brie_H2ac8_2,H2ac8,220.342389599144,183.545802961104,98.3800804912227,32.8932634643183
Brie_H2ac8_3,H2ac8,126.992841357762,177.475552668616,0.392762959109816,54.5620035506321
Brie_H2ac8_4,H2ac8,182.247537191816,159.800412111078,0.775525918219632,0.01
Brie_C1ra_1,C1ra,190.827458905178,216.753642796479,115.987176610274,50.760470202156
Brie_C1ra_2,C1ra,140.20592079634,126.235498729086,204.214038685087,71.8589802861984
Brie_C1ra_3,C1ra,208.845294503239,182.117508774636,52.4485253980448,218.598167537376
Brie_C1ra_4,C1ra,141.750306704746,142.482345100156,150.053079971048,0.01
Brie_Srcap_1,Srcap,177.099584163798,246.926357485609,0.201381479554908,0.200076667423805
Brie_Srcap_2,Srcap,258.265643572206,256.388806470958,251.868027094259,480.903968582228
Brie_Srcap_3,Srcap,231.83948469505,248.890261992003,881.513094829906,388.336631546834
Brie_Srcap_4,Srcap,201.981357132549,234.964393673942,0.392762959109816,0.200076667423805
Brie_H3c7_1,H3c7,166.975276542031,192.829715173144,40.2001107065307,37.8352568173373
Brie_H3c7_2,H3c7,102.282666823279,105.525233025304,0.392762959109816,3.05122667878089
Brie_H3c7_3,H3c7,173.839213912721,154.979919231749,0.201381479554908,14.8359800590568
Brie_H3c7_4,H3c7,146.555062864228,176.939942348691,13.9808480075083,0.200076667423805
Brie_H3c8_1,H3c8,205.756522686428,180.51067781486,1.15828887732945,0.01
Brie_H3c8_2,H3c8,259.981627914878,244.248305885982,11.1101258141847,5.90237669013797
Brie_H3c8_3,H3c8,120.643699289874,128.556476782096,5.17729994798251,4.95199335301894
Brie_H3c8_4,H3c8,147.927850338366,137.661852220828,0.775525918219632,3.05122667878089
Brie_H3c11_1,H3c11,281.08823532975,245.67660007245,69.0987141193218,504.283398675356
Brie_H3c11_2,H3c11,148.785842509703,159.086265017844,18.3826220372712,143.327807237549
Brie_H3c11_3,H3c11,236.301043985998,306.557639770637,18.765384996381,159.104170633725
Brie_H3c11_4,H3c11,192.715041682118,171.048228829511,0.775525918219632,28.9016534484184
Brie_H2bc15_1,H2bc15,147.927850338366,105.525233025304,0.584144438664724,0.200076667423805
Brie_H2bc15_2,H2bc15,92.3299576357786,64.8188487109734,4.60315550931779,0.01
Brie_H2bc15_3,H2bc15,82.89204375108,65.3544590308988,0.01,0.01
Brie_H2bc15_4,H2bc15,144.324283218754,112.845240730951,0.392762959109816,5.33214668786655
Brie_H2bc7_1,H2bc7,209.188491371773,262.994667083372,168.234320528764,107.783470429298
Brie_H2bc7_2,H2bc7,222.916366113153,208.898024770906,51.1088550411604,5.71230002271416
Brie_H2bc7_3,H2bc7,39.8208367500012,43.3944359139574,0.201381479554908,0.01
Brie_H2bc7_4,H2bc7,155.478181446125,126.94964582232,0.201381479554908,6.28253002498558
Brie_Rnf8_1,Rnf8,190.655860470911,138.733072860679,83.6437065654948,194.838584109401
Brie_Rnf8_2,Rnf8,242.993382922421,243.712695566057,111.202639621402,237.985987614604
Brie_Rnf8_3,Rnf8,213.650050662722,214.075591196852,110.437113703182,306.413587887174
Brie_Rnf8_4,Rnf8,75.6849095118557,99.097909186199,133.594272729326,15.9764400635997
Brie_Gbp8_1,Gbp8,220.857184901946,168.191640456576,824.290032442988,443.458865099738
Brie_Gbp8_2,Gbp8,156.850968920263,207.112657037821,22.4016331079242,36.124566810523
Brie_Gbp8_3,Gbp8,150.84502372091,119.094027796747,0.01,0.01
Brie_Gbp8_4,Gbp8,145.697070692892,138.018925767445,49.0036587660564,153.591947278435
Brie_Rps10_1,Rps10,170.407245227376,150.159426352421,0.392762959109816,5.71230002271416
Brie_Rps10_2,Rps10,147.927850338366,147.124301206177,0.201381479554908,4.38176335074752
Brie_Rps10_3,Rps10,152.732606497849,133.734043208042,0.201381479554908,0.01
Brie_Rps10_4,Rps10,120.643699289874,112.488167184334,0.201381479554908,6.85276002725699
Brie_H3c1_1,H3c1,177.271182598065,180.51067781486,0.584144438664724,0.01
Brie_H3c1_2,H3c1,123.732471106685,86.2432615079894,19.3395294350457,47.7192435233751
Brie_H3c1_3,H3c1,92.8447529385803,120.522321983215,0.392762959109816,0.390153334847611
Brie_H3c1_4,H3c1,238.360225197205,225.323407915285,518.6538095938,408.10460495891
Brie_Catspere2_1,Catspere2,198.034593144402,162.835537257322,507.745065259171,448.781011787605
Brie_Catspere2_2,Catspere2,204.38373521229,238.356592366803,530.136698367095,356.213674752211
Brie_Catspere2_3,Catspere2,203.697341475221,186.938001653965,219.333175569924,1236.64879825928
Brie_Catspere2_4,Catspere2,190.999057339445,163.728221123864,237.131653168531,144.088113907244
Brie_H2-Q6_1,H2-Q6,193.058238550652,143.732102513316,35.9897181563227,1.72069000681425
Brie_H2-Q6_2,H2-Q6,250.715312464447,282.633712147303,204.596801644197,221.069164213886
Brie_H2-Q6_3,H2-Q6,159.596543868539,166.406272723491,0.775525918219632,102.081170406584
Brie_H2-Q6_4,H2-Q6,267.703557456904,333.873766086833,527.265976173771,1422.16362566491
Brie_H2bc13_1,H2bc13,174.52560764979,162.121390164088,90.1506768703616,203.392034143472
Brie_H2bc13_2,H2bc13,157.194165788798,174.440427522372,115.604413651164,531.274285449536
Brie_H2bc13_3,H2bc13,114.637754090521,110.881336224558,57.8072068255822,0.960383337119027
Brie_H2bc13_4,H2bc13,184.993112140092,172.833596562596,0.392762959109816,26.6207334393328
Brie_H2-Q7_1,H2-Q7,194.774222893325,173.904817202447,237.323034648086,608.635489091025
Brie_H2-Q7_2,H2-Q7,103.998651165951,133.198432888116,174.358527874521,0.01
Brie_H2-Q7_3,H2-Q7,220.513988033412,271.564432202178,139.144335636418,2.67107334393328
Brie_H2-Q7_4,H2-Q7,188.939876128238,202.470700931801,11.1101258141847,100.940710402041
Brie_Sp110_1,Sp110,148.271047206901,136.590631580977,188.329375882029,170.31869401173
Brie_Sp110_2,Sp110,135.744361505392,131.948675474957,50.3433291229408,21.2985867514662
Brie_Sp110_3,Sp110,231.153090957981,227.822922741604,415.30781063415,182.673677394277
Brie_Sp110_4,Sp110,217.425216216601,262.280519990138,136.847757881759,75.0902836324031
Brie_Lce1g_1,Lce1g,169.720851490307,200.149722878791,37.5207699927619,66.9169869331795
Brie_Lce1g_2,Lce1g,127.16443979203,96.2413208132636,0.775525918219632,55.3223102203274
Brie_Lce1g_3,Lce1g,206.786113292032,194.793619679537,0.201381479554908,0.01
Brie_Lce1g_4,Lce1g,192.54344324785,251.746850364938,8.23940362086104,7.99322003179983
Brie_H3c10_1,H3c10,229.093909746774,254.246365191257,12.0670332119592,4.57184001817133
Brie_H3c10_2,H3c10,140.034322362073,167.834566909959,0.201381479554908,0.01
Brie_H3c10_3,H3c10,167.318473410565,174.797501068989,0.775525918219632,0.200076667423805
Brie_H3c10_4,H3c10,241.79219388255,192.651178399836,0.96690739777454,0.390153334847611
Brie_Rps23rg1_1,Rps23rg1,130.25321160884,146.588690886251,0.392762959109816,15.4062100613282
Brie_Rps23rg1_2,Rps23rg1,165.259292199358,213.361444103618,8.23940362086104,6.85276002725699
Brie_Rps23rg1_3,Rps23rg1,106.401029245693,94.8130266267958,106.226721152974,4.19168668332372
Brie_Rps23rg1_4,Rps23rg1,124.933660146555,124.807204542618,8.23940362086104,0.200076667423805
Brie_H2ac13_1,H2ac13,278.171061947206,314.948868116135,154.263472521256,23.0092767582805
Brie_H2ac13_2,H2ac13,149.987031549573,152.123330858814,0.584144438664724,2.86115001135708
Brie_H2ac13_3,H2ac13,202.667750869618,180.153604268243,0.584144438664724,4.38176335074752
Brie_H2ac13_4,H2ac13,217.596814650868,189.437516480283,14.554992446173,4.38176335074752
Brie_H2bc12_1,H2bc12,164.229701593755,130.698918061798,0.584144438664724,2.86115001135708
Brie_H2bc12_2,H2bc12,129.395219437504,133.376969661425,0.392762959109816,18.8275900749567
Brie_H2bc12_3,H2bc12,90.2707764245716,116.951586517046,0.201381479554908,0.01
Brie_H2bc12_4,H2bc12,103.998651165951,102.847181425677,0.201381479554908,0.01
Brie_Zfp781_1,Zfp781,172.123229570048,151.587720538888,0.775525918219632,358.684671428721
Brie_Zfp781_2,Zfp781,137.460345848064,166.406272723491,0.775525918219632,4.95199335301894
Brie_Zfp781_3,Zfp781,138.833133322202,108.917431718165,193.305294350457,294.058604504627
Brie_Zfp781_4,Zfp781,131.111203780176,110.167189131324,112.542309978286,0.200076667423805
Brie_Xlr3a_1,Xlr3a,142.265102007547,171.762375922745,84.4092324837144,367.428198130216
Brie_Xlr3a_2,Xlr3a,121.844888329745,146.76722765956,148.139265175499,102.841477076279
Brie_Xlr3a_3,Xlr3a,112.235376010779,101.775960785826,39.0518218292012,5.71230002271416
Brie_Xlr3a_4,Xlr3a,154.448590840522,139.804293500529,40.9656366247503,254.902811015323
Brie_Lce3f_1,Lce3f,186.880694917031,164.442368217098,442.101217771837,157.013327292063
Brie_Lce3f_2,Lce3f,194.43102602479,222.645356315658,5.75144438664724,189.706514088958
Brie_Lce3f_3,Lce3f,123.904069540952,96.0627840399551,0.392762959109816,5.52222335529036
Brie_Lce3f_4,Lce3f,179.158765375005,183.188729414487,0.392762959109816,10.6542933757331
Brie_H4c6_1,H4c6,129.052022568969,137.483315447519,55.7020105504782,225.440927564633
Brie_H4c6_2,H4c6,166.975276542031,144.44624960655,311.004904276725,92.5773370353932
Brie_H4c6_3,H4c6,118.241321210133,92.1349750271688,10.5359813755199,9.32375670376646
Brie_H4c6_4,H4c6,186.194301179962,165.156515310332,0.96690739777454,0.200076667423805
Brie_H2ac11_1,H2ac11,201.981357132549,163.906757897172,0.392762959109816,5.52222335529036
Brie_H2ac11_2,H2ac11,145.525472258625,166.584809496799,67.5676622828825,13.1252900522426
Brie_H2ac11_3,H2ac11,145.868669127159,108.024747851622,0.392762959109816,0.390153334847611
Brie_H2ac11_4,H2ac11,7.73192954202609,6.4373238391048,0.01,0.01
Brie_Bcl2a1d_1,Bcl2a1d,178.815568506471,177.654089441924,14.1722294870632,89.3460336891885
Brie_Bcl2a1d_2,Bcl2a1d,130.081613174573,118.201343930205,59.9124031006862,483.755118593585
Brie_Bcl2a1d_3,Bcl2a1d,187.052293351299,172.833596562596,8.23940362086104,30.0421134529613
Brie_Bcl2a1d_4,Bcl2a1d,198.20619157867,155.158456005058,0.96690739777454,153.972100613282
Brie_Chtf8_1,Chtf8,166.288882804962,118.379880703513,70.4383844762061,67.4872169354509
Brie_Chtf8_2,Chtf8,223.08796454742,166.584809496799,61.6348364166804,349.18083805753
Brie_Chtf8_3,Chtf8,205.584924252161,232.643415620932,35.6069551972129,136.86520054514
Brie_Chtf8_4,Chtf8,171.780032701514,228.894143381454,134.359798647545,31.5627267923517
Brie_Ube2v1_1,Ube2v1,89.9275795560371,129.092087102021,199.429501696214,199.590500794996
Brie_Ube2v1_2,Ube2v1,201.123364961213,214.25412797016,237.897179086751,447.640551783062
Brie_Ube2v1_3,Ube2v1,224.97554732436,192.294104853219,4.98591846842761,43.5375568400514
Brie_Ube2v1_4,Ube2v1,99.8802887435374,122.843300036225,10.344599895965,0.01
Brie_Rnasek_1,Rnasek,241.448997014016,241.570254286355,85.5575213610438,36.8848734802182
Brie_Rnasek_2,Rnasek,117.726525907331,103.025718198985,34.2672848403285,26.0505034370613
Brie_Rnasek_3,Rnasek,106.401029245693,112.845240730951,0.584144438664724,1.15046000454283
Brie_Rnasek_4,Rnasek,118.584518078667,102.847181425677,50.1519476433859,158.153787296606
Brie_Ifnz_1,Ifnz,114.809352524788,133.91257998135,87.0885731974831,120.138453811845
Brie_Ifnz_2,Ifnz,144.839078521556,144.089176059933,33.6931404016638,515.687998720784
Brie_Ifnz_3,Ifnz,169.034457753238,151.944794085505,12.449796171069,122.609450488354
Brie_Ifnz_4,Ifnz,167.146874976298,168.013103683267,218.184886692595,34.9841068059802
Brie_Sytl3_1,Sytl3,202.496152435351,236.39268786041,375.883225845839,614.90801911601
Brie_Sytl3_2,Sytl3,178.987166940738,129.984770968564,44.0277402976288,87.0651136801029
Brie_Sytl3_3,Sytl3,150.158629983841,161.764316617471,85.3661398814889,2.29092000908566
Brie_Sytl3_4,Sytl3,141.407109836211,158.907728244535,224.309094038352,133.253743864088
Brie_H2ac15_1,H2ac15,231.324689392248,196.936060959239,0.392762959109816,51.1406235370036
Brie_H2ac15_2,H2ac15,178.300773203669,193.186788719761,0.584144438664724,4.38176335074752
Brie_H2ac15_3,H2ac15,288.810164871776,318.162530035688,436.933917823855,259.464651033494
Brie_H2ac15_4,H2ac15,220.513988033412,166.406272723491,1.15828887732945,0.200076667423805
Brie_B3galnt1_1,B3galnt1,172.809623307117,152.480404405431,896.440850235189,41.2566368309658
Brie_B3galnt1_2,B3galnt1,230.466697220912,189.080442933666,49.1950402456113,145.418650579211
Brie_B3galnt1_3,B3galnt1,219.827594296343,183.367266187795,296.651293310107,225.440927564633
Brie_B3galnt1_4,B3galnt1,163.543307856686,187.116538427273,95.700739777454,206.053107487405
Brie_Gemin4_1,Gemin4,197.005002538799,150.159426352421,0.201381479554908,0.01
Brie_Gemin4_2,Gemin4,150.158629983841,158.550654697918,26.8034071376871,20.538280081771
Brie_Gemin4_3,Gemin4,157.537362657332,173.012133335904,111.202639621402,11.0344467105807
Brie_Gemin4_4,Gemin4,193.573033853454,186.045317787422,330.908578150436,103.981937080822
Brie_Vmn2r29_1,Vmn2r29,65.0458065872864,77.4949596158746,0.01,114.626230456555
Brie_Vmn2r29_2,Vmn2r29,128.880424134702,164.085294670481,0.01,42.7772501703562
Brie_Vmn2r29_3,Vmn2r29,228.235917575438,187.830685520507,130.914932015557,185.524827405634
Brie_Vmn2r29_4,Vmn2r29,154.963386143323,174.797501068989,76.3712103424083,0.01
Brie_Srp54b_1,Srp54b,123.046077369616,166.406272723491,209.189957153514,312.876194579584
Brie_Srp54b_2,Srp54b,145.353873824358,152.123330858814,73.5004881490846,10.0840633734617
Brie_Srp54b_3,Srp54b,91.6435638987096,109.810115584707,0.01,0.01
Brie_Srp54b_4,Srp54b,179.50196224354,149.980889579112,1.15828887732945,0.01
Brie_H2ac12_1,H2ac12,241.620595448283,263.708814176605,23.3585405056988,154.922483950401
Brie_H2ac12_2,H2ac12,134.714770899788,118.558417476822,27.1861700967969,114.436153789131
Brie_H2ac12_3,H2ac12,180.531552849143,190.865810666751,0.01,5.52222335529036
Brie_H2ac12_4,H2ac12,143.294692613151,134.269653527967,6.13420734575705,0.200076667423805
Brie_Fdx2_1,Fdx2,234.070264340524,201.756553838567,23.7413034648086,100.750633734617
Brie_Fdx2_2,Fdx2,230.981492523714,145.160396699783,6.51697030486687,5.71230002271416
Brie_Fdx2_3,Fdx2,256.378060795266,297.630801105214,41.539781063415,16.9268234007187
Brie_Fdx2_4,Fdx2,174.354009215522,144.803323153167,212.443442305948,214.606557521476
Brie_H2ac20_1,H2ac20,227.892720706903,231.215121434464,136.464994922649,209.094334166186
Brie_H2ac20_2,H2ac20,154.276992406254,162.121390164088,0.01,14.2657500567854
Brie_H2ac20_3,H2ac20,146.211865995694,144.803323153167,101.824947123211,6.28253002498558
Brie_H2ac20_4,H2ac20,121.330093026943,124.62866776931,0.201381479554908,0.390153334847611
Brie_Eif4a3l1_1,Eif4a3l1,271.650321445051,201.756553838567,12.8325591301788,148.649953925416
Brie_Eif4a3l1_2,Eif4a3l1,158.91015013147,103.204254972294,24.889592342138,147.129340586025
Brie_Eif4a3l1_3,Eif4a3l1,281.774629066819,272.992726388646,1.34967035688436,14.0756733893616
Brie_Eif4a3l1_4,Eif4a3l1,160.454536039875,116.594512970429,125.364869108465,28.5215001135708
Brie_Lce1m_1,Lce1m,276.626676038801,244.426842659291,797.688006784856,163.285857317049
Brie_Lce1m_2,Lce1m,242.650186053886,287.63274179994,200.386409093989,57.603230229413
Brie_Lce1m_3,Lce1m,172.981221741384,174.440427522372,0.584144438664724,122.229297153507
Brie_Lce1m_4,Lce1m,156.850968920263,152.658941178739,35.7983366767678,8.18329669922363
Brie_Chil4_1,Chil4,154.963386143323,214.25412797016,226.797053272566,546.290342176017
Brie_Chil4_2,Chil4,184.649915271557,162.478463710705,0.584144438664724,121.659067151235
Brie_Chil4_3,Chil4,153.93379553772,121.415005849757,39.8173477474208,364.006818116587
Brie_Chil4_4,Chil4,192.715041682118,238.892202686728,351.769159421921,346.899918048445
Brie_Lce3b_1,Lce3b,158.223756394401,149.623816032495,13.4067035688436,336.445701340136
Brie_Lce3b_2,Lce3b,142.09350357328,165.33505208364,217.802123733485,120.518607146693
Brie_Lce3b_3,Lce3b,180.70315128341,168.370177229884,69.6728585579865,54.9421568854798
Brie_Lce3b_4,Lce3b,104.68504490302,128.556476782096,150.053079971048,636.576759202324
Brie_Xlr3b_1,Xlr3b,134.028377162719,133.555506434733,0.584144438664724,148.649953925416
Brie_Xlr3b_2,Xlr3b,122.188085198279,127.485256142245,40.7742551451954,440.037485086109
Brie_Xlr3b_3,Xlr3b,208.845294503239,268.707843829242,53.5968142753742,580.504142312302
Brie_Xlr3b_4,Xlr3b,168.691260884703,146.053080566326,37.5207699927619,9.13368003634266
Brie_Zfp966_1,Zfp966,128.022431963366,130.698918061798,0.201381479554908,19.587896744652
Brie_Zfp966_2,Zfp966,187.738687088368,174.61896429568,362.295140797441,309.644891233379
Brie_Zfp966_3,Zfp966,136.087558373926,116.594512970429,69.4814770784316,111.965157112621
Brie_Zfp966_4,Zfp966,111.205785405176,113.380851050876,42.3053069816347,0.01
Brie_Abcc6_1,Abcc6,321.413867382552,283.704932787154,1021.79571934365,471.210058543614
Brie_Abcc6_2,Abcc6,217.082019348067,229.786827247997,443.632269608277,474.441361889818
Brie_Abcc6_3,Abcc6,219.141200559274,254.424901964565,222.203897763248,242.927980967623
Brie_Abcc6_4,Abcc6,216.910420913799,194.43654613292,488.415535824125,90.6765703611552
Brie_C1qtnf2_1,C1qtnf2,251.74490307005,243.177085246132,462.579036084212,360.395361435535
Brie_C1qtnf2_2,C1qtnf2,176.756387295264,178.903846855084,252.059408573814,194.078277439705
Brie_C1qtnf2_3,C1qtnf2,231.324689392248,199.257039012249,275.216567599958,264.976874388785
Brie_C1qtnf2_4,C1qtnf2,242.478587619619,260.85222580367,346.793240953493,132.493437194392
Brie_Ccl3_1,Ccl3,235.271453380395,233.714636260783,395.78689971955,92.1971837005456
Brie_Ccl3_2,Ccl3,240.419406408412,308.700081050339,346.027715035274,146.749187251178
Brie_Ccl3_3,Ccl3,188.768277693971,193.008251946453,153.306565123481,437.5664884096
Brie_Ccl3_4,Ccl3,168.004867147634,160.69309597762,190.434572157133,159.484323968573
Brie_Cd300lg_1,Cd300lg,310.94636289225,267.279549642775,567.264705400747,919.790993663794
Brie_Cd300lg_2,Cd300lg,330.336985964449,323.340096461633,161.153205785232,855.735156741972
Brie_Cd300lg_3,Cd300lg,207.472507029101,227.10877564837,452.053054708693,272.960094420585
Brie_Cd300lg_4,Cd300lg,187.223891785566,221.752672449116,94.3610694205696,69.387983609689
Brie_Cend1_1,Cend1,128.194030397633,138.55453608737,202.874368328202,5.33214668786655
Brie_Cend1_2,Cend1,275.082290130396,252.103923911555,1053.94780790888,897.552023575209
Brie_Cend1_3,Cend1,190.484262036643,184.795560374263,146.416831859505,237.225680944909
Brie_Cend1_4,Cend1,234.070264340524,225.680481461902,49.0036587660564,144.088113907244
Brie_Ces2a_1,Ces2a,207.300908594834,219.610231169414,484.396524753472,232.853917594162
Brie_Ces2a_2,Ces2a,193.401435419187,152.837477952048,1.34967035688436,97.5193303884122
Brie_Ces2a_3,Ces2a,191.513852642247,212.825833783692,229.859156945444,643.229442562157
Brie_Ces2a_4,Ces2a,239.561414237076,230.679511114539,710.226670628263,116.717073798217
Brie_Chp2_1,Chp2,187.738687088368,189.973126800209,138.187428238644,1814.86202056249
Brie_Chp2_2,Chp2,182.762332494617,217.289253116404,121.537239517367,348.990761390107
Brie_Chp2_3,Chp2,214.508042834058,197.471671279164,519.80209847113,598.941579052411
Brie_Chp2_4,Chp2,147.413055035565,138.911609633987,211.869297867283,265.166951056209
Brie_Chrna9_1,Chrna9,294.644511636862,300.48738947815,98.3800804912227,705.574589477166
Brie_Chrna9_2,Chrna9,232.011083129317,241.213180739739,134.742561606655,193.698124104858
Brie_Chrna9_3,Chrna9,128.194030397633,144.981859926475,190.434572157133,198.259964123029
Brie_Chrna9_4,Chrna9,189.111474562505,181.581898454711,124.216580231135,346.519764713597
Brie_Colgalt2_1,Colgalt2,281.946227501086,247.819041352152,209.955483071734,556.744558884326
Brie_Colgalt2_2,Colgalt2,60.9274441648725,83.5652099083624,417.221625429699,72.8093636233175
Brie_Colgalt2_3,Colgalt2,173.839213912721,195.507766772771,121.728620996921,271.439481081194
Brie_Colgalt2_4,Colgalt2,268.046754325439,281.383954734144,226.222908833901,127.171290506526
Brie_Cpa3_1,Cpa3,211.762467885782,173.012133335904,153.689328082591,531.654438784384
Brie_Cpa3_2,Cpa3,282.461022803888,267.636623189392,181.631024097608,175.070610697325
Brie_Cpa3_3,Cpa3,204.38373521229,229.965364021305,504.874343065847,457.904691823947
Brie_Cpa3_4,Cpa3,264.271588771559,293.167381772502,547.169650047482,684.476079393123
Brie_Dhrs7c_1,Dhrs7c,246.253753173499,209.255098317523,281.723537904824,72.9994402907413
Brie_Dhrs7c_2,Dhrs7c,196.147010367463,165.33505208364,586.211471876683,370.659501476421
Brie_Dhrs7c_3,Dhrs7c,250.886910898714,247.99757812546,70.2470029966512,457.714615156523
Brie_Dhrs7c_4,Dhrs7c,232.011083129317,233.893173034091,420.857873541243,999.813270649216
Brie_Gabra2_1,Gabra2,114.637754090521,106.596453665155,95.8921212570089,490.597878620842
Brie_Gabra2_2,Gabra2,195.460616630394,194.615082906229,134.93394308621,60.4543802407701
Brie_Gabra2_3,Gabra2,113.779761919184,98.5622988662736,108.523298907633,142.567500567854
Brie_Gabra2_4,Gabra2,88.3831936476319,124.807204542618,64.8883215691138,521.770452078346
Brie_Gdf10_1,Gdf10,137.631944282332,114.630608464036,190.817335116243,216.317247528291
Brie_Gdf10_2,Gdf10,205.584924252161,209.61217186414,145.07716150262,298.620444522798
Brie_Gdf10_3,Gdf10,216.395625610998,192.472641626527,193.879438789122,445.169555106552
Brie_Gdf10_4,Gdf10,429.006085668116,387.79187162599,799.79320305996,311.165504572769
Brie_H2-M10.5_1,H2-M10.5,232.869075300653,259.602468390511,134.5511801271,380.543488182458
Brie_H2-M10.5_2,H2-M10.5,189.797868299574,143.910639286624,33.5017589221089,60.6444569081939
Brie_H2-M10.5_3,H2-M10.5,124.247266409486,150.159426352421,519.41933551202,276.001321099365
Brie_H2-M10.5_4,H2-M10.5,184.649915271557,133.376969661425,132.828746811106,346.709841381021
Brie_Hba-a1_1,Hba-a1,306.484803601302,235.142930447251,349.281200187707,489.457418616299
Brie_Hba-a1_2,Hba-a1,239.046618934274,246.390747165684,787.353406888891,182.483600726853
Brie_Hba-a1_3,Hba-a1,226.005137929963,213.361444103618,594.823638456654,108.543777098993
Brie_Hba-a1_4,Hba-a1,79.6316735000023,62.8549442045803,0.01,0.01
Brie_Hhip_1,Hhip,197.519797841601,183.902876507721,13.4067035688436,148.84003059284
Brie_Hhip_2,Hhip,217.253617782334,262.994667083372,698.743781854969,385.10532820063
Brie_Hhip_3,Hhip,106.057832377158,109.095968491473,66.0366104464432,380.543488182458
Brie_Hhip_4,Hhip,161.655725079746,150.516499899037,327.080948559338,126.791137171678
Brie_Ildr2_1,Ildr2,203.525743040954,159.443338564461,118.666517324043,311.925811242465
Brie_Ildr2_2,Ildr2,290.697747648715,299.951779158224,262.776771428889,1014.25909737343
Brie_Ildr2_3,Ildr2,269.591140233844,292.096161132652,216.845216335711,252.051661003966
Brie_Ildr2_4,Ildr2,230.809894089446,210.683392503991,11.6842702528494,578.983528972911
Brie_Ism1_1,Ism1,272.33671518212,248.354651672077,318.086019020257,166.137007328406
Brie_Ism1_2,Ism1,213.13525535992,224.430724048743,742.761522152598,558.835402225988
Brie_Ism1_3,Ism1,209.531688240308,175.690184935531,116.752702528494,153.972100613282
Brie_Ism1_4,Ism1,236.987437723067,288.882499213099,37.9035329518718,479.383355242837
Brie_Itih1_1,Itih1,222.744767678886,189.973126800209,167.851557569654,483.755118593585
Brie_Itih1_2,Itih1,246.425351607766,271.564432202178,677.309056144819,444.409248436857
Brie_Itih1_3,Itih1,238.531823631472,267.8151599627,164.598072417221,367.61827479764
Brie_Itih1_4,Itih1,236.644240854533,157.479434058068,76.5625918219632,83.4536569990506
Brie_Kcnj13_1,Kcnj13,176.413190426729,171.048228829511,225.648764395236,60.8345335756177
Brie_Kcnj13_2,Kcnj13,228.06431914117,267.8151599627,199.046738737104,280.563161117537
Brie_Kcnj13_3,Kcnj13,244.366170396559,194.793619679537,151.009987368822,347.089994715869
Brie_Kcnj13_4,Kcnj13,218.969602125006,186.045317787422,988.686723380654,141.046887228464
Brie_Klrc3_1,Klrc3,177.6143794666,162.478463710705,123.642435792471,438.136718411871
Brie_Klrc3_2,Klrc3,275.42548699893,302.094220437926,335.310352180199,411.335908305115
Brie_Klrc3_3,Klrc3,141.750306704746,132.662822568191,78.8591695766221,372.370191483235
Brie_Klrc3_4,Klrc3,196.147010367463,203.541921571652,640.563812070277,286.075384472827
Brie_Lbx1_1,Lbx1,149.815433115306,157.657970831376,367.271059265868,259.464651033494
Brie_Lbx1_2,Lbx1,173.324418609919,196.75752418593,205.745090521526,58.1734602316844
Brie_Lbx1_3,Lbx1,247.454942213369,197.471671279164,637.501708397398,406.774068286944
Brie_Lbx1_4,Lbx1,212.792058491385,242.641474926206,355.405407533464,816.389286585244
Brie_Mmrn2_1,Mmrn2,151.874614326513,212.647297010384,321.530885652245,27.1909634416042
Brie_Mmrn2_2,Mmrn2,193.058238550652,164.085294670481,1.73243331599417,583.355292323659
Brie_Mmrn2_3,Mmrn2,236.301043985998,238.535129140112,570.90095351229,67.2971402680271
Brie_Mmrn2_4,Mmrn2,187.052293351299,204.256068664886,312.72733759272,571.570538943383
Brie_Ms4a6b_1,Ms4a6b,140.720716099142,166.763346270108,113.307835896505,51.9009302066989
Brie_Ms4a6b_2,Ms4a6b,122.531282066814,131.413065155032,111.776784060066,69.7681369445366
Brie_Ms4a6b_3,Ms4a6b,228.922311312507,226.216091781827,210.721008989954,826.273273291282
Brie_Ms4a6b_4,Ms4a6b,170.407245227376,173.190670109213,659.701960025768,316.867804595484
Brie_Nt5c1b_1,Nt5c1b,267.188762154103,268.707843829242,236.940271688976,740.73877295057
Brie_Nt5c1b_2,Nt5c1b,143.294692613151,149.08820571257,167.468794610544,222.209624218429
Brie_Nt5c1b_3,Nt5c1b,187.738687088368,183.188729414487,995.576456644631,221.639394216157
Brie_Nt5c1b_4,Nt5c1b,246.596950042033,195.68630354608,987.538434503325,337.586161344678
Brie_Opn4_1,Opn4,179.330363809272,229.786827247997,605.349619832174,182.103447392006
Brie_Opn4_2,Opn4,205.928121120696,202.292164158493,164.789453896776,777.803723098212
Brie_Opn4_3,Opn4,333.42575778126,301.201536571383,1725.50541966705,124.320140495169
Brie_Opn4_4,Opn4,162.68531568535,159.800412111078,79.2419325357319,44.8680935120181
Brie_Prcd_1,Prcd,133.856778728452,179.260920401701,238.088560566305,98.659790392955
Brie_Prcd_2,Prcd,295.845700676733,272.100042522103,230.624682863664,1017.49040071963
Brie_Prcd_3,Prcd,208.330499200437,239.427813006654,719.795744606009,480.903968582228
Brie_Prcd_4,Prcd,224.632350455826,202.292164158493,253.590460410253,783.69609978835
Brie_Prss48_1,Prss48,165.430890633625,136.23355803436,30.0568922901205,294.058604504627
Brie_Prss48_2,Prss48,86.4956108706922,140.161367047146,159.813535428348,18.2573600726853
Brie_Prss48_3,Prss48,216.910420913799,242.284401379589,319.425689377141,344.428921371935
Brie_Prss48_4,Prss48,177.957576335134,254.603438737874,1029.06821556674,130.40259385273
Brie_Scg5_1,Scg5,239.733012671343,206.219973171279,406.887025533734,303.942591210665
Brie_Scg5_2,Scg5,215.709231873929,210.683392503991,338.372455853077,419.319128336915
Brie_Scg5_3,Scg5,204.555333646558,188.544832613741,187.1810870047,226.391310901752
Brie_Scg5_4,Scg5,186.022702745695,191.222884213368,139.335717115973,518.919302066989
Brie_Sit1_1,Sit1,316.952308091604,271.921505748795,331.291341109546,794.72054649893
Brie_Sit1_2,Sit1,300.99365370475,240.320496873196,89.5765324316969,220.879087546462
Brie_Sit1_3,Sit1,255.691667058197,259.245394843894,239.42823092319,317.057881262907
Brie_Sit1_4,Sit1,192.200246379316,166.406272723491,521.524531787124,416.08782499071
Brie_Slc22a12_1,Slc22a12,113.608163484917,97.6696149997313,8.04802214130613,111.585003777774
Brie_Slc22a12_2,Slc22a12,334.798545255398,319.05521390223,257.800852960461,139.906427223921
Brie_Slc22a12_3,Slc22a12,76.5429016831919,52.1427378060723,122.876909874251,83.8338103338982
Brie_Slc22a12_4,Slc22a12,256.034863926732,219.431694396106,404.39906629952,241.78752096308
Brie_Sln_1,Sln,226.519933232765,218.181936982946,345.644952076164,268.588331069837
Brie_Sln_2,Sln,218.969602125006,192.472641626527,566.881942441637,166.897313998101
Brie_Sln_3,Sln,207.644105463368,253.532218098023,942.372405328367,40.3062534938467
Brie_Sln_4,Sln,239.218217368541,212.647297010384,702.571411446067,197.30958078591
Brie_Smco2_1,Smco2,178.129174769402,173.369206882521,72.9263437104199,58.5536135665321
Brie_Smco2_2,Smco2,168.691260884703,119.629638116673,338.946600291742,63.495606919551
Brie_Smco2_3,Smco2,267.875155891172,323.875706781559,293.015045198564,453.342851805776
Brie_Smco2_4,Smco2,144.495881653021,119.629638116673,33.5017589221089,65.3963735937891
Brie_Spata32_1,Spata32,126.821242923495,152.837477952048,103.73876191876,780.844949776993
Brie_Spata32_2,Spata32,192.371844813583,183.724339734412,27.9516960150166,48.4795501930704
Brie_Spata32_3,Spata32,206.614514857765,230.143900794614,802.663925253284,631.634765849305
Brie_Spata32_4,Spata32,217.082019348067,245.140989752525,213.783112662832,507.704778688984
Brie_Tas2r126_1,Tas2r126,230.466697220912,275.492241214964,206.701997919301,870.180983466181
Brie_Tas2r126_2,Tas2r126,193.229836984919,216.218032476553,607.263434627723,647.791282580329
Brie_Tas2r126_3,Tas2r126,178.643970072203,186.402391334039,219.907320008589,112.155233780045
Brie_Tas2r126_4,Tas2r126,188.081883956902,189.7945900269,183.736220372712,453.913081808047
Brie_Tcf23_1,Tcf23,178.815568506471,178.18969976185,466.980810113975,92.5773370353932
Brie_Tcf23_2,Tcf23,185.164710574359,238.892202686728,202.874368328202,731.044862911956
Brie_Tcf23_3,Tcf23,284.863400883629,206.219973171279,366.122770388539,216.507324195714
Brie_Tcf23_4,Tcf23,317.81030026294,311.021059103349,415.30781063415,499.341405322337
Brie_Teddm1b_1,Teddm1b,249.514123424576,284.419079880387,291.866756321235,204.912647482862
Brie_Teddm1b_2,Teddm1b,148.785842509703,106.596453665155,165.554979814995,210.614947505576
Brie_Teddm1b_3,Teddm1b,122.531282066814,157.836507604685,539.131627906176,287.595997812218
Brie_Teddm1b_4,Teddm1b,209.874885108842,183.188729414487,5.17729994798251,1485.64923258446
Brie_Tex44_1,Tex44,164.058103159488,160.514559204312,135.69946900443,170.508770679153
Brie_Tex44_2,Tex44,193.573033853454,164.977978537023,6.13420734575705,645.510362571243
Brie_Tex44_3,Tex44,267.188762154103,269.243454149168,324.018844886459,60.2643035733463
Brie_Tex44_4,Tex44,241.963792316817,310.663985556732,975.864164250475,501.812401998846
Brie_Tmem273_1,Tmem273,206.786113292032,166.406272723491,753.670266487227,213.466097516933
Brie_Tmem273_2,Tmem273,227.377925404101,269.243454149168,489.563824701454,267.637947732718
Brie_Tmem273_3,Tmem273,304.597220824362,278.170292814591,826.395228718092,130.212517185307
Brie_Tmem273_4,Tmem273,179.673560677807,182.296045547945,178.568920424729,581.834678984268
Brie_Trabd2b_1,Trabd2b,171.951631135781,188.187759067124,324.975752284234,345.379304709054
Brie_Trabd2b_2,Trabd2b,273.537904221991,268.350770282625,455.689302820236,332.454091324236
Brie_Trabd2b_3,Trabd2b,168.691260884703,236.749761407027,10.344599895965,74.3299769627079
Brie_Trabd2b_4,Trabd2b,109.832997931038,94.2774163068704,297.799582187437,374.841188159744
Brie_Ttr_1,Ttr,202.324554001083,233.893173034091,290.52708596435,263.26618438197
Brie_Ttr_2,Ttr,121.50169146121,110.524262677941,14.554992446173,189.516437421534
Brie_Ttr_3,Ttr,259.123635743542,229.251216928071,131.297694974667,228.102000908566
Brie_Ttr_4,Ttr,92.8447529385803,121.950616169683,68.9073326397669,237.035604277485
Brie_Vgf_1,Vgf,232.011083129317,177.297015895307,356.553696410793,363.62666478174
Brie_Vgf_2,Vgf,193.916230721988,149.08820571257,5.94282586620215,348.800684722683
Brie_Vgf_3,Vgf,276.455077604534,297.452264331906,151.392750327932,403.162611605891
Brie_Vgf_4,Vgf,270.963927707982,236.749761407027,337.989692893967,694.740219434009
Brie_Vtn_1,Vtn,199.40738061854,143.553565740007,357.893366767678,136.86520054514
Brie_Vtn_2,Vtn,153.075803366384,152.837477952048,156.942813235024,128.691903845916
Brie_Vtn_3,Vtn,213.993247531256,248.711725218694,293.780571116784,381.493871519577
Brie_Vtn_4,Vtn,77.4008938545281,54.6422526323908,89.5765324316969,129.452210515611
Brie_Wfikkn2_1,Wfikkn2,263.58519503449,260.495152257053,7.09111474353159,201.871420804081
Brie_Wfikkn2_2,Wfikkn2,226.348334798498,246.926357485609,347.367385392158,149.600337262535
Brie_Wfikkn2_3,Wfikkn2,269.419541799577,284.776153427004,321.913648611355,570.620155606264
Brie_Wfikkn2_4,Wfikkn2,155.649779880392,186.402391334039,293.780571116784,430.153498380072
Brie_Zc2hc1b_1,Zc2hc1b,153.075803366384,207.826804131055,340.669033607736,184.764520735939
Brie_Zc2hc1b_2,Zc2hc1b,222.229972376084,176.404332028765,245.552438268947,152.071333939044
Brie_Zc2hc1b_3,Zc2hc1b,232.182681563584,270.314674789019,245.169675309837,375.601494829439
Brie_Zc2hc1b_4,Zc2hc1b,117.554927473064,124.985741315927,46.5156995318426,49.2398568627656
Brie_Zfp521_1,Zfp521,343.206868534493,364.939164642506,582.95798672425,1064.43933757331
Brie_Zfp521_2,Zfp521,242.135390751085,183.367266187795,150.818605889267,262.315801044851
Brie_Zfp521_3,Zfp521,205.756522686428,187.116538427273,85.9402843201537,352.222064736311
Brie_Zfp521_4,Zfp521,252.088099938585,249.425872311928,772.617032963163,453.723005140623
Chopchop_Gm15217_1,Gm15217,212.792058491385,213.361444103618,73.3091066695297,163.095780649625
Chopchop_Gm15217_2,Gm15217,137.631944282332,140.518440593763,164.215309458111,498.771175320065
Chopchop_Gm15217_3,Gm15217,256.378060795266,322.090339048474,221.246990365474,345.949534711326
Chopchop_Gm15217_4,Gm15217,299.792464664879,249.604409085236,131.106313495112,394.038931569549
Chopchop_Gm17387_1,Gm17387,215.880830308196,180.689214588168,175.124053792741,306.793741222022
Chopchop_Gm17387_2,Gm17387,147.927850338366,150.695036672346,96.4662656956736,234.374530933552
Chopchop_Gm17387_3,Gm17387,126.992841357762,156.943823738142,169.382609406094,620.420242471301
Chopchop_Gm17387_4,Gm17387,74.1405236034504,112.666703957643,20.4878183123752,74.7101302975555
Chopchop_Gm5426_1,Gm5426,102.969060560348,94.2774163068704,0.01,338.726621349221
Chopchop_Gm5426_2,Gm5426,92.1583592015113,103.561328518911,137.613283799979,2.67107334393328
Chopchop_Gm5426_3,Gm5426,255.348470189663,315.841551982678,484.587906233027,588.677439011525
Chopchop_Gm5426_4,Gm5426,178.472371637936,161.407243070854,68.1418067215472,1.15046000454283
Chopchop_Spata19_1,Spata19,210.389680411644,213.004370557001,479.037843325934,199.590500794996
Chopchop_Spata19_2,Spata19,185.507907442893,184.795560374263,162.110113183007,72.6192869558937
Chopchop_Spata19_3,Spata19,246.253753173499,192.651178399836,257.992234440016,360.395361435535
Chopchop_Spata19_4,Spata19,195.632215064661,274.242483801805,331.099959629991,521.390298743498
Brie_Non-targetting_40,Non-targetting0,95.0755325840545,103.739865292219,206.893379398855,494.779565304165
Brie_Non-targetting_489,Non-targetting89,280.916636895482,264.958571589765,399.231766351538,314.776961253822
Brie_Non-targetting_919,Non-targetting_919,174.697206084057,173.54774365583,276.747619436397,222.7798542207
Brie_Non-targetting_794,Non-targetting_794,110.347793233839,128.913550328713,373.58664809118,197.499657453334
Brie_Non-targetting_157,Non-targetting57,156.164575183194,126.94964582232,9.7704554573003,110.824697108079
Brie_Non-targetting_538,Non-targetting_538,265.644376245697,242.105864606281,736.254551847731,390.237398221072
Brie_Non-targetting_946,Non-targetting_946,172.981221741384,139.982830273838,126.321776506239,126.030830501983
Brie_Non-targetting_21,Non-targetting1,228.922311312507,252.63953423148,434.254577110086,684.666156060547
Brie_Non-targetting_353,Non-targetting53,146.040267561427,106.953527211772,920.937679618217,192.747740767739
Brie_Non-targetting_943,Non-targetting_943,96.4483200581925,82.1369157218947,89.0023879930322,115.006383791402
Brie_Non-targetting_583,Non-targetting_583,76.0281063803901,84.9935040948302,37.9035329518718,237.035604277485
Brie_Non-targetting_903,Non-targetting_903,255.348470189663,266.029792229615,154.072091041701,246.729514316099
Brie_Non-targetting_485,Non-targetting85,83.9216343566835,74.4598344696306,15.8946628030574,60.8345335756177
Brie_Non-targetting_898,Non-targetting_898,235.957847117464,222.109745995733,220.672845926809,98.659790392955
Brie_Non-targetting_219,Non-targetting19,291.555739820052,275.670777988273,201.917460930428,559.215555560835
Brie_Non-targetting_862,Non-targetting_862,189.626269865307,229.786827247997,54.3623401935938,707.095202816556
Brie_Non-targetting_804,Non-targetting_804,193.229836984919,150.695036672346,152.158276246152,354.312908077973
Brie_Non-targetting_438,Non-targetting38,203.525743040954,194.079472586303,341.817322485066,454.103158475471
Brie_Non-targetting_261,Non-targetting61,151.703015892246,203.720458344961,361.720996358776,130.022440517883
Brie_Non-targetting_931,Non-targetting_931,167.490071844832,194.079472586303,330.143052232216,318.19834126745
Brie_Non-targetting_255,Non-targetting55,200.951766526946,200.149722878791,535.112616835523,516.068152055632
Brie_Non-targetting_847,Non-targetting_847,177.957576335134,156.0511398716,62.7831252940098,405.443531614977
Brie_Non-targetting_844,Non-targetting_844,213.306853794187,192.472641626527,185.267272209151,297.860137853103
Brie_Non-targetting_103,Non-targetting03,212.448861622851,157.657970831376,54.5537216731488,114.436153789131
Brie_Non-targetting_343,Non-targetting43,190.655860470911,208.898024770906,576.833779378492,753.093756333117
Brie_Non-targetting_193,Non-targetting93,251.401706201516,282.276638600686,530.902224285315,631.824842516729
Brie_Non-targetting_220,Non-targetting20,315.407922183199,259.602468390511,325.167133763789,521.580375410922
Brie_Non-targetting_722,Non-targetting_722,254.833674886861,271.742968975486,286.890837852807,147.509493920873
Brie_Non-targetting_426,Non-targetting26,221.88677550755,164.799441763715,451.670291749583,269.538714406956
Brie_Non-targetting_803,Non-targetting_803,183.620324665954,170.512618509586,494.156980210772,223.350084222971
Brie_Non-targetting_287,Non-targetting87,422.828542034495,374.223076854546,577.407923817157,970.161310531103
Brie_Non-targetting_767,Non-targetting_767,259.810029480611,251.032703271704,532.816039080864,468.54898519968
Brie_Non-targetting_821,Non-targetting_821,156.164575183194,153.551625045281,326.889567079783,248.25012765549
Brie_Non-targetting_268,Non-targetting68,164.744496896557,121.415005849757,60.6779290189058,177.921760708682
Brie_Non-targetting_117,Non-targetting17,290.697747648715,265.315645136382,617.215271564578,853.64431340031
Brie_Non-targetting_1000,Non-targetting000,73.110932997847,77.1378860692576,98.5714619707776,79.4620469831507
Brie_Non-targetting_652,Non-targetting_652,173.496017044186,176.939942348691,431.766617875872,303.752514543241
Brie_Non-targetting_682,Non-targetting_682,103.655454297417,119.808174889981,21.4447257101497,15.2161333939044
Brie_Non-targetting_286,Non-targetting86,201.809758698282,264.780034816456,1026.19749337342,192.557664100315
Brie_Non-targetting_189,Non-targetting89,194.259427590523,210.683392503991,1660.43571661838,253.952427678204
Brie_Non-targetting_307,Non-targetting07,222.573169244619,218.360473756255,255.695656685357,471.590211878461
Brie_Non-targetting_940,Non-targetting_940,140.892314533409,154.622845685132,103.930143398315,678.963856037833
Brie_Non-targetting_617,Non-targetting_617,165.087693765091,169.262861096426,167.086031651435,74.3299769627079
Brie_Non-targetting_721,Non-targetting_721,172.294828004315,156.0511398716,740.082181438829,1270.29236839329
Brie_Non-targetting_456,Non-targetting56,224.632350455826,215.146811836702,682.476356092802,492.118491960232
Brie_Non-targetting_995,Non-targetting_995,150.84502372091,120.343785209907,397.700714515099,118.237687137607
Brie_Non-targetting_273,Non-targetting73,199.578979052808,228.537069834837,112.350928498731,426.161888364172
Brie_Non-targetting_429,Non-targetting29,159.253347000005,148.195521846027,793.094851275538,178.111837376106
Brie_Non-targetting_745,Non-targetting_745,170.407245227376,157.657970831376,645.539730538704,427.872578370986
Brie_Non-targetting_597,Non-targetting_597,357.277940144407,312.806426836434,440.378784455843,652.733275933348
Brie_Non-targetting_364,Non-targetting64,229.093909746774,211.219002823916,545.447216731488,225.440927564633
Brie_Non-targetting_356,Non-targetting56,197.862994710135,202.470700931801,803.238069691949,732.375399583922
Brie_Non-targetting_314,Non-targetting14,233.383870603455,282.276638600686,803.046688212394,470.259675206495
Brie_Non-targetting_793,Non-targetting_793,131.454400648711,121.593542623066,946.00865343991,197.119504118486
Brie_Non-targetting_292,Non-targetting92,171.951631135781,166.227735950183,467.17219159353,219.168397539648
Brie_Non-targetting_902,Non-targetting_902,355.047160498933,323.518633234942,1150.78683656366,618.709552464487
Brie_Non-targetting_510,Non-targetting_510,189.626269865307,193.365325493069,495.496650567657,301.091441199308
Brie_Non-targetting_165,Non-targetting65,280.230243158413,281.562491507452,515.400324441367,582.214832319116
Brie_Non-targetting_366,Non-targetting66,143.294692613151,174.261890749064,218.37626817215,143.707960572397
Brie_Non-targetting_667,Non-targetting_667,217.596814650868,199.435575785557,1441.68668548712,935.377280392546
Brie_Non-targetting_831,Non-targetting_831,93.7027451099165,98.7408356395821,93.0213990636853,294.818911174322
Brie_Non-targetting_638,Non-targetting_638,168.519662450436,239.784886553271,160.196298387458,424.831351692205
Brie_Non-targetting_901,Non-targetting_901,268.046754325439,267.8151599627,593.675349579324,453.342851805776
Brie_Non-targetting_633,Non-targetting_633,228.750712878239,217.467789889712,151.775513287042,555.794175547207
Brie_Non-targetting_504,Non-targetting_504,287.608975831905,238.178055593495,552.336949995464,254.142504345628
Brie_Non-targetting_629,Non-targetting_629,219.141200559274,173.012133335904,320.191215295361,343.098384699969
Brie_Non-targetting_508,Non-targetting_508,250.886910898714,285.31176374693,347.367385392158,379.022874843068
Brie_Non-targetting_244,Non-targetting44,172.809623307117,179.796530721626,311.57904871539,249.010434325185
Brie_Non-targetting_904,Non-targetting_904,212.277263188584,168.548714003193,423.728595734566,175.83091736702
Brie_Non-targetting_594,Non-targetting_594,191.34225420798,176.225795255457,90.7248213090264,331.69378465454
Brie_Non-targetting_4,Non-targetting,152.904204932117,157.836507604685,140.484005993302,477.292511901175
Brie_Non-targetting_675,Non-targetting_675,130.596408477374,161.585779844162,72.1608177922003,171.079000681425
Brie_Non-targetting_410,Non-targetting10,341.662482626088,349.942075684595,437.316680782965,850.793163388953
Brie_Non-targetting_834,Non-targetting_834,153.247401800651,159.978948884386,369.376255540972,126.601060504254
Brie_Non-targetting_437,Non-targetting37,164.916095330824,172.29798624267,189.477664759359,725.722716224089
Brie_Non-targetting_744,Non-targetting_744,203.18254617242,199.792649332174,296.459911830552,1084.96761765508
Brie_Non-targetting_281,Non-targetting81,88.7263905161664,88.742776334308,171.105042722088,282.654004459199
Brie_Non-targetting_359,Non-targetting59,203.010947738152,206.755583491204,193.879438789122,256.043271019866
Brie_Non-targetting_433,Non-targetting33,161.312528211212,149.802352805804,47.4726069296172,191.037050760924
Brie_Non-targetting_970,Non-targetting_970,121.330093026943,131.948675474957,96.6576471752285,252.811967673661
Brie_Non-targetting_922,Non-targetting_922,183.791923100221,224.966334368668,667.739982167074,548.381185517679
Brie_Non-targetting_869,Non-targetting_869,194.087829156256,159.086265017844,479.420606285044,208.524104163915
Brie_Non-targetting_41,Non-targetting1,175.040402952591,193.722399039686,629.463686256092,303.752514543241
Brie_Non-targetting_905,Non-targetting_905,221.543578639015,186.938001653965,945.6258904808,177.731684041258
Brie_Non-targetting_893,Non-targetting_893,167.833268713367,191.222884213368,606.115145750393,374.270958157473
Brie_Non-targetting_786,Non-targetting_786,203.525743040954,179.082383628392,259.71466775601,55.5123868877512
Brie_Non-targetting_304,Non-targetting04,210.904475714446,190.508737120134,302.2013562172,362.296128109773
Brie_Non-targetting_183,Non-targetting83,264.957982508628,277.634682494666,408.609458849728,451.442085131538
Brie_Non-targetting_977,Non-targetting_977,108.288612022632,103.204254972294,7.66525918219632,28.5215001135708
Brie_Non-targetting_604,Non-targetting_604,314.378331577595,255.317585831107,404.590447779075,331.69378465454
Brie_Non-targetting_567,Non-targetting_567,206.27131798923,285.133226973621,1782.91986353352,425.5916583619
Brie_Non-targetting_412,Non-targetting12,193.229836984919,229.42975370138,216.462453376601,76.230743636946
Brie_Non-targetting_154,Non-targetting54,283.662211843758,246.747820712301,854.145543253554,344.618998039359
Brie_Non-targetting_593,Non-targetting_593,63.8446175474157,58.5700616451771,55.3192475913684,0.200076667423805
Brie_Non-targetting_89,Non-targetting_89,139.347928625004,161.942853390779,616.641127125913,431.674111719462
Brie_Non-targetting_94,Non-targetting_94,186.709096482764,230.322437567922,610.325538300601,1038.58891080367
Brie_Non-targetting_488,Non-targetting88,223.945956718757,206.219973171279,131.680457933777,33.6535701340135
Brie_Non-targetting_839,Non-targetting_839,263.070399731689,220.859988582573,448.416806597149,344.618998039359
Brie_Non-targetting_139,Non-targetting39,255.005273321128,247.283431032226,645.922493497814,295.959371178865
Brie_Non-targetting_24,Non-targetting4,128.3656288319,133.019896114808,162.875639101227,8.75352670149505
chr1_1469,chr1469,201.29496339548,212.111686690458,352.91744829925,663.567645976505
chr12_349,chr1249,129.395219437504,151.587720538888,128.809735740453,147.319417253449
chr9_445,chr945,159.081748565737,154.265772138515,71.7780548330905,208.714180831338
chr8_354,chr854,184.649915271557,202.292164158493,393.681703444446,506.184165349594
chr8_793,chr8_793,133.170384991383,128.556476782096,0.392762959109816,157.013327292063
chr7_204,chr704,213.993247531256,227.287312421678,158.473865071464,143.707960572397
chr9_480,chr980,78.2588860258644,54.1066423124654,85.5575213610438,3.24130334620469
chr9_351,chr951,108.117013588365,88.2071660143826,4.7945369888727,676.3027826939
chr2_528,chr2_528,89.7559811217699,116.594512970429,18.5740035168261,191.607280763196
chr9_282,chr982,212.620460057118,209.61217186414,51.1088550411604,48.0993968582228
chr9_760,chr9_760,182.59073406035,158.729191471227,383.538485028035,346.709841381021
chr15_51,chr15_51,188.425080825437,166.227735950183,353.108829778805,56.0826168900226
chr5_133,chr533,214.679641268325,195.68630354608,351.960540901476,362.866358112045
chr6_368,chr668,156.850968920263,152.301867632122,236.174745770756,177.35153070641
chr3_339,chr339,95.7619263211235,133.198432888116,80.9643658517261,685.236386062818
chr9_764,chr9_764,254.490478018326,249.782945858545,145.84268742084,434.715338398243
chr10_143,chr1043,257.40765140087,214.789738290085,61.6348364166804,254.902811015323
chr18_546,chr18_546,279.543849421344,246.212210392376,148.139265175499,617.569092459944
chr6_403,chr603,95.0755325840545,91.7779014805519,468.32048047086,623.271392482658
chr9_244,chr944,200.265372789876,169.97700818966,661.998537780426,368.758734802182
chr1_1486,chr1486,457.319827322212,357.44062016355,211.677916387728,697.211216110518
chr18_503,chr18_503,165.602489067893,233.536099487474,319.808452336251,177.921760708682
chr18_188,chr1888,181.561143454747,181.046288134785,128.809735740453,392.328241562734
chr17_83,chr17_83,224.289153587291,231.036584661156,817.591680658567,855.925233409396
chr1_864,chr1_864,193.573033853454,205.684362851354,370.333162938747,22.6291234234328
chr18_454,chr1854,111.892179142245,119.629638116673,385.835062782694,257.75396102668
chr5_266,chr566,138.661534887935,139.625756727221,65.0797030486687,0.01
chr4_268,chr468,134.886369334056,155.336992778366,422.388925377682,451.252008464114
chr6_331,chr631,172.294828004315,176.404332028765,99.1456064094423,192.937817435162
chr4_519,chr4_519,181.904340323281,128.735013555404,206.893379398855,216.507324195714
chr6_792,chr6_792,157.880559525867,156.408213418217,23.9326849443635,140.096503891345
chr10_243,chr1043,66.0753971928899,92.3135118004773,161.535968744342,205.672954152557
chr18_211,chr1811,129.395219437504,174.61896429568,172.827476038082,454.103158475471
chr12_267,chr1267,206.786113292032,181.403361681402,487.075865467241,379.593104845339
chr1_1560,chr1560,172.981221741384,169.441397869735,12.2584146915141,64.2559135892462
chr12_168,chr1268,147.413055035565,129.984770968564,94.9352138592343,40.4963301612705
chr1_493,chr193,216.395625610998,239.070739460037,729.938963022419,1421.78347233006
chr2_223,chr223,118.4129196444,119.094027796747,127.470065383569,467.788678529985
chr6_420,chr620,165.77408750216,156.0511398716,97.4231730934481,442.698558430043
chrX_256,chrX56,147.584653469832,141.946734780231,161.918731703452,278.092164441027
chr1_1639,chr1639,150.158629983841,155.336992778366,207.46752383752,356.783904754483
chr13_302,chr1302,154.448590840522,210.504855730682,333.01377442554,130.212517185307
chr1_447,chr147,147.756251904099,135.697947714435,218.950412610815,456.574155151981
chr12_512,chr12_512,161.827323514013,209.076561544215,182.970694454492,632.014919184153
chr12_520,chr12_520,155.306583011858,112.488167184334,140.866768952412,371.229731478692
chrY_71,chrY_71,153.762197103453,210.861929277299,693.193718947877,443.458865099738
chr3_206,chr306,110.690990102374,139.447219953913,99.3369878889972,9.70391003861407
chr12_235,chr1235,120.128903987072,139.804293500529,258.94914183779,107.40331709445
chr14_189,chr1489,78.9452797629333,66.6042164440581,27.1861700967969,43.1574035052038
chr9_213,chr913,250.54371403018,205.862899624662,94.1696879410147,465.697835188323
chr6_572,chr6_572,138.833133322202,105.346696251995,119.240661762708,691.698992755228
chr2_276,chr276,112.063777576512,128.556476782096,53.5968142753742,12.3649833825474
chr10_222,chr1022,157.537362657332,212.468760237075,456.837591697565,640.568369218224
chr1_1464,chr1464,206.786113292032,250.497092951779,1022.75262674143,717.169266190018
chr1_927,chr1_927,133.685180294185,179.975067494934,0.392762959109816,7.2329133621046
chr6_316,chr616,151.359819023711,163.371147577247,32.9276144834442,299.380751192494
chr6_242,chr642,120.472100855607,170.869692056203,647.262163854699,519.109378734413
chr1_1372,chr1372,309.573575418112,289.239572759716,310.239378358506,107.593393761874
chrX_316,chrX16,99.1938950064684,99.6335195061244,78.4764066175123,55.5123868877512
chr6_193,chr693,144.324283218754,133.019896114808,139.335717115973,264.026491051666
chr9_261,chr961,206.27131798923,185.15263392088,204.596801644197,588.677439011525
chr1_1467,chr1467,239.046618934274,209.61217186414,544.107546374603,315.917421258365
chr15_46,chr156,149.300637812504,168.548714003193,46.1329365727328,234.184454266128
chr2_512,chr2_512,100.909879349141,105.703769798612,93.2127805432402,196.929427451062
chr1_1290,chr1290,221.200381770481,209.255098317523,154.837616959921,193.698124104858
chr5_414,chr514,145.697070692892,127.306719368937,496.836320924541,168.417927337492
chr12_372,chr1272,196.661805670264,227.10877564837,350.812252024146,650.642432591686
chr1_903,chr1_903,121.158494592676,139.982830273838,306.411748767408,86.8750370126791
chr7_196,chr796,123.732471106685,149.266742485878,579.704501571816,223.160007555548
chr18_340,chr1840,170.407245227376,120.343785209907,66.9935178442178,415.517594988439
chr6_768,chr6_768,158.052157960134,160.69309597762,481.334421080593,511.126158702613
chr2_280,chr280,142.779897310349,113.202314277568,578.556212694487,340.437311356035
chr1_1615,chr1615,236.8158392888,294.774212732279,394.829992321775,133.633897198935
chr1_582,chr1_582,146.383464429961,138.911609633987,508.51059117739,132.303360526969
chr8_292,chr892,117.898124341598,98.0266885463482,477.889554448605,351.841911401464
chr1_1268,chr1268,142.779897310349,144.981859926475,309.856615399396,84.2139636687458
chr12_514,chr12_514,203.525743040954,179.082383628392,201.534697971318,201.681344136658
chr2_509,chr2_509,152.904204932117,138.018925767445,44.0277402976288,196.549274116215
chr8_251,chr851,202.152955566816,175.690184935531,477.31541000994,759.176209690679
chr2_339,chr239,196.490207235997,186.402391334039,311.19628575628,541.918578825269
chr4_544,chr4_544,165.087693765091,161.764316617471,321.530885652245,245.398977644133
chr18_453,chr1853,81.3476578426748,96.419857586572,133.402891249771,28.7115767809946
chr2_490,chr290,161.312528211212,147.124301206177,163.449783539891,37.074950147642
chr6_415,chr615,74.6553189062522,126.056961955778,423.154451295901,65.3963735937891
chr12_565,chr12_565,187.223891785566,197.114597732547,409.374984767948,250.150894329728
chr4_245,chr445,180.874749717678,219.967304716031,288.613271168801,160.814860640539
chr1_1299,chr1299,202.496152435351,115.523292330578,7.2824962230865,34.9841068059802
chr12_327,chr1227,173.324418609919,162.478463710705,653.577752680011,107.40331709445
chr1_1571,chr1571,184.47831683729,154.622845685132,113.88198033517,280.753237784961
chr1_432,chr132,60.2410504278035,31.4324721022901,27.3775515763518,46.0085535165609
chr2_271,chr271,119.957305552805,105.882306571921,452.244436188247,64.8261435915176
chr4_189,chr489,180.188355980609,196.75752418593,66.4193734055531,20.1581267469234
chr18_243,chr1843,125.620053883624,137.840388994136,151.775513287042,375.791571496863
chr3_316,chr316,66.5901924956916,77.673496389183,15.8946628030574,383.394638193815
chr5_226,chr526,156.164575183194,186.402391334039,793.286232755093,442.508481762619
chr10_297,chr1097,168.691260884703,169.619934643043,131.680457933777,16.1665167310235
chr9_191,chr991,97.3063122295287,101.240350465901,246.509345666721,100.940710402041
chr3_348,chr348,96.9631153609942,91.5993647072434,380.093618396047,203.582110810896
chr15_48,chr158,233.555469037722,236.571224633718,169.573990885648,205.29280081771
chr10_447,chr1047,142.608298876082,181.403361681402,253.590460410253,56.0826168900226
chr9_216,chr916,161.140929776944,143.553565740007,204.788183123751,523.671218752584
chr1_1768,chr1768,266.673966851301,281.74102828076,413.968140277266,268.208177734989
chr7_181,chr781,131.111203780176,148.374058619336,145.268542982175,268.398254402413
chr4_525,chr4_525,136.773952110995,125.342814862544,49.960566163831,272.579941085737
chr1_901,chr1_901,104.341848034486,112.666703957643,521.141768828014,214.606557521476
chr9_304,chr904,175.555198255393,197.650208052473,650.707030486687,189.896590756382
chr3_313,chr313,223.08796454742,170.869692056203,513.295128166263,1207.56706814344
chr1_1269,chr1269,192.028647945049,174.797501068989,174.932672313186,402.022151601348
chr9_670,chr9_670,200.608569658411,193.900935812995,280.38386754794,367.048044795368
chr1_1801,chr1801,162.513717251082,155.872603098291,438.273588180739,723.061642880156
chr6_437,chr637,122.016486764012,133.734043208042,84.0264695246046,23.5795067605519
chr1_957,chr1_957,132.483991254314,115.34475555727,156.177287316805,108.733853766417
chr1_1323,chr1323,232.011083129317,224.78779759536,268.135452856426,742.829616292231
chr1_1346,chr1346,77.5724922887954,55.3563997256247,423.154451295901,231.333304254771
chr6_697,chr6_697,189.797868299574,249.068798765311,246.892108625831,389.477091551377
chr9_669,chr9_669,120.472100855607,68.5681209504512,0.201381479554908,236.655450942638
chr1_822,chr1_822,207.644105463368,205.684362851354,432.723525273647,154.922483950401
chr6_499,chr699,201.638160264014,213.539980876926,358.276129726788,178.111837376106
chr2_333,chr233,221.88677550755,226.216091781827,329.377526313997,319.718954606841
chr7_166,chr766,122.531282066814,140.518440593763,4.7945369888727,266.497487728175
chr13_155,chr1355,135.744361505392,120.165248436598,1191.16832874975,281.513544454656
chr5_207,chr507,87.6967999105629,67.318363537292,409.566366247503,536.596432137403
chr1_697,chr1_697,248.65613125324,175.154574615606,651.281174925352,184.194290733667
chr8_775,chr8_775,59.7262551250017,67.1398267639835,191.008716595798,368.188504799911
chr18_214,chr1814,141.063912967677,107.846211078314,88.0454805952576,31.7528034597755
chr3_106,chr306,105.028241771555,138.911609633987,882.087239268571,152.451487273892
chr3_343,chr343,130.081613174573,124.807204542618,33.5017589221089,182.293524059429
chr5_148,chr548,107.945415154098,145.338933473092,22.975777546589,48.859703527918
chr8_180,chr880,94.9039341497872,80.35154798881,20.1050553532653,190.276744091229
chr13_349,chr1349,113.264966616383,102.49010787906,75.9884473832985,159.104170633725
chr4_246,chr446,285.034999317896,286.204447613472,312.535956113165,898.692483579752
chr9_742,chr9_742,126.478046054961,120.700858756524,280.76663050705,139.146120554226
chrX_132,chrX32,93.8743435441838,66.2471428974412,214.548638581052,303.942591210665
chr13_324,chr1324,186.880694917031,175.86872170884,357.510603808568,130.592670520154
chrX_157,chrX57,203.18254617242,254.424901964565,131.106313495112,798.522079847406
chr18_178,chr1878,155.82137831466,119.272564570056,399.040384871983,287.786074479641
chr5_183,chr583,183.620324665954,162.121390164088,163.832546499001,322.18995128335
chr9_678,chr9_678,115.667344696124,141.054050913689,53.2140513162644,39.3558701567277
chr1_471,chr171,216.052428742463,146.588690886251,130.532169056447,567.769005594907
chr1_609,chr1_609,155.306583011858,142.12527155354,186.224179606925,569.479695601721
chr12_602,chr12_602,272.508313616387,267.458086416083,557.887012902557,430.723728382343
chr5_119,chr519,105.886233942891,106.060843345229,142.780583747961,250.721124331999
chr18_280,chr1880,57.838672348062,81.2442318553524,0.01,129.452210515611
chr1_1365,chr1365,230.466697220912,204.077531891577,1291.83498699563,1323.32375860453
chr8_766,chr8_766,182.762332494617,158.37211792461,439.804640017178,156.443097289792
chr13_265,chr1365,191.685451076514,207.648267357747,4.22039255020797,0.200076667423805
chr1_780,chr1_780,192.715041682118,154.979919231749,233.495405056988,231.333304254771
chr4_143,chr443,85.8092171336232,74.4598344696306,58.189969784692,70.7185202816556
chr6_263,chr663,119.614108684271,133.019896114808,393.681703444446,69.5780602771128
chr8_275,chr875,154.620189274789,194.079472586303,182.970694454492,970.351387198526
chr7_135,chr735,129.738416306038,117.844270383588,535.303998315077,208.143950829067
chr15_58,chr15_58,148.099448772634,132.841359341499,26.2292626990224,212.135560844967
chr6_235,chr635,56.6374833081913,64.4617751643565,84.9833769223791,85.92465367556
chr8_288,chr888,90.7855717273733,108.203284624931,21.8274886692595,160.054553970844
chr1_1463,chr1463,186.880694917031,169.619934643043,114.073361814725,93.7177970399361
chr2_209,chr209,127.16443979203,118.558417476822,381.624670232486,203.772187478319
chr6_803,chr6_803,185.851104311428,189.616053253592,343.92251876017,236.845527610062
chr2_130,chr230,149.815433115306,128.913550328713,1933.72846942279,421.409971678577
chr6_181,chr681,95.9335247553907,86.2432615079894,149.287554052828,208.334027496491
chr12_151,chr1251,174.868804518324,155.694066324983,349.855344626372,210.614947505576
chr1_521,chr1_521,295.845700676733,249.604409085236,425.83379200967,228.862307578262
chr4_147,chr447,174.182410781255,180.867751361477,68.9073326397669,690.368456083261
chr1_1787,chr1787,155.82137831466,146.76722765956,172.253331599417,108.733853766417
chr19_44,chr194,271.478723010784,331.552788033823,648.219071252473,335.875471337864
chr8_748,chr8_748,130.25321160884,121.05793230314,0.201381479554908,16.1665167310235
chr6_238,chr638,92.5015560700458,77.4949596158746,79.2419325357319,47.909320190799
chr1_1382,chr1382,225.318744192894,259.602468390511,429.278658641658,24.5298900976709
chr10_220,chr1020,151.531417457979,102.49010787906,202.108842409983,86.1147303429838
chr1_1204,chr1204,74.4837204719849,104.275475612145,44.4105032567386,40.1161768264229
chr8_359,chr859,101.59627308621,104.454012385453,187.372468484255,164.236240654168
chr6_351,chr651,232.697476866386,218.89608407618,278.661434231946,781.985409781535
chr18_539,chr18_539,186.194301179962,167.477493363342,54.7451031527037,62.545223582432
chr1_1625,chr1625,126.649644489228,134.269653527967,277.321763875062,369.519041471878
chr19_50,chr19_50,186.194301179962,130.163307741872,86.1316657997086,265.547104391056
chr10_110,chr1010,151.188220589444,165.513588856949,289.378797087021,281.323467787232
chr4_559,chr4_559,172.809623307117,154.801382458441,294.163334075893,102.461323741431
chr1_1727,chr1727,144.495881653021,159.621875337769,51.87438095938,447.640551783062
chr19_54,chr19_54,238.875020500007,238.535129140112,60.295166059796,327.322021303793
chr8_340,chr840,237.159036157334,221.21706212919,259.140523317345,443.268788432314
chr12_185,chr1285,208.502097634704,191.044347440059,46.8984624909524,79.6521236505745
chr14_182,chr1482,137.288747413797,128.020866462171,247.466253064496,515.307845385936
chr7_115,chr715,113.093368182115,110.167189131324,185.841416647816,233.994377598704
chr18_247,chr1847,122.359683632547,149.08820571257,312.34457463361,211.565330842695
chr12_193,chr1293,209.531688240308,158.193581151302,268.900978774646,102.841477076279
chr6_175,chr675,192.371844813583,202.64923770511,1074.61700770081,277.902087773603
chr14_62,chr14_62,194.945821327592,182.474582321253,42.4966884611896,314.016654584127
chr15_59,chr15_59,172.809623307117,159.800412111078,77.3281177401828,0.200076667423805
chr1_564,chr1_564,129.738416306038,149.980889579112,37.9035329518718,13.695520054514
chr18_241,chr1841,181.904340323281,164.442368217098,35.6069551972129,56.652846892294
chr1_1763,chr1763,159.939740737074,180.689214588168,288.421889689246,72.4292102884699
chr9_616,chr9_616,212.792058491385,231.036584661156,148.713409614163,616.048479120553
chr3_115,chr315,187.910285522635,164.442368217098,135.508087524875,82.8834269967792
chr8_701,chr8_701,197.519797841601,251.56831359163,939.501683135043,132.683513861816
chr9_348,chr948,219.141200559274,259.245394843894,40.2001107065307,35.174183473404
chr8_794,chr8_794,125.448455449357,153.73016181859,25.4637367808028,112.91554044974
chrX_122,chrX22,139.862723927806,128.377940008788,306.603130246963,343.66861470224
chrX_306,chrX06,189.969466733842,176.047258482148,180.482735220278,424.261121689934
chr8_198,chr898,137.460345848064,121.950616169683,194.836346186896,308.314354561412
chr1_1669,chr1669,198.377790012937,172.655059789287,458.560025013559,120.89876048154
chr1_1322,chr1322,243.508178225223,188.544832613741,296.268530350997,111.585003777774
